Sample_ID,Peptide_ID,AMP_family,AMP_probability,Hemolytic,Hemolytic_probability,Category
316_Langre,15490_10,CDP,"0,594",Hemo,"0,871",dairy
380_Stawley,31985_1,CLP,"0,525",Hemo,"0,693",dairy
380_Stawley,33309_5,CDP,"0,525",NonHemo,"0,436",dairy
626_Red_Hawk,10433_4,CLP,"0,505",Hemo,"0,832",dairy
917_Abondance,37046_1,CLP,"0,515",Hemo,"0,574",dairy
932_Robiola_due_Latte,104503_1,CLP,"0,515",Hemo,"0,624",dairy
950_Rush_Creek,14911_1,CDP,"0,574",Hemo,"0,772",dairy
CSB600_TAGCTT.R,154439_1,CDP,"0,584",NonHemo,"0,465",dairy
CSB729_ATGTCA.R,774_1,CDP,"0,515",NonHemo,"0,356",dairy
CSB739_GTGAAA.R,45_2,CLP,"0,515",Hemo,"0,673",dairy
CSB888_CGTACG.R,13582_2,CLP,"0,515",Hemo,"0,673",dairy
CSB962_ACTGAT.R,27508_1,CLP,"0,604",Hemo,"0,891",dairy
DRR205701,DRR205701_89899_1,CLP,"0,604",Hemo,"0,614",alcohol
DRR205702,DRR205702_4270_3,CDP,"0,535",NonHemo,"0,356",alcohol
DRR205702,DRR205702_16753_2,CLP,"0,515",NonHemo,"0,327",alcohol
DRR205702,DRR205702_123981_1,CLP,"0,584",Hemo,"0,812",alcohol
DRR205702,DRR205702_125480_1,CDP,"0,545",NonHemo,"0,446",alcohol
DRR205703,DRR205703_2981_3,CLP,"0,564",Hemo,"0,851",alcohol
DRR205703,DRR205703_251835_1,CLP,"0,693",NonHemo,"0,416",alcohol
DRR205703,DRR205703_264782_1,CLP,"0,604",Hemo,"0,614",alcohol
ERR10695317,ERR10695317_2061_5,CDP,"0,525",NonHemo,"0,436",dairy
ERR10695317,ERR10695317_4829_1,CLP,"0,584",Hemo,"0,594",dairy
ERR10695318,ERR10695318_22_5,CDP,"0,505",NonHemo,"0,406",dairy
ERR10695318,ERR10695318_5674_2,CDP,"0,525",NonHemo,"0,436",dairy
ERR10695318,ERR10695318_7504_1,CLP,"0,535",Hemo,"0,752",dairy
ERR10695318,ERR10695318_45394_1,CLP,"0,505",NonHemo,"0,446",dairy
ERR10695318,ERR10695318_46481_1,CDP,"0,584",NonHemo,"0,455",dairy
ERR10695319,ERR10695319_1558_6,CDP,"0,525",NonHemo,"0,436",dairy
ERR10695319,ERR10695319_25375_1,CDP,"0,584",NonHemo,"0,455",dairy
ERR10695319,ERR10695319_32463_2,CLP,"0,515",Hemo,"0,673",dairy
ERR10695320,ERR10695320_59147_1,CLP,"0,525",Hemo,"0,693",dairy
ERR10695320,ERR10695320_74901_1,CLP,"0,584",Hemo,"0,594",dairy
ERR10695321,ERR10695321_10133_1,CLP,"0,604",Hemo,"0,891",dairy
ERR10695321,ERR10695321_33004_1,CLP,"0,515",Hemo,"0,673",dairy
ERR10695322,ERR10695322_184612_2,CLP,"0,515",Hemo,"0,673",dairy
ERR10695322,ERR10695322_254494_1,CLP,"0,515",Hemo,"0,574",dairy
ERR10695324,ERR10695324_5794_21,CLP,"0,624",Hemo,"0,535",dairy
ERR10695324,ERR10695324_85828_1,CLP,"0,515",Hemo,"0,574",dairy
ERR10704941,ERR10704941_9382_2,CDP,"0,525",NonHemo,"0,436",dairy
ERR10704941,ERR10704941_12620_2,CLP,"0,535",Hemo,"0,594",dairy
ERR10704941,ERR10704941_71080_1,CDP,"0,584",NonHemo,"0,455",dairy
ERR10704941,ERR10704941_73902_1,CLP,"0,505",NonHemo,"0,446",dairy
ERR10704943,ERR10704943_1324_4,CLP,"0,842",Hemo,"0,99",dairy
ERR10704943,ERR10704943_79016_4,CDP,"0,525",NonHemo,"0,436",dairy
ERR10704943,ERR10704943_150118_2,CLP,"0,515",Hemo,"0,673",dairy
ERR10704945,ERR10704945_2641_2,CDP,"0,525",NonHemo,"0,436",dairy
ERR10704946,ERR10704946_238385_1,CLP,"0,515",Hemo,"0,574",dairy
ERR10704948,ERR10704948_40176_1,CLP,"0,515",Hemo,"0,574",dairy
ERR10704948,ERR10704948_64147_2,CLP,"0,515",Hemo,"0,673",dairy
ERR10704951,ERR10704951_893_8,CLP,"0,624",Hemo,"0,535",dairy
ERR10736384,ERR10736384_9083_4,CLP,"0,535",NonHemo,"0,495",dairy
ERR10736384,ERR10736384_9195_6,CDP,"0,525",NonHemo,"0,436",dairy
ERR10736384,ERR10736384_10932_1,CDP,"0,505",NonHemo,"0,406",dairy
ERR10736384,ERR10736384_11761_1,CDP,"0,505",Hemo,"0,713",dairy
ERR10736385,ERR10736385_41295_1,CLP,"0,584",NonHemo,"0,455",dairy
ERR10736387,ERR10736387_16331_1,CDP,"0,594",Hemo,"0,624",dairy
ERR10736387,ERR10736387_22489_1,CDP,"0,515",NonHemo,"0,307",dairy
ERR10736389,ERR10736389_8072_3,CLP,"0,515",Hemo,"0,772",dairy
ERR10736389,ERR10736389_88350_1,CDP,"0,604",NonHemo,"0,495",dairy
ERR10736390,ERR10736390_267_32,CLP,"0,515",Hemo,"0,772",dairy
ERR10736391,ERR10736391_29226_1,CDP,"0,545",Hemo,"0,802",dairy
ERR10736391,ERR10736391_44919_1,CLP,"0,515",Hemo,"0,574",dairy
ERR10736392,ERR10736392_12025_1,CLP,"0,604",Hemo,"0,891",dairy
ERR10736392,ERR10736392_53133_1,CLP,"0,624",Hemo,"0,901",dairy
ERR10736392,ERR10736392_197199_2,CLP,"0,515",Hemo,"0,673",dairy
ERR10736393,ERR10736393_10802_5,CLP,"0,703",Hemo,"0,653",dairy
ERR10736393,ERR10736393_11165_11,CLP,"0,515",Hemo,"0,772",dairy
ERR10736394,ERR10736394_76982_1,CDP,"0,663",Hemo,"0,505",dairy
ERR10736394,ERR10736394_208314_1,CLP,"0,604",Hemo,"0,891",dairy
ERR10736394,ERR10736394_711256_1,CLP,"0,515",Hemo,"0,673",dairy
ERR11550496,ERR11550496_23_5,CDP,"0,505",NonHemo,"0,406",dairy
ERR11550496,ERR11550496_306_2,CDP,"0,525",NonHemo,"0,436",dairy
ERR11550496,ERR11550496_26568_1,CLP,"0,505",NonHemo,"0,446",dairy
ERR11550496,ERR11550496_32740_1,CDP,"0,584",NonHemo,"0,455",dairy
ERR11550496,ERR11550496_34975_1,CLP,"0,535",Hemo,"0,752",dairy
ERR11581406,ERR11581406_11522_1,CLP,"0,535",Hemo,"0,673",dairy
ERR11581406,ERR11581406_15391_5,CDP,"0,525",NonHemo,"0,436",dairy
ERR11581408,ERR11581408_21264_3,CLP,"0,624",Hemo,"0,535",dairy
ERR11581408,ERR11581408_41845_3,CDP,"0,663",Hemo,"0,505",dairy
ERR11581409,ERR11581409_130556_1,CLP,"0,515",Hemo,"0,673",dairy
ERR11581409,ERR11581409_176801_1,CLP,"0,515",Hemo,"0,574",dairy
ERR11718191,ERR11718191_1295_1,CDP,"0,515",NonHemo,"0,356",dairy
ERR11718198,ERR11718198_14408_3,CDP,"0,515",NonHemo,"0,356",dairy
ERR11718203,ERR11718203_1679_3,CDP,"0,515",NonHemo,"0,356",dairy
ERR11865277,ERR11865277_1871_1,CDP,"0,515",NonHemo,"0,356",dairy
ERR11865278,ERR11865278_773_2,CDP,"0,515",NonHemo,"0,356",dairy
ERR11865278,ERR11865278_805_4,CLP,"0,554",NonHemo,"0,465",dairy
ERR11865285,ERR11865285_564_1,CDP,"0,515",NonHemo,"0,356",dairy
ERR11865285,ERR11865285_2392_2,CLP,"0,535",NonHemo,"0,495",dairy
ERR11865287,ERR11865287_1131_3,CDP,"0,515",NonHemo,"0,356",dairy
ERR11865288,ERR11865288_290_2,CDP,"0,515",NonHemo,"0,356",dairy
ERR11865288,ERR11865288_2345_2,CLP,"0,535",NonHemo,"0,495",dairy
ERR11865289,ERR11865289_298_3,CDP,"0,515",NonHemo,"0,356",dairy
ERR11865289,ERR11865289_1259_5,CLP,"0,535",NonHemo,"0,495",dairy
ERR11865290,ERR11865290_701_2,CDP,"0,515",NonHemo,"0,356",dairy
ERR11865292,ERR11865292_3238_3,CDP,"0,515",NonHemo,"0,356",dairy
ERR11865293,ERR11865293_260_2,CDP,"0,515",NonHemo,"0,356",dairy
ERR11865294,ERR11865294_5374_3,CDP,"0,515",NonHemo,"0,356",dairy
ERR11865295,ERR11865295_575_3,CDP,"0,515",NonHemo,"0,356",dairy
ERR11865298,ERR11865298_2434_1,CDP,"0,515",NonHemo,"0,356",dairy
ERR11865300,ERR11865300_485_3,CDP,"0,515",NonHemo,"0,356",dairy
ERR11865300,ERR11865300_1553_2,CLP,"0,535",NonHemo,"0,495",dairy
ERR11865301,ERR11865301_725_3,CDP,"0,515",NonHemo,"0,356",dairy
ERR11865301,ERR11865301_1021_2,CLP,"0,535",NonHemo,"0,495",dairy
ERR11865301,ERR11865301_5468_1,CLP,"0,545",Hemo,"0,891",dairy
ERR11865302,ERR11865302_1335_2,CDP,"0,515",NonHemo,"0,356",dairy
ERR11865303,ERR11865303_1954_3,CDP,"0,515",NonHemo,"0,356",dairy
ERR11865303,ERR11865303_3686_2,CLP,"0,535",NonHemo,"0,495",dairy
ERR11865304,ERR11865304_504_4,CLP,"0,535",NonHemo,"0,495",dairy
ERR11865305,ERR11865305_465_4,CLP,"0,535",NonHemo,"0,495",dairy
ERR11865305,ERR11865305_2176_1,CDP,"0,515",NonHemo,"0,356",dairy
ERR11865306,ERR11865306_519_3,CDP,"0,515",NonHemo,"0,356",dairy
ERR11865306,ERR11865306_2007_4,CLP,"0,535",NonHemo,"0,495",dairy
ERR11865307,ERR11865307_1511_3,CDP,"0,515",NonHemo,"0,356",dairy
ERR11865307,ERR11865307_2802_4,CLP,"0,535",NonHemo,"0,495",dairy
ERR11865308,ERR11865308_849_2,CDP,"0,515",NonHemo,"0,356",dairy
ERR11865309,ERR11865309_2020_2,CDP,"0,515",NonHemo,"0,356",dairy
ERR11865310,ERR11865310_1878_2,CDP,"0,515",NonHemo,"0,356",dairy
ERR11865311,ERR11865311_1799_3,CDP,"0,515",NonHemo,"0,356",dairy
ERR11865311,ERR11865311_6381_1,CDP,"0,554",NonHemo,"0,465",dairy
ERR11865312,ERR11865312_195_3,CDP,"0,515",NonHemo,"0,356",dairy
ERR11865312,ERR11865312_460_5,CLP,"0,535",NonHemo,"0,495",dairy
ERR11865313,ERR11865313_510_2,CDP,"0,515",NonHemo,"0,356",dairy
ERR11865313,ERR11865313_615_2,CLP,"0,535",NonHemo,"0,495",dairy
ERR11865314,ERR11865314_122_2,CLP,"0,535",NonHemo,"0,495",dairy
ERR11865314,ERR11865314_164_2,CDP,"0,515",NonHemo,"0,356",dairy
ERR11865315,ERR11865315_409_5,CLP,"0,535",NonHemo,"0,495",dairy
ERR11865315,ERR11865315_688_4,CLP,"0,554",NonHemo,"0,465",dairy
ERR11865315,ERR11865315_1424_3,CDP,"0,515",NonHemo,"0,356",dairy
ERR11865316,ERR11865316_2574_1,CDP,"0,515",NonHemo,"0,356",dairy
ERR11865317,ERR11865317_129_2,CDP,"0,515",NonHemo,"0,356",dairy
ERR11865317,ERR11865317_1627_2,CLP,"0,535",NonHemo,"0,495",dairy
ERR11865318,ERR11865318_1172_2,CDP,"0,515",NonHemo,"0,356",dairy
ERR11865318,ERR11865318_3417_4,CLP,"0,535",NonHemo,"0,495",dairy
ERR11865319,ERR11865319_1709_2,CDP,"0,515",NonHemo,"0,356",dairy
ERR11865322,ERR11865322_25215_1,CLP,"0,545",Hemo,"0,891",dairy
ERR11865323,ERR11865323_577_1,CDP,"0,515",NonHemo,"0,356",dairy
ERR11865324,ERR11865324_979_1,CDP,"0,515",NonHemo,"0,356",dairy
ERR11865325,ERR11865325_1235_3,CDP,"0,515",NonHemo,"0,356",dairy
ERR11865325,ERR11865325_2369_2,CLP,"0,535",NonHemo,"0,495",dairy
ERR11865326,ERR11865326_416_5,CLP,"0,535",NonHemo,"0,495",dairy
ERR11865327,ERR11865327_477_5,CLP,"0,535",NonHemo,"0,495",dairy
ERR11865327,ERR11865327_535_3,CDP,"0,515",NonHemo,"0,356",dairy
ERR11865328,ERR11865328_5608_3,CDP,"0,515",NonHemo,"0,356",dairy
ERR11865329,ERR11865329_1474_2,CDP,"0,515",NonHemo,"0,356",dairy
ERR11865330,ERR11865330_1069_3,CDP,"0,515",NonHemo,"0,356",dairy
ERR11865331,ERR11865331_523_2,CDP,"0,515",NonHemo,"0,356",dairy
ERR11865331,ERR11865331_3269_2,CLP,"0,535",NonHemo,"0,495",dairy
ERR11865332,ERR11865332_540_1,CDP,"0,515",NonHemo,"0,356",dairy
ERR11865333,ERR11865333_704_3,CDP,"0,515",NonHemo,"0,356",dairy
ERR11865334,ERR11865334_3689_3,CDP,"0,515",NonHemo,"0,356",dairy
ERR11865334,ERR11865334_4839_2,CLP,"0,535",NonHemo,"0,495",dairy
ERR11865335,ERR11865335_236_2,CDP,"0,515",NonHemo,"0,356",dairy
ERR11865335,ERR11865335_374_2,CLP,"0,535",NonHemo,"0,495",dairy
ERR11865336,ERR11865336_298_1,CDP,"0,515",NonHemo,"0,356",dairy
ERR11865337,ERR11865337_752_2,CLP,"0,535",NonHemo,"0,495",dairy
ERR11865337,ERR11865337_998_3,CDP,"0,515",NonHemo,"0,356",dairy
ERR11865338,ERR11865338_795_3,CDP,"0,515",NonHemo,"0,356",dairy
ERR11865339,ERR11865339_1328_1,CDP,"0,515",NonHemo,"0,356",dairy
ERR11865339,ERR11865339_1573_2,CLP,"0,535",NonHemo,"0,495",dairy
ERR11865340,ERR11865340_977_3,CDP,"0,515",NonHemo,"0,356",dairy
ERR11865341,ERR11865341_59_3,CDP,"0,515",NonHemo,"0,356",dairy
ERR11865342,ERR11865342_811_3,CDP,"0,515",NonHemo,"0,356",dairy
ERR11865343,ERR11865343_468_2,CDP,"0,515",NonHemo,"0,356",dairy
ERR11865345,ERR11865345_636_3,CDP,"0,515",NonHemo,"0,356",dairy
ERR11865347,ERR11865347_1041_3,CDP,"0,515",NonHemo,"0,356",dairy
ERR11865348,ERR11865348_218_1,CDP,"0,515",NonHemo,"0,356",dairy
ERR11865349,ERR11865349_1185_1,CDP,"0,515",NonHemo,"0,356",dairy
ERR11865349,ERR11865349_4098_4,CLP,"0,535",NonHemo,"0,495",dairy
ERR11865350,ERR11865350_1353_3,CDP,"0,515",NonHemo,"0,356",dairy
ERR11865351,ERR11865351_1755_3,CDP,"0,515",NonHemo,"0,356",dairy
ERR11865352,ERR11865352_615_3,CDP,"0,515",NonHemo,"0,356",dairy
ERR11865353,ERR11865353_249_1,CDP,"0,515",NonHemo,"0,356",dairy
ERR11865354,ERR11865354_521_3,CDP,"0,515",NonHemo,"0,356",dairy
ERR11865355,ERR11865355_534_3,CDP,"0,515",NonHemo,"0,356",dairy
ERR11865356,ERR11865356_1176_3,CDP,"0,515",NonHemo,"0,356",dairy
ERR11865360,ERR11865360_705_1,CDP,"0,515",NonHemo,"0,356",dairy
ERR11865361,ERR11865361_201_1,CDP,"0,515",NonHemo,"0,356",dairy
ERR11865362,ERR11865362_1944_3,CDP,"0,515",NonHemo,"0,356",dairy
ERR11865364,ERR11865364_3304_1,CDP,"0,515",NonHemo,"0,356",dairy
ERR11865365,ERR11865365_673_3,CDP,"0,515",NonHemo,"0,356",dairy
ERR11865366,ERR11865366_6164_3,CLP,"0,505",Hemo,"0,703",dairy
ERR11865366,ERR11865366_38684_2,CLP,"0,535",NonHemo,"0,495",dairy
ERR11865368,ERR11865368_999_2,CLP,"0,535",NonHemo,"0,495",dairy
ERR11865370,ERR11865370_228_1,CDP,"0,515",NonHemo,"0,356",dairy
ERR11865373,ERR11865373_457_3,CDP,"0,515",NonHemo,"0,356",dairy
ERR11865373,ERR11865373_1089_4,CLP,"0,535",NonHemo,"0,495",dairy
ERR11865374,ERR11865374_68_1,CDP,"0,515",NonHemo,"0,356",dairy
ERR11865374,ERR11865374_552_4,CLP,"0,535",NonHemo,"0,495",dairy
ERR11865375,ERR11865375_481_3,CDP,"0,515",NonHemo,"0,356",dairy
ERR11865375,ERR11865375_1517_4,CLP,"0,535",NonHemo,"0,495",dairy
ERR11865376,ERR11865376_1103_1,CDP,"0,515",NonHemo,"0,356",dairy
ERR11865377,ERR11865377_1679_1,CDP,"0,515",NonHemo,"0,356",dairy
ERR11865378,ERR11865378_99_4,CLP,"0,535",NonHemo,"0,495",dairy
ERR11865378,ERR11865378_867_1,CDP,"0,515",NonHemo,"0,356",dairy
ERR11865379,ERR11865379_978_4,CLP,"0,535",NonHemo,"0,495",dairy
ERR11865379,ERR11865379_1335_1,CDP,"0,515",NonHemo,"0,356",dairy
ERR11865380,ERR11865380_471_4,CLP,"0,535",NonHemo,"0,495",dairy
ERR11865380,ERR11865380_2231_3,CDP,"0,515",NonHemo,"0,356",dairy
ERR11865380,ERR11865380_2635_2,CLP,"0,574",Hemo,"0,752",dairy
ERR11865382,ERR11865382_367_1,CDP,"0,515",NonHemo,"0,356",dairy
ERR11865382,ERR11865382_1705_4,CLP,"0,535",NonHemo,"0,495",dairy
ERR11865383,ERR11865383_1774_4,CLP,"0,535",NonHemo,"0,495",dairy
ERR11865383,ERR11865383_1868_3,CDP,"0,515",NonHemo,"0,356",dairy
ERR11865384,ERR11865384_444_4,CLP,"0,535",NonHemo,"0,495",dairy
ERR11865384,ERR11865384_549_1,CDP,"0,515",NonHemo,"0,356",dairy
ERR11865388,ERR11865388_2979_4,CLP,"0,535",NonHemo,"0,495",dairy
ERR11865391,ERR11865391_1035_3,CDP,"0,515",NonHemo,"0,356",dairy
ERR11865392,ERR11865392_349_3,CDP,"0,515",NonHemo,"0,356",dairy
ERR11865393,ERR11865393_339_1,CDP,"0,515",NonHemo,"0,356",dairy
ERR11865394,ERR11865394_235_4,CLP,"0,535",NonHemo,"0,495",dairy
ERR11865394,ERR11865394_575_1,CDP,"0,515",NonHemo,"0,356",dairy
ERR11865395,ERR11865395_232_3,CDP,"0,515",NonHemo,"0,356",dairy
ERR11865396,ERR11865396_879_3,CDP,"0,515",NonHemo,"0,356",dairy
ERR11865396,ERR11865396_1054_4,CLP,"0,535",NonHemo,"0,495",dairy
ERR11865397,ERR11865397_386_1,CDP,"0,515",NonHemo,"0,356",dairy
ERR11865399,ERR11865399_873_1,CDP,"0,515",NonHemo,"0,356",dairy
ERR11865400,ERR11865400_1164_1,CDP,"0,515",NonHemo,"0,356",dairy
ERR11865401,ERR11865401_135_3,CDP,"0,515",NonHemo,"0,356",dairy
ERR11865401,ERR11865401_2030_3,CLP,"0,574",Hemo,"0,782",dairy
ERR11865402,ERR11865402_438_1,CDP,"0,515",NonHemo,"0,356",dairy
ERR11865403,ERR11865403_618_1,CDP,"0,515",NonHemo,"0,356",dairy
ERR11865404,ERR11865404_1915_3,CDP,"0,515",NonHemo,"0,356",dairy
ERR11865405,ERR11865405_483_3,CDP,"0,515",NonHemo,"0,356",dairy
ERR11865405,ERR11865405_1837_2,CLP,"0,535",NonHemo,"0,495",dairy
ERR11865406,ERR11865406_410_3,CDP,"0,515",NonHemo,"0,356",dairy
ERR11865406,ERR11865406_3058_2,CLP,"0,535",NonHemo,"0,495",dairy
ERR11865407,ERR11865407_627_2,CLP,"0,535",NonHemo,"0,495",dairy
ERR11865407,ERR11865407_878_2,CDP,"0,515",NonHemo,"0,356",dairy
ERR11865408,ERR11865408_964_2,CDP,"0,515",NonHemo,"0,356",dairy
ERR11865408,ERR11865408_1236_2,CLP,"0,535",NonHemo,"0,495",dairy
ERR11865410,ERR11865410_54_4,CLP,"0,535",NonHemo,"0,495",dairy
ERR11865410,ERR11865410_380_1,CDP,"0,515",NonHemo,"0,356",dairy
ERR11865411,ERR11865411_185_4,CLP,"0,535",NonHemo,"0,495",dairy
ERR11865412,ERR11865412_1079_1,CDP,"0,515",NonHemo,"0,356",dairy
ERR11865413,ERR11865413_2985_1,CDP,"0,515",NonHemo,"0,356",dairy
ERR11865413,ERR11865413_4083_5,CLP,"0,535",NonHemo,"0,495",dairy
ERR11865414,ERR11865414_404_2,CLP,"0,535",NonHemo,"0,495",dairy
ERR11865414,ERR11865414_1299_3,CDP,"0,515",NonHemo,"0,356",dairy
ERR11865415,ERR11865415_1706_5,CLP,"0,535",NonHemo,"0,495",dairy
ERR11865415,ERR11865415_3418_2,CDP,"0,515",NonHemo,"0,356",dairy
ERR11865416,ERR11865416_1302_2,CDP,"0,515",NonHemo,"0,356",dairy
ERR11865417,ERR11865417_770_1,CDP,"0,515",NonHemo,"0,356",dairy
ERR11865418,ERR11865418_1301_3,CDP,"0,515",NonHemo,"0,356",dairy
ERR11865419,ERR11865419_587_3,CDP,"0,515",NonHemo,"0,356",dairy
ERR11865419,ERR11865419_1306_4,CLP,"0,535",NonHemo,"0,495",dairy
ERR11865420,ERR11865420_265_1,CDP,"0,515",NonHemo,"0,356",dairy
ERR11865421,ERR11865421_233_1,CDP,"0,515",NonHemo,"0,356",dairy
ERR11865422,ERR11865422_200_3,CDP,"0,515",NonHemo,"0,356",dairy
ERR11865423,ERR11865423_232_3,CDP,"0,515",NonHemo,"0,356",dairy
ERR11865424,ERR11865424_207_1,CDP,"0,515",NonHemo,"0,356",dairy
ERR11865424,ERR11865424_416_4,CLP,"0,535",NonHemo,"0,495",dairy
ERR11865425,ERR11865425_839_1,CLP,"0,535",NonHemo,"0,495",dairy
ERR11865425,ERR11865425_1032_1,CDP,"0,515",NonHemo,"0,356",dairy
ERR11865425,ERR11865425_3974_1,CLP,"0,545",Hemo,"0,891",dairy
ERR11865426,ERR11865426_35_4,CLP,"0,535",NonHemo,"0,495",dairy
ERR11865426,ERR11865426_285_1,CDP,"0,515",NonHemo,"0,356",dairy
ERR11865427,ERR11865427_54_4,CLP,"0,535",NonHemo,"0,495",dairy
ERR11865427,ERR11865427_438_3,CDP,"0,515",NonHemo,"0,356",dairy
ERR11865428,ERR11865428_249_1,CDP,"0,515",NonHemo,"0,356",dairy
ERR11865428,ERR11865428_616_1,CLP,"0,535",NonHemo,"0,495",dairy
ERR11865429,ERR11865429_656_3,CDP,"0,515",NonHemo,"0,356",dairy
ERR11865430,ERR11865430_521_1,CDP,"0,515",NonHemo,"0,356",dairy
ERR11865430,ERR11865430_1593_4,CLP,"0,535",NonHemo,"0,495",dairy
ERR11865431,ERR11865431_722_3,CDP,"0,515",NonHemo,"0,356",dairy
ERR11865431,ERR11865431_1920_4,CLP,"0,535",NonHemo,"0,495",dairy
ERR11865432,ERR11865432_683_1,CDP,"0,515",NonHemo,"0,356",dairy
ERR11865432,ERR11865432_1832_4,CLP,"0,535",NonHemo,"0,495",dairy
ERR11865434,ERR11865434_84_4,CLP,"0,535",NonHemo,"0,495",dairy
ERR11865434,ERR11865434_991_1,CDP,"0,515",NonHemo,"0,356",dairy
ERR11865435,ERR11865435_340_1,CDP,"0,515",NonHemo,"0,356",dairy
ERR11865435,ERR11865435_1538_4,CLP,"0,535",NonHemo,"0,495",dairy
ERR11865436,ERR11865436_197_1,CDP,"0,515",NonHemo,"0,356",dairy
ERR11865437,ERR11865437_1713_1,CDP,"0,673",Hemo,"0,941",dairy
ERR11865437,ERR11865437_4188_1,CDP,"0,515",NonHemo,"0,356",dairy
ERR11865438,ERR11865438_335_2,CDP,"0,515",NonHemo,"0,356",dairy
ERR11865439,ERR11865439_364_2,CDP,"0,515",NonHemo,"0,356",dairy
ERR11865439,ERR11865439_15198_1,CDP,"0,673",Hemo,"0,941",dairy
ERR11865440,ERR11865440_928_2,CDP,"0,515",NonHemo,"0,356",dairy
ERR11865440,ERR11865440_1654_1,CDP,"0,673",Hemo,"0,941",dairy
ERR11865441,ERR11865441_350_3,CDP,"0,515",NonHemo,"0,356",dairy
ERR11865443,ERR11865443_235_3,CDP,"0,515",NonHemo,"0,356",dairy
ERR11865444,ERR11865444_1731_3,CDP,"0,515",NonHemo,"0,356",dairy
ERR11865445,ERR11865445_309_3,CDP,"0,515",NonHemo,"0,356",dairy
ERR11865445,ERR11865445_1214_4,CLP,"0,535",NonHemo,"0,495",dairy
ERR11865446,ERR11865446_613_4,CLP,"0,535",NonHemo,"0,495",dairy
ERR11865446,ERR11865446_1013_1,CDP,"0,515",NonHemo,"0,356",dairy
ERR11865447,ERR11865447_738_4,CLP,"0,535",NonHemo,"0,495",dairy
ERR11865447,ERR11865447_1782_1,CDP,"0,515",NonHemo,"0,356",dairy
ERR11865448,ERR11865448_705_4,CLP,"0,535",NonHemo,"0,495",dairy
ERR11865448,ERR11865448_815_3,CDP,"0,515",NonHemo,"0,356",dairy
ERR11865449,ERR11865449_2063_1,CDP,"0,515",NonHemo,"0,356",dairy
ERR11865450,ERR11865450_1978_1,CDP,"0,515",NonHemo,"0,356",dairy
ERR11865450,ERR11865450_5093_1,CLP,"0,515",Hemo,"0,693",dairy
ERR11865453,ERR11865453_79_3,CDP,"0,515",NonHemo,"0,356",dairy
ERR11865454,ERR11865454_664_3,CDP,"0,515",NonHemo,"0,356",dairy
ERR11865455,ERR11865455_760_2,CDP,"0,515",NonHemo,"0,356",dairy
ERR11865456,ERR11865456_675_2,CDP,"0,515",NonHemo,"0,356",dairy
ERR11865457,ERR11865457_227_1,CDP,"0,515",NonHemo,"0,356",dairy
ERR11865458,ERR11865458_1148_1,CDP,"0,515",NonHemo,"0,356",dairy
ERR11865459,ERR11865459_2156_3,CDP,"0,515",NonHemo,"0,356",dairy
ERR11865460,ERR11865460_97_4,CLP,"0,535",NonHemo,"0,495",dairy
ERR11865460,ERR11865460_773_3,CDP,"0,515",NonHemo,"0,356",dairy
ERR11865462,ERR11865462_994_1,CDP,"0,515",NonHemo,"0,356",dairy
ERR11865463,ERR11865463_12625_1,CLP,"0,554",NonHemo,"0,465",dairy
ERR11865464,ERR11865464_1532_1,CLP,"0,554",NonHemo,"0,465",dairy
ERR11865465,ERR11865465_1194_1,CDP,"0,515",NonHemo,"0,356",dairy
ERR11865466,ERR11865466_3_4,CLP,"0,535",NonHemo,"0,495",dairy
ERR11865466,ERR11865466_784_3,CDP,"0,515",NonHemo,"0,356",dairy
ERR11865467,ERR11865467_699_4,CLP,"0,535",NonHemo,"0,495",dairy
ERR11865468,ERR11865468_308_1,CDP,"0,515",NonHemo,"0,356",dairy
ERR11865468,ERR11865468_309_4,CLP,"0,535",NonHemo,"0,495",dairy
ERR11865470,ERR11865470_3002_2,CDP,"0,515",NonHemo,"0,356",dairy
ERR11865471,ERR11865471_2789_1,CDP,"0,515",NonHemo,"0,356",dairy
ERR11865472,ERR11865472_435_3,CDP,"0,515",NonHemo,"0,356",dairy
ERR11865473,ERR11865473_1512_1,CDP,"0,515",NonHemo,"0,356",dairy
ERR11865473,ERR11865473_2784_4,CLP,"0,535",NonHemo,"0,495",dairy
ERR11865474,ERR11865474_879_4,CLP,"0,535",NonHemo,"0,495",dairy
ERR11865474,ERR11865474_901_1,CDP,"0,515",NonHemo,"0,356",dairy
ERR11865475,ERR11865475_25_4,CLP,"0,535",NonHemo,"0,495",dairy
ERR11865475,ERR11865475_263_3,CDP,"0,515",NonHemo,"0,356",dairy
ERR11865476,ERR11865476_747_1,CDP,"0,515",NonHemo,"0,356",dairy
ERR11865476,ERR11865476_1508_4,CLP,"0,535",NonHemo,"0,495",dairy
ERR11865477,ERR11865477_145_3,CDP,"0,515",NonHemo,"0,356",dairy
ERR11865478,ERR11865478_303_3,CDP,"0,515",NonHemo,"0,356",dairy
ERR11865479,ERR11865479_107_3,CDP,"0,515",NonHemo,"0,356",dairy
ERR11865480,ERR11865480_205_1,CDP,"0,515",NonHemo,"0,356",dairy
ERR11865481,ERR11865481_1042_2,CDP,"0,515",NonHemo,"0,356",dairy
ERR11865482,ERR11865482_438_3,CDP,"0,515",NonHemo,"0,356",dairy
ERR11865483,ERR11865483_1596_3,CDP,"0,515",NonHemo,"0,356",dairy
ERR11865483,ERR11865483_3894_2,CLP,"0,535",NonHemo,"0,495",dairy
ERR11865484,ERR11865484_1519_2,CDP,"0,515",NonHemo,"0,356",dairy
ERR11865486,ERR11865486_2255_3,CDP,"0,515",NonHemo,"0,356",dairy
ERR11865488,ERR11865488_2510_1,CLP,"0,554",NonHemo,"0,465",dairy
ERR11865489,ERR11865489_195_1,CDP,"0,515",NonHemo,"0,356",dairy
ERR11865491,ERR11865491_483_3,CDP,"0,515",NonHemo,"0,356",dairy
ERR11865492,ERR11865492_128_3,CDP,"0,515",NonHemo,"0,356",dairy
ERR11865493,ERR11865493_441_3,CDP,"0,515",NonHemo,"0,356",dairy
ERR11865494,ERR11865494_1081_1,CDP,"0,515",NonHemo,"0,356",dairy
ERR11865495,ERR11865495_948_3,CDP,"0,515",NonHemo,"0,356",dairy
ERR11865496,ERR11865496_458_3,CDP,"0,515",NonHemo,"0,356",dairy
ERR11865496,ERR11865496_3467_2,CLP,"0,535",NonHemo,"0,495",dairy
ERR11865497,ERR11865497_1038_1,CDP,"0,515",NonHemo,"0,356",dairy
ERR11865498,ERR11865498_3180_1,CDP,"0,515",NonHemo,"0,356",dairy
ERR11865500,ERR11865500_1279_1,CDP,"0,515",NonHemo,"0,356",dairy
ERR11865500,ERR11865500_2376_4,CLP,"0,535",NonHemo,"0,495",dairy
ERR11865501,ERR11865501_1748_3,CDP,"0,515",NonHemo,"0,356",dairy
ERR11865502,ERR11865502_320_1,CDP,"0,515",NonHemo,"0,356",dairy
ERR11865504,ERR11865504_407_3,CDP,"0,515",NonHemo,"0,356",dairy
ERR11865508,ERR11865508_1068_3,CDP,"0,515",NonHemo,"0,356",dairy
ERR11865509,ERR11865509_3262_7,CLP,"0,663",Hemo,"0,723",dairy
ERR11865510,ERR11865510_6453_1,CDP,"0,515",NonHemo,"0,356",dairy
ERR11865511,ERR11865511_13575_5,CLP,"0,644",Hemo,"0,584",dairy
ERR11865524,ERR11865524_1793_5,CLP,"0,564",Hemo,"0,842",dairy
ERR11865538,ERR11865538_751_4,CDP,"0,505",Hemo,"0,604",dairy
ERR11865546,ERR11865546_2672_1,CDP,"0,515",NonHemo,"0,356",dairy
ERR12057276,ERR12057276_6192_3,CDP,"0,515",NonHemo,"0,356",dairy
ERR12057276,ERR12057276_12467_1,CLP,"0,535",NonHemo,"0,495",dairy
ERR12057277,ERR12057277_39020_4,CLP,"0,525",Hemo,"0,673",dairy
ERR12057280,ERR12057280_16642_4,CDP,"0,723",Hemo,"0,525",dairy
ERR12057282,ERR12057282_75500_1,CDP,"0,723",Hemo,"0,525",dairy
ERR12057284,ERR12057284_2696_1,CLP,"0,525",Hemo,"0,673",dairy
ERR12057284,ERR12057284_2908_1,CDP,"0,723",Hemo,"0,525",dairy
ERR12057284,ERR12057284_33175_4,CLP,"0,535",NonHemo,"0,495",dairy
ERR12057286,ERR12057286_23053_6,CLP,"0,564",Hemo,"0,842",dairy
ERR12057288,ERR12057288_136326_3,CDP,"0,515",NonHemo,"0,356",dairy
ERR12057288,ERR12057288_145526_5,CLP,"0,535",NonHemo,"0,495",dairy
ERR12057288,ERR12057288_150464_1,CLP,"0,535",Hemo,"0,772",dairy
ERR12057290,ERR12057290_87_3,CLP,"0,535",NonHemo,"0,495",dairy
ERR12057291,ERR12057291_2632_3,CLP,"0,535",NonHemo,"0,495",dairy
ERR12057292,ERR12057292_10388_3,CLP,"0,574",Hemo,"0,515",dairy
ERR12057294,ERR12057294_73492_1,CLP,"0,554",Hemo,"0,614",dairy
ERR12057295,ERR12057295_40295_1,CLP,"0,545",Hemo,"0,891",dairy
ERR12057296,ERR12057296_21356_2,CLP,"0,535",NonHemo,"0,495",dairy
ERR12057298,ERR12057298_707_7,CDP,"0,604",Hemo,"0,812",dairy
ERR12057298,ERR12057298_3429_1,CDP,"0,515",NonHemo,"0,356",dairy
ERR12057298,ERR12057298_37521_1,CLP,"0,604",Hemo,"0,891",dairy
ERR12057298,ERR12057298_77073_1,CLP,"0,564",Hemo,"0,693",dairy
ERR12057298,ERR12057298_98486_2,CLP,"0,515",Hemo,"0,673",dairy
ERR12057299,ERR12057299_3672_3,CDP,"0,515",NonHemo,"0,356",dairy
ERR12057299,ERR12057299_15654_1,CLP,"0,525",Hemo,"0,673",dairy
ERR12057300,ERR12057300_6230_4,CLP,"0,545",Hemo,"0,604",dairy
ERR12057300,ERR12057300_32048_11,CLP,"0,525",Hemo,"0,792",dairy
ERR12057300,ERR12057300_66953_1,CLP,"0,604",Hemo,"0,891",dairy
ERR12057300,ERR12057300_184027_1,CLP,"0,515",Hemo,"0,574",dairy
ERR12057301,ERR12057301_5064_2,CDP,"0,594",Hemo,"0,624",dairy
ERR12057301,ERR12057301_5504_5,CDP,"0,525",NonHemo,"0,436",dairy
ERR12057301,ERR12057301_12043_1,CDP,"0,515",NonHemo,"0,356",dairy
ERR12057301,ERR12057301_73674_1,CLP,"0,515",NonHemo,"0,356",dairy
ERR12057301,ERR12057301_117793_1,CDP,"0,584",NonHemo,"0,455",dairy
ERR12057301,ERR12057301_335059_1,CLP,"0,505",NonHemo,"0,446",dairy
ERR12057302,ERR12057302_1479_3,CDP,"0,515",NonHemo,"0,356",dairy
ERR12057302,ERR12057302_5301_4,CLP,"0,525",Hemo,"0,673",dairy
ERR12057303,ERR12057303_399_1,CDP,"0,515",NonHemo,"0,356",dairy
ERR12057303,ERR12057303_4943_4,CLP,"0,505",Hemo,"0,832",dairy
ERR12057303,ERR12057303_62081_1,CDP,"0,505",Hemo,"0,644",dairy
ERR12057304,ERR12057304_13438_4,CDP,"0,505",NonHemo,"0,307",dairy
ERR12057304,ERR12057304_19889_1,CDP,"0,614",NonHemo,"0,297",dairy
ERR12057304,ERR12057304_20459_3,CDP,"0,515",NonHemo,"0,356",dairy
ERR12057304,ERR12057304_54054_1,CLP,"0,515",Hemo,"0,941",dairy
ERR12057304,ERR12057304_94023_1,CLP,"0,515",NonHemo,"0,465",dairy
ERR12057304,ERR12057304_116567_1,CLP,"0,505",NonHemo,"0,446",dairy
ERR12057304,ERR12057304_120724_1,CLP,"0,525",Hemo,"0,693",dairy
ERR12057305,ERR12057305_6425_3,CDP,"0,515",NonHemo,"0,356",dairy
ERR12057306,ERR12057306_3378_4,CDP,"0,525",NonHemo,"0,436",dairy
ERR12057306,ERR12057306_9992_1,CDP,"0,515",NonHemo,"0,356",dairy
ERR12057307,ERR12057307_4861_2,CDP,"0,525",NonHemo,"0,436",dairy
ERR12057307,ERR12057307_35353_1,CDP,"0,554",Hemo,"0,515",dairy
ERR12057308,ERR12057308_407_2,CDP,"0,525",NonHemo,"0,436",dairy
ERR12057308,ERR12057308_2588_3,CDP,"0,515",NonHemo,"0,356",dairy
ERR12057308,ERR12057308_35618_1,CDP,"0,515",NonHemo,"0,446",dairy
ERR12057309,ERR12057309_3323_1,CDP,"0,594",Hemo,"0,624",dairy
ERR12057309,ERR12057309_18166_2,CDP,"0,525",NonHemo,"0,436",dairy
ERR12057309,ERR12057309_96666_1,CDP,"0,584",NonHemo,"0,455",dairy
ERR12057309,ERR12057309_96728_1,CLP,"0,505",NonHemo,"0,446",dairy
ERR12057310,ERR12057310_4739_2,CDP,"0,525",NonHemo,"0,436",dairy
ERR12057310,ERR12057310_7393_2,CDP,"0,515",NonHemo,"0,356",dairy
ERR12057310,ERR12057310_7911_2,CDP,"0,594",Hemo,"0,624",dairy
ERR12057310,ERR12057310_8289_5,CDP,"0,505",NonHemo,"0,406",dairy
ERR12057310,ERR12057310_25716_1,CDP,"0,584",NonHemo,"0,455",dairy
ERR12057311,ERR12057311_2520_1,CDP,"0,515",NonHemo,"0,356",dairy
ERR12057311,ERR12057311_5230_1,CDP,"0,515",NonHemo,"0,446",dairy
ERR12057311,ERR12057311_9083_6,CDP,"0,525",NonHemo,"0,436",dairy
ERR12057312,ERR12057312_31_6,CDP,"0,525",NonHemo,"0,436",dairy
ERR12057312,ERR12057312_18208_1,CDP,"0,515",NonHemo,"0,356",dairy
ERR12057313,ERR12057313_5085_1,CDP,"0,515",NonHemo,"0,356",dairy
ERR12057313,ERR12057313_10079_5,CDP,"0,525",NonHemo,"0,436",dairy
ERR12057313,ERR12057313_10306_1,CDP,"0,505",NonHemo,"0,406",dairy
ERR12057313,ERR12057313_28308_1,CDP,"0,584",NonHemo,"0,455",dairy
ERR12057313,ERR12057313_98424_1,CLP,"0,505",NonHemo,"0,446",dairy
ERR12057314,ERR12057314_12576_6,CDP,"0,525",NonHemo,"0,436",dairy
ERR12057314,ERR12057314_41693_1,CDP,"0,515",NonHemo,"0,356",dairy
ERR12057315,ERR12057315_2489_6,CDP,"0,525",NonHemo,"0,436",dairy
ERR12057315,ERR12057315_7931_3,CDP,"0,515",NonHemo,"0,356",dairy
ERR12057315,ERR12057315_8411_1,CDP,"0,594",Hemo,"0,624",dairy
ERR12057315,ERR12057315_12113_1,CLP,"0,545",Hemo,"0,634",dairy
ERR12057315,ERR12057315_37100_1,CDP,"0,584",NonHemo,"0,455",dairy
ERR12057316,ERR12057316_216_5,CDP,"0,505",NonHemo,"0,406",dairy
ERR12057316,ERR12057316_3020_2,CDP,"0,525",NonHemo,"0,436",dairy
ERR12057316,ERR12057316_8697_1,CDP,"0,584",NonHemo,"0,455",dairy
ERR12057316,ERR12057316_82969_1,CLP,"0,505",NonHemo,"0,446",dairy
ERR12057317,ERR12057317_1125_1,CDP,"0,515",NonHemo,"0,446",dairy
ERR12057317,ERR12057317_1898_2,CDP,"0,594",Hemo,"0,624",dairy
ERR12057317,ERR12057317_3448_2,CDP,"0,525",NonHemo,"0,436",dairy
ERR12057317,ERR12057317_13425_3,CDP,"0,515",NonHemo,"0,356",dairy
ERR12057318,ERR12057318_25659_1,CDP,"0,594",Hemo,"0,624",dairy
ERR12057318,ERR12057318_159548_1,CLP,"0,525",Hemo,"0,693",dairy
ERR12057318,ERR12057318_187274_1,CLP,"0,535",Hemo,"0,743",dairy
ERR12057319,ERR12057319_46248_4,CLP,"0,535",NonHemo,"0,495",dairy
ERR12057321,ERR12057321_39155_3,CLP,"0,653",Hemo,"0,802",dairy
ERR12057321,ERR12057321_59874_2,CDP,"0,653",Hemo,"0,733",dairy
ERR12057322,ERR12057322_80_1,CDP,"0,505",NonHemo,"0,406",dairy
ERR12057322,ERR12057322_24414_2,CDP,"0,525",NonHemo,"0,436",dairy
ERR12057322,ERR12057322_71503_1,CDP,"0,584",NonHemo,"0,455",dairy
ERR12057322,ERR12057322_77188_1,CLP,"0,505",NonHemo,"0,446",dairy
ERR12057323,ERR12057323_836_1,CDP,"0,505",NonHemo,"0,406",dairy
ERR12057323,ERR12057323_3370_4,CLP,"0,535",NonHemo,"0,495",dairy
ERR12057323,ERR12057323_33980_4,CDP,"0,525",NonHemo,"0,436",dairy
ERR12057323,ERR12057323_152674_1,CDP,"0,584",NonHemo,"0,455",dairy
ERR12057323,ERR12057323_198297_1,CLP,"0,505",NonHemo,"0,446",dairy
ERR12057324,ERR12057324_7190_4,CLP,"0,535",Hemo,"0,594",dairy
ERR12057324,ERR12057324_26007_1,CDP,"0,584",NonHemo,"0,455",dairy
ERR12057324,ERR12057324_54769_5,CDP,"0,505",NonHemo,"0,406",dairy
ERR12057324,ERR12057324_71865_2,CDP,"0,525",NonHemo,"0,436",dairy
ERR12057324,ERR12057324_115777_1,CLP,"0,505",NonHemo,"0,446",dairy
ERR12057325,ERR12057325_1369_6,CDP,"0,525",NonHemo,"0,436",dairy
ERR12057325,ERR12057325_2309_1,CDP,"0,505",NonHemo,"0,406",dairy
ERR12057325,ERR12057325_10662_1,CDP,"0,584",NonHemo,"0,455",dairy
ERR12057326,ERR12057326_5386_6,CDP,"0,525",NonHemo,"0,436",dairy
ERR12057326,ERR12057326_6253_1,CLP,"0,594",NonHemo,"0,416",dairy
ERR12057326,ERR12057326_10018_5,CDP,"0,505",NonHemo,"0,406",dairy
ERR12057327,ERR12057327_86_2,CDP,"0,525",NonHemo,"0,436",dairy
ERR12057327,ERR12057327_438_1,CDP,"0,723",Hemo,"0,525",dairy
ERR12057327,ERR12057327_7767_3,CDP,"0,515",NonHemo,"0,356",dairy
ERR12057327,ERR12057327_8662_1,CDP,"0,505",NonHemo,"0,406",dairy
ERR12057328,ERR12057328_2807_3,CLP,"0,554",NonHemo,"0,079",dairy
ERR12057328,ERR12057328_6801_1,CDP,"0,515",NonHemo,"0,356",dairy
ERR12057328,ERR12057328_45528_1,CDP,"0,515",NonHemo,"0,455",dairy
ERR12057329,ERR12057329_23820_3,CDP,"0,515",NonHemo,"0,356",dairy
ERR12057330,ERR12057330_21853_3,CDP,"0,515",NonHemo,"0,356",dairy
ERR12057330,ERR12057330_22172_2,CDP,"0,525",NonHemo,"0,436",dairy
ERR12057331,ERR12057331_2061_1,CDP,"0,515",NonHemo,"0,356",dairy
ERR12057331,ERR12057331_3030_2,CDP,"0,525",NonHemo,"0,436",dairy
ERR12057331,ERR12057331_12348_1,CDP,"0,584",NonHemo,"0,455",dairy
ERR12057331,ERR12057331_14961_3,CLP,"0,535",NonHemo,"0,495",dairy
ERR12057331,ERR12057331_47053_6,CDP,"0,723",Hemo,"0,525",dairy
ERR12057331,ERR12057331_53399_3,CLP,"0,554",NonHemo,"0,347",dairy
ERR12057332,ERR12057332_2412_2,CDP,"0,525",NonHemo,"0,436",dairy
ERR12057332,ERR12057332_17372_1,CDP,"0,515",NonHemo,"0,446",dairy
ERR12057333,ERR12057333_17759_1,CDP,"0,515",NonHemo,"0,356",dairy
ERR12057333,ERR12057333_26346_1,CLP,"0,535",Hemo,"0,594",dairy
ERR12057333,ERR12057333_78762_1,CDP,"0,594",Hemo,"0,624",dairy
ERR12057334,ERR12057334_7245_6,CDP,"0,525",NonHemo,"0,436",dairy
ERR12057334,ERR12057334_12597_4,CLP,"0,554",NonHemo,"0,079",dairy
ERR12057334,ERR12057334_44525_1,CDP,"0,505",Hemo,"0,713",dairy
ERR12057334,ERR12057334_66129_1,CDP,"0,594",Hemo,"0,624",dairy
ERR12057334,ERR12057334_81516_5,CDP,"0,505",NonHemo,"0,406",dairy
ERR12057334,ERR12057334_130010_1,CDP,"0,584",NonHemo,"0,455",dairy
ERR12057335,ERR12057335_234418_2,CLP,"0,515",Hemo,"0,673",dairy
ERR12057336,ERR12057336_77736_1,CLP,"0,515",Hemo,"0,574",dairy
ERR12057339,ERR12057339_367838_1,CLP,"0,515",Hemo,"0,673",dairy
ERR12057340,ERR12057340_7769_2,CDP,"0,525",Hemo,"0,584",dairy
ERR12057342,ERR12057342_780_6,CDP,"0,525",NonHemo,"0,436",dairy
ERR12057342,ERR12057342_7082_1,CLP,"0,673",Hemo,"0,97",dairy
ERR12057342,ERR12057342_15809_1,CDP,"0,515",NonHemo,"0,446",dairy
ERR12057342,ERR12057342_38002_1,CDP,"0,515",NonHemo,"0,356",dairy
ERR12057343,ERR12057343_3026_2,CDP,"0,525",NonHemo,"0,436",dairy
ERR12057343,ERR12057343_4803_1,CDP,"0,515",NonHemo,"0,356",dairy
ERR12057343,ERR12057343_8432_1,CDP,"0,594",Hemo,"0,624",dairy
ERR12057343,ERR12057343_18751_3,CLP,"0,535",Hemo,"0,743",dairy
ERR12057343,ERR12057343_19932_5,CDP,"0,505",NonHemo,"0,406",dairy
ERR12057343,ERR12057343_27462_1,CLP,"0,624",Hemo,"0,901",dairy
ERR12057343,ERR12057343_46481_2,CLP,"0,554",Hemo,"0,644",dairy
ERR12057343,ERR12057343_99378_1,CDP,"0,624",Hemo,"0,584",dairy
ERR12057344,ERR12057344_3100_3,CDP,"0,515",NonHemo,"0,356",dairy
ERR12057344,ERR12057344_11308_5,CDP,"0,525",NonHemo,"0,436",dairy
ERR12057344,ERR12057344_13872_1,CDP,"0,584",NonHemo,"0,455",dairy
ERR12057344,ERR12057344_26130_6,CDP,"0,614",NonHemo,"0,297",dairy
ERR12057344,ERR12057344_35962_5,CDP,"0,505",NonHemo,"0,406",dairy
ERR12057344,ERR12057344_45256_1,CLP,"0,505",NonHemo,"0,446",dairy
ERR12057344,ERR12057344_157854_3,CLP,"0,515",Hemo,"0,673",dairy
ERR12057345,ERR12057345_19539_2,CDP,"0,594",Hemo,"0,624",dairy
ERR12057345,ERR12057345_19943_5,CDP,"0,525",NonHemo,"0,436",dairy
ERR12057345,ERR12057345_28625_5,CDP,"0,505",NonHemo,"0,406",dairy
ERR12057345,ERR12057345_43184_3,CDP,"0,614",NonHemo,"0,297",dairy
ERR12057345,ERR12057345_48881_1,CDP,"0,584",NonHemo,"0,455",dairy
ERR12057345,ERR12057345_63670_1,CDP,"0,515",NonHemo,"0,356",dairy
ERR12057345,ERR12057345_193655_1,CLP,"0,505",NonHemo,"0,446",dairy
ERR12057346,ERR12057346_14906_2,CDP,"0,525",NonHemo,"0,436",dairy
ERR12057346,ERR12057346_20082_1,CLP,"0,515",NonHemo,"0,356",dairy
ERR12057346,ERR12057346_24285_1,CDP,"0,505",NonHemo,"0,406",dairy
ERR12057346,ERR12057346_28195_1,CLP,"0,535",NonHemo,"0,495",dairy
ERR12057346,ERR12057346_37273_1,CDP,"0,594",Hemo,"0,624",dairy
ERR12057346,ERR12057346_40282_1,CLP,"0,505",NonHemo,"0,446",dairy
ERR12057346,ERR12057346_183384_1,CDP,"0,584",NonHemo,"0,455",dairy
ERR12057347,ERR12057347_9790_1,CDP,"0,723",Hemo,"0,525",dairy
ERR12057348,ERR12057348_99_1,CDP,"0,505",NonHemo,"0,406",dairy
ERR12057348,ERR12057348_3644_1,CDP,"0,584",NonHemo,"0,455",dairy
ERR12057348,ERR12057348_42239_1,CDP,"0,594",Hemo,"0,624",dairy
ERR12057348,ERR12057348_90070_1,CLP,"0,505",NonHemo,"0,446",dairy
ERR12057348,ERR12057348_95257_2,CDP,"0,525",NonHemo,"0,436",dairy
ERR12057348,ERR12057348_327810_1,CDP,"0,545",Hemo,"0,752",dairy
ERR12057349,ERR12057349_1474_3,CDP,"0,515",NonHemo,"0,356",dairy
ERR12057349,ERR12057349_89390_1,CLP,"0,515",Hemo,"0,574",dairy
ERR12057350,ERR12057350_23442_1,CDP,"0,515",NonHemo,"0,356",dairy
ERR12057350,ERR12057350_68046_2,CLP,"0,515",Hemo,"0,673",dairy
ERR12057351,ERR12057351_27424_1,CLP,"0,515",Hemo,"0,624",dairy
ERR12057352,ERR12057352_887_6,CDP,"0,574",Hemo,"0,931",dairy
ERR12057352,ERR12057352_17956_1,CDP,"0,584",Hemo,"0,851",dairy
ERR12057352,ERR12057352_24268_1,CLP,"0,535",Hemo,"0,941",dairy
ERR12057353,ERR12057353_17540_6,CDP,"0,525",NonHemo,"0,436",dairy
ERR12057353,ERR12057353_83286_3,CLP,"0,535",Hemo,"0,812",dairy
ERR12057353,ERR12057353_145934_1,CDP,"0,535",NonHemo,"0,327",dairy
ERR12057354,ERR12057354_20436_6,CDP,"0,525",NonHemo,"0,436",dairy
ERR12057354,ERR12057354_34489_1,CDP,"0,584",NonHemo,"0,455",dairy
ERR12057354,ERR12057354_54676_1,CDP,"0,515",NonHemo,"0,356",dairy
ERR12057354,ERR12057354_55819_1,CDP,"0,594",Hemo,"0,624",dairy
ERR12057355,ERR12057355_39890_1,CLP,"0,515",Hemo,"0,673",dairy
ERR12057356,ERR12057356_3901_1,CDP,"0,515",NonHemo,"0,356",dairy
ERR12057356,ERR12057356_70711_1,CDP,"0,594",NonHemo,"0,485",dairy
ERR12057356,ERR12057356_102990_1,CDP,"0,574",Hemo,"0,772",dairy
ERR12057357,ERR12057357_1736_3,CLP,"0,515",Hemo,"0,673",dairy
ERR12057357,ERR12057357_3662_1,CLP,"0,693",Hemo,"0,941",dairy
ERR12057357,ERR12057357_39097_1,CLP,"0,515",Hemo,"0,574",dairy
ERR12057359,ERR12057359_11128_2,CDP,"0,515",NonHemo,"0,356",dairy
ERR12057359,ERR12057359_48613_1,CLP,"0,604",Hemo,"0,673",dairy
ERR12057359,ERR12057359_63793_1,CLP,"0,515",Hemo,"0,673",dairy
ERR12057360,ERR12057360_44455_7,CLP,"0,663",Hemo,"0,802",dairy
ERR12057360,ERR12057360_217156_2,CLP,"0,515",Hemo,"0,673",dairy
ERR12057361,ERR12057361_410034_1,CLP,"0,515",Hemo,"0,673",dairy
ERR12057362,ERR12057362_45201_1,CDP,"0,663",Hemo,"0,505",dairy
ERR12057362,ERR12057362_46871_1,CLP,"0,663",Hemo,"0,743",dairy
ERR12057362,ERR12057362_89699_1,CLP,"0,604",Hemo,"0,891",dairy
ERR12057362,ERR12057362_606497_1,CLP,"0,515",Hemo,"0,574",dairy
ERR12057363,ERR12057363_13566_9,CLP,"0,762",NonHemo,"0,267",dairy
ERR12057363,ERR12057363_288168_1,CLP,"0,604",Hemo,"0,891",dairy
ERR12057363,ERR12057363_601163_1,CLP,"0,515",Hemo,"0,574",dairy
ERR12057364,ERR12057364_78024_1,CLP,"0,604",Hemo,"0,891",dairy
ERR12057364,ERR12057364_186399_1,CDP,"0,515",NonHemo,"0,356",dairy
ERR12057364,ERR12057364_327630_1,CLP,"0,515",Hemo,"0,574",dairy
ERR12057365,ERR12057365_6712_3,CLP,"0,762",NonHemo,"0,267",dairy
ERR12057365,ERR12057365_9294_3,CLP,"0,683",Hemo,"0,891",dairy
ERR12057365,ERR12057365_45422_2,CLP,"0,515",Hemo,"0,673",dairy
ERR12057365,ERR12057365_75713_3,CDP,"0,663",Hemo,"0,505",dairy
ERR12057366,ERR12057366_18983_10,CLP,"0,525",Hemo,"0,822",dairy
ERR12057366,ERR12057366_143588_2,CLP,"0,515",Hemo,"0,673",dairy
ERR12057366,ERR12057366_151975_1,CLP,"0,604",Hemo,"0,891",dairy
ERR12057367,ERR12057367_20091_10,CLP,"0,525",Hemo,"0,822",dairy
ERR12057367,ERR12057367_42014_5,CDP,"0,545",Hemo,"0,535",dairy
ERR12057367,ERR12057367_152238_1,CLP,"0,515",Hemo,"0,574",dairy
ERR12057367,ERR12057367_162196_1,CLP,"0,515",Hemo,"0,673",dairy
ERR12057368,ERR12057368_63512_1,CLP,"0,525",Hemo,"0,822",dairy
ERR12057368,ERR12057368_89622_2,CLP,"0,644",Hemo,"0,743",dairy
ERR12057368,ERR12057368_169098_1,CLP,"0,604",Hemo,"0,891",dairy
ERR12057370,ERR12057370_48299_2,CLP,"0,515",Hemo,"0,673",dairy
ERR12057370,ERR12057370_210621_1,CLP,"0,604",Hemo,"0,891",dairy
ERR12057371,ERR12057371_12842_14,CLP,"0,525",Hemo,"0,822",dairy
ERR12057371,ERR12057371_246885_1,CLP,"0,535",Hemo,"0,624",dairy
ERR12057373,ERR12057373_9103_3,CDP,"0,515",NonHemo,"0,356",dairy
ERR12057374,ERR12057374_345_3,CDP,"0,515",NonHemo,"0,356",dairy
ERR12057374,ERR12057374_3035_9,CDP,"0,594",NonHemo,"0,257",dairy
ERR12057374,ERR12057374_4835_1,CLP,"0,515",Hemo,"0,574",dairy
ERR12057374,ERR12057374_275552_1,CLP,"0,604",Hemo,"0,891",dairy
ERR12057375,ERR12057375_103329_2,CDP,"0,515",NonHemo,"0,356",dairy
ERR12057375,ERR12057375_732119_1,CLP,"0,515",Hemo,"0,673",dairy
ERR12057376,ERR12057376_180289_1,CLP,"0,515",Hemo,"0,673",dairy
ERR12057377,ERR12057377_5450_3,CDP,"0,515",NonHemo,"0,356",dairy
ERR12057377,ERR12057377_51200_1,CLP,"0,515",Hemo,"0,673",dairy
ERR12057378,ERR12057378_17931_1,CDP,"0,515",NonHemo,"0,356",dairy
ERR12057379,ERR12057379_7829_2,CDP,"0,515",NonHemo,"0,356",dairy
ERR12057380,ERR12057380_3833_1,CDP,"0,515",NonHemo,"0,356",dairy
ERR12057380,ERR12057380_130537_1,CLP,"0,515",Hemo,"0,673",dairy
ERR12057381,ERR12057381_53808_3,CLP,"0,535",NonHemo,"0,495",dairy
ERR12057381,ERR12057381_86422_2,CLP,"0,515",Hemo,"0,673",dairy
ERR12057382,ERR12057382_42982_5,CLP,"0,535",NonHemo,"0,495",dairy
ERR12057382,ERR12057382_47353_2,CLP,"0,525",Hemo,"0,792",dairy
ERR12057382,ERR12057382_94731_1,CLP,"0,564",Hemo,"0,733",dairy
ERR12057384,ERR12057384_8948_1,CDP,"0,663",Hemo,"0,505",dairy
ERR12057384,ERR12057384_131214_1,CDP,"0,515",NonHemo,"0,356",dairy
ERR12057384,ERR12057384_141001_2,CLP,"0,515",Hemo,"0,673",dairy
ERR12057385,ERR12057385_34628_1,CDP,"0,663",Hemo,"0,505",dairy
ERR12057385,ERR12057385_395049_1,CLP,"0,515",Hemo,"0,673",dairy
ERR12057386,ERR12057386_10211_2,CDP,"0,515",NonHemo,"0,356",dairy
ERR12057386,ERR12057386_41882_1,CLP,"0,95",Hemo,"0,861",dairy
ERR12057386,ERR12057386_41882_2,CLP,"0,97",Hemo,"0,891",dairy
ERR12057386,ERR12057386_104220_4,CLP,"0,535",NonHemo,"0,495",dairy
ERR12057389,ERR12057389_9835_1,CDP,"0,515",NonHemo,"0,356",dairy
ERR12057390,ERR12057390_40266_1,CDP,"0,515",NonHemo,"0,356",dairy
ERR12057391,ERR12057391_40428_1,CLP,"0,515",NonHemo,"0,465",dairy
ERR12057391,ERR12057391_240656_2,CLP,"0,515",Hemo,"0,673",dairy
ERR12057392,ERR12057392_2450_1,CDP,"0,723",Hemo,"0,525",dairy
ERR12057392,ERR12057392_8315_2,CDP,"0,515",NonHemo,"0,356",dairy
ERR12057392,ERR12057392_26119_5,CLP,"0,535",NonHemo,"0,495",dairy
ERR12057393,ERR12057393_8373_3,CDP,"0,515",NonHemo,"0,356",dairy
ERR12057394,ERR12057394_514893_1,CLP,"0,515",Hemo,"0,574",dairy
ERR12057395,ERR12057395_221277_1,CLP,"0,515",Hemo,"0,574",dairy
ERR12057396,ERR12057396_1915_6,CLP,"0,604",Hemo,"0,891",dairy
ERR12057397,ERR12057397_24817_5,CLP,"0,604",Hemo,"0,891",dairy
ERR12057400,ERR12057400_225302_1,CLP,"0,505",NonHemo,"0,446",dairy
ERR12057401,ERR12057401_580_3,CDP,"0,525",NonHemo,"0,426",dairy
ERR12057401,ERR12057401_6804_6,CDP,"0,525",NonHemo,"0,436",dairy
ERR12057401,ERR12057401_11919_3,CDP,"0,515",NonHemo,"0,356",dairy
ERR12057401,ERR12057401_30399_1,CDP,"0,584",NonHemo,"0,455",dairy
ERR12057402,ERR12057402_2188_2,CDP,"0,525",NonHemo,"0,436",dairy
ERR12057402,ERR12057402_46823_2,CLP,"0,554",Hemo,"0,644",dairy
ERR12057402,ERR12057402_73783_1,CDP,"0,584",NonHemo,"0,455",dairy
ERR12057404,ERR12057404_1473_33,CLP,"0,752",Hemo,"0,921",dairy
ERR12057404,ERR12057404_6434_2,CDP,"0,525",NonHemo,"0,436",dairy
ERR12057404,ERR12057404_13854_4,CLP,"0,535",NonHemo,"0,495",dairy
ERR12057404,ERR12057404_27581_1,CDP,"0,525",Hemo,"0,653",dairy
ERR12057404,ERR12057404_58263_1,CLP,"0,505",NonHemo,"0,446",dairy
ERR12057404,ERR12057404_78030_1,CDP,"0,584",NonHemo,"0,455",dairy
ERR12057405,ERR12057405_993_4,CLP,"0,535",NonHemo,"0,495",dairy
ERR12057405,ERR12057405_2706_18,CLP,"0,752",Hemo,"0,921",dairy
ERR12057405,ERR12057405_12318_1,CDP,"0,574",Hemo,"0,663",dairy
ERR12057405,ERR12057405_16280_5,CDP,"0,525",NonHemo,"0,436",dairy
ERR12057405,ERR12057405_18212_5,CDP,"0,505",NonHemo,"0,406",dairy
ERR12057405,ERR12057405_24357_1,CDP,"0,594",Hemo,"0,624",dairy
ERR12057405,ERR12057405_54388_1,CLP,"0,624",NonHemo,"0,446",dairy
ERR12057405,ERR12057405_62755_1,CLP,"0,505",NonHemo,"0,446",dairy
ERR12057406,ERR12057406_7471_2,CDP,"0,554",Hemo,"0,901",dairy
ERR12057406,ERR12057406_46802_1,CDP,"0,584",NonHemo,"0,455",dairy
ERR12057407,ERR12057407_140787_1,CLP,"0,545",Hemo,"0,624",dairy
ERR12057408,ERR12057408_23642_2,CDP,"0,594",Hemo,"0,624",dairy
ERR12057408,ERR12057408_32352_2,CLP,"0,535",Hemo,"0,594",dairy
ERR12057408,ERR12057408_32827_1,CLP,"0,505",NonHemo,"0,446",dairy
ERR12057408,ERR12057408_38597_2,CDP,"0,525",NonHemo,"0,436",dairy
ERR12057408,ERR12057408_47399_1,CDP,"0,584",NonHemo,"0,455",dairy
ERR12057408,ERR12057408_49766_1,CDP,"0,624",Hemo,"0,584",dairy
ERR12057409,ERR12057409_346_3,CDP,"0,515",NonHemo,"0,356",dairy
ERR12057409,ERR12057409_2751_4,CDP,"0,525",NonHemo,"0,436",dairy
ERR12057409,ERR12057409_2856_1,CDP,"0,584",NonHemo,"0,455",dairy
ERR12057409,ERR12057409_2975_5,CDP,"0,505",NonHemo,"0,406",dairy
ERR12057409,ERR12057409_10302_2,CDP,"0,594",Hemo,"0,624",dairy
ERR12057410,ERR12057410_875_3,CDP,"0,515",NonHemo,"0,356",dairy
ERR12057410,ERR12057410_5698_2,CDP,"0,525",NonHemo,"0,436",dairy
ERR12057410,ERR12057410_9571_1,CLP,"0,505",NonHemo,"0,446",dairy
ERR12057410,ERR12057410_49176_2,CDP,"0,594",Hemo,"0,624",dairy
ERR12057410,ERR12057410_68812_1,CDP,"0,584",NonHemo,"0,455",dairy
ERR12057410,ERR12057410_84334_1,CDP,"0,554",Hemo,"0,802",dairy
ERR12057411,ERR12057411_8977_1,CDP,"0,515",NonHemo,"0,356",dairy
ERR12057411,ERR12057411_13056_2,CDP,"0,525",NonHemo,"0,436",dairy
ERR12057411,ERR12057411_41281_1,CDP,"0,505",NonHemo,"0,406",dairy
ERR12057412,ERR12057412_195_1,CDP,"0,505",NonHemo,"0,406",dairy
ERR12057412,ERR12057412_13169_6,CDP,"0,525",NonHemo,"0,436",dairy
ERR12057412,ERR12057412_25713_1,CLP,"0,505",Hemo,"0,842",dairy
ERR12057412,ERR12057412_36557_1,CLP,"0,554",Hemo,"0,644",dairy
ERR12057412,ERR12057412_43263_4,CLP,"0,535",NonHemo,"0,495",dairy
ERR13590170,ERR13590170_320523_1,CLP,"0,554",NonHemo,"0,376",fruits_and_vegetables
ERR13590172,ERR13590172_279110_1,CLP,"0,554",NonHemo,"0,376",fruits_and_vegetables
ERR13590175,ERR13590175_2022_1,CDP,"0,703",NonHemo,"0,495",fruits_and_vegetables
ERR13590175,ERR13590175_98238_1,CLP,"0,554",NonHemo,"0,376",fruits_and_vegetables
ERR13590177,ERR13590177_244599_2,CLP,"0,505",Hemo,"0,941",fruits_and_vegetables
ERR13590178,ERR13590178_144565_4,CLP,"0,683",Hemo,"0,752",fruits_and_vegetables
ERR13590178,ERR13590178_379356_1,CDP,"0,505",NonHemo,"0,119",fruits_and_vegetables
ERR13590185,ERR13590185_1051_10,CLP,"0,525",Hemo,"0,505",fruits_and_vegetables
ERR13737224,ERR13737224_6448_3,CDP,"0,525",Hemo,"0,554",water
ERR13763384,ERR13763384_33091_2,CDP,"0,515",Hemo,"0,634",water
ERR13763399,ERR13763399_73199_1,CDP,"0,535",Hemo,"0,614",water
ERR13763416,ERR13763416_70336_3,CLP,"0,574",Hemo,"0,762",water
ERR13763416,ERR13763416_389687_1,CDP,"0,604",NonHemo,"0,475",water
ERR13763433,ERR13763433_10464_3,CLP,"0,624",Hemo,"0,842",water
ERR13763433,ERR13763433_21013_2,CLP,"0,693",Hemo,"0,564",water
ERR13763433,ERR13763433_139269_1,CLP,"0,752",Hemo,"0,743",water
ERR13865355,ERR13865355_23919_1,CLP,"0,505",Hemo,"0,703",water
ERR13865356,ERR13865356_254388_1,CDP,"0,584",Hemo,"0,802",water
ERR13865356,ERR13865356_349522_1,CLP,"0,535",Hemo,"0,723",water
ERR13865359,ERR13865359_9383_7,CLP,"0,644",Hemo,"0,822",water
ERR13865360,ERR13865360_51247_1,CDP,"0,554",Hemo,"0,792",water
ERR13865847,ERR13865847_16679_7,CDP,"0,733",Hemo,"0,871",water
ERR13865848,ERR13865848_8030_5,CLP,"0,535",Hemo,"0,505",water
ERR13865848,ERR13865848_24507_2,CDP,"0,594",Hemo,"0,653",water
ERR13865862,ERR13865862_34228_2,CDP,"0,594",Hemo,"0,653",water
ERR13865895,ERR13865895_566_57,CLP,"0,802",Hemo,"0,703",water
ERR13865895,ERR13865895_15345_2,CDP,"0,594",Hemo,"0,653",water
ERR13865896,ERR13865896_1520_25,CLP,"0,802",Hemo,"0,703",water
ERR13865911,ERR13865911_4197_4,CLP,"0,842",Hemo,"0,931",water
ERR13865911,ERR13865911_10364_11,CLP,"0,564",Hemo,"0,733",water
ERR13865911,ERR13865911_348143_2,CLP,"0,515",NonHemo,"0,129",water
ERR13865926,ERR13865926_30942_1,CLP,"0,505",NonHemo,"0,465",water
ERR13865926,ERR13865926_69958_2,CDP,"0,515",Hemo,"0,594",water
ERR13865927,ERR13865927_43944_4,CLP,"0,614",NonHemo,"0,267",water
ERR15089272,ERR15089272_440_2,CLP,"0,515",NonHemo,"0,327",fermented_beverages
ERR15089273,ERR15089273_2034_2,CLP,"0,515",NonHemo,"0,327",fermented_beverages
ERR15089278,ERR15089278_1016_7,CLP,"0,515",NonHemo,"0,327",fermented_beverages
ERR15089282,ERR15089282_25523_8,CLP,"0,515",NonHemo,"0,327",fermented_beverages
ERR15089282,ERR15089282_64970_6,CDP,"0,723",Hemo,"0,525",fermented_beverages
ERR15089283,ERR15089283_10266_8,CLP,"0,515",NonHemo,"0,327",fermented_beverages
ERR15089283,ERR15089283_90527_6,CDP,"0,723",Hemo,"0,525",fermented_beverages
ERR15089287,ERR15089287_18200_1,CLP,"0,545",Hemo,"0,901",fermented_beverages
ERR15089288,ERR15089288_24986_1,CDP,"0,723",Hemo,"0,525",fermented_beverages
ERR15089289,ERR15089289_11273_2,CLP,"0,515",NonHemo,"0,327",fermented_beverages
ERR15089289,ERR15089289_12613_6,CDP,"0,723",Hemo,"0,525",fermented_beverages
ERR15089289,ERR15089289_103626_1,CLP,"0,95",Hemo,"0,861",fermented_beverages
ERR15089289,ERR15089289_103626_2,CLP,"0,96",Hemo,"0,861",fermented_beverages
ERR15089293,ERR15089293_594_2,CLP,"0,683",Hemo,"0,663",fermented_beverages
ERR1869526,ERR1869526_9819_5,CLP,"0,515",Hemo,"0,713",fermented_legumes
ERR1869528,ERR1869528_1730_14,CLP,"0,97",Hemo,"0,891",fermented_legumes
ERR1869528,ERR1869528_4497_1,CLP,"0,535",NonHemo,"0,327",fermented_legumes
ERR1869530,ERR1869530_8_9,CLP,"0,95",Hemo,"0,861",fermented_legumes
ERR1869530,ERR1869530_8_10,CLP,"0,97",Hemo,"0,891",fermented_legumes
ERR1869530,ERR1869530_748_31,CLP,"0,564",NonHemo,"0,287",fermented_legumes
ERR2014808,ERR2014808_8052_3,CDP,"0,505",Hemo,"0,564",dairy
ERR2014809,ERR2014809_9904_2,CLP,"0,505",NonHemo,"0,495",dairy
ERR2021947,ERR2021947_4726_1,CDP,"0,505",Hemo,"0,96",fermented_beverages
ERR2021948,ERR2021948_1257_1,CDP,"0,594",Hemo,"0,861",fermented_beverages
ERR2135449,ERR2135449_8686_2,CLP,"0,545",Hemo,"0,832",fermented_beverages
ERR2212271,ERR2212271_1471_1,CDP,"0,515",NonHemo,"0,356",dairy
ERR2212280,ERR2212280_812_1,CLP,"0,604",Hemo,"0,891",dairy
ERR2212280,ERR2212280_2654_1,CDP,"0,515",NonHemo,"0,356",dairy
ERR2212281,ERR2212281_2511_3,CDP,"0,515",NonHemo,"0,356",dairy
ERR2212281,ERR2212281_3464_11,CLP,"0,604",Hemo,"0,891",dairy
ERR2212282,ERR2212282_55_11,CLP,"0,604",Hemo,"0,891",dairy
ERR2212283,ERR2212283_2922_1,CDP,"0,515",NonHemo,"0,356",dairy
ERR2212284,ERR2212284_379_1,CLP,"0,604",Hemo,"0,891",dairy
ERR2212285,ERR2212285_3767_11,CLP,"0,604",Hemo,"0,891",dairy
ERR2212286,ERR2212286_2115_11,CLP,"0,604",Hemo,"0,891",dairy
ERR2212288,ERR2212288_1331_11,CLP,"0,604",Hemo,"0,891",dairy
ERR2212288,ERR2212288_9656_3,CDP,"0,515",NonHemo,"0,356",dairy
ERR2212289,ERR2212289_888_11,CLP,"0,604",Hemo,"0,891",dairy
ERR2212289,ERR2212289_3564_1,CDP,"0,515",NonHemo,"0,356",dairy
ERR2212290,ERR2212290_225_11,CLP,"0,604",Hemo,"0,891",dairy
ERR2212290,ERR2212290_26629_1,CDP,"0,723",Hemo,"0,564",dairy
ERR2212292,ERR2212292_8214_1,CLP,"0,525",Hemo,"0,693",dairy
ERR2212292,ERR2212292_9750_5,CDP,"0,525",NonHemo,"0,436",dairy
ERR2212292,ERR2212292_13933_1,CDP,"0,515",NonHemo,"0,356",dairy
ERR2212292,ERR2212292_32064_1,CDP,"0,584",NonHemo,"0,455",dairy
ERR2212294,ERR2212294_1472_6,CDP,"0,525",NonHemo,"0,436",dairy
ERR2212296,ERR2212296_6226_2,CDP,"0,525",NonHemo,"0,436",dairy
ERR2212297,ERR2212297_5082_2,CDP,"0,525",NonHemo,"0,436",dairy
ERR2212300,ERR2212300_4256_6,CDP,"0,525",NonHemo,"0,436",dairy
ERR2212300,ERR2212300_26946_2,CDP,"0,653",Hemo,"0,842",dairy
ERR2212301,81548_2,CDP,"0,525",NonHemo,"0,436",dairy
ERR2212302,ERR2212302_13748_6,CDP,"0,525",NonHemo,"0,436",dairy
ERR2212306,ERR2212306_45622_1,CLP,"0,535",NonHemo,"0,297",dairy
ERR2212308,ERR2212308_14256_1,CLP,"0,515",Hemo,"0,624",dairy
ERR2231567,ERR2231567_77600_1,CDP,"0,545",Hemo,"0,663",fermented_beverages
ERR2231568,ERR2231568_703809_1,CLP,"0,574",Hemo,"0,743",fermented_beverages
ERR2231570,ERR2231570_64495_1,CDP,"0,584",Hemo,"0,525",fermented_beverages
ERR2231571,ERR2231571_160769_1,CLP,"0,574",Hemo,"0,743",fermented_beverages
ERR2231571,ERR2231571_615607_1,CDP,"0,545",Hemo,"0,515",fermented_beverages
ERR2231572,ERR2231572_22370_1,CLP,"0,574",Hemo,"0,743",fermented_beverages
ERR3094540,ERR3094540_553_2,CLP,"0,515",NonHemo,"0,327",fermented_fruits_and_vegetables
ERR3094540,ERR3094540_51610_1,CDP,"0,663",Hemo,"0,683",fermented_fruits_and_vegetables
ERR3094543,ERR3094543_10777_2,CDP,"0,663",Hemo,"0,683",fermented_fruits_and_vegetables
ERR3094547,ERR3094547_24092_2,CLP,"0,624",Hemo,"0,881",fermented_fruits_and_vegetables
ERR3094547,ERR3094547_31075_7,CDP,"0,614",Hemo,"0,673",fermented_fruits_and_vegetables
ERR3340755,ERR3340755_1908_5,CLP,"0,535",NonHemo,"0,495",dairy
ERR3340758,ERR3340758_485_4,CLP,"0,535",NonHemo,"0,495",dairy
ERR3340758,ERR3340758_5038_1,CDP,"0,515",NonHemo,"0,356",dairy
ERR3340763,ERR3340763_3010_4,CLP,"0,535",NonHemo,"0,495",dairy
ERR3340764,ERR3340764_3370_1,CLP,"0,535",NonHemo,"0,495",dairy
ERR3340765,ERR3340765_842_2,CDP,"0,515",NonHemo,"0,356",dairy
ERR3340768,ERR3340768_580_1,CDP,"0,515",NonHemo,"0,356",dairy
ERR3340771,ERR3340771_266_3,CLP,"0,535",NonHemo,"0,495",dairy
ERR3340776,ERR3340776_1291_5,CLP,"0,535",NonHemo,"0,495",dairy
ERR3340776,ERR3340776_6778_3,CDP,"0,515",NonHemo,"0,356",dairy
ERR3340781,ERR3340781_658_3,CDP,"0,515",NonHemo,"0,356",dairy
ERR3340783,ERR3340783_353_4,CLP,"0,535",NonHemo,"0,495",dairy
ERR3340786,ERR3340786_3658_3,CDP,"0,515",NonHemo,"0,356",dairy
ERR3340788,ERR3340788_749_1,CDP,"0,515",NonHemo,"0,356",dairy
ERR3340794,ERR3340794_316_3,CDP,"0,515",NonHemo,"0,356",dairy
ERR3340795,ERR3340795_7_5,CLP,"0,535",NonHemo,"0,495",dairy
ERR3340796,ERR3340796_601_5,CLP,"0,535",NonHemo,"0,495",dairy
ERR3340798,ERR3340798_2813_3,CLP,"0,535",NonHemo,"0,495",dairy
ERR3340799,ERR3340799_11344_1,CLP,"0,515",Hemo,"0,673",dairy
ERR3340800,ERR3340800_9258_1,CDP,"0,515",NonHemo,"0,356",dairy
ERR3340802,ERR3340802_1120_1,CDP,"0,515",NonHemo,"0,356",dairy
ERR3340802,ERR3340802_36404_1,CLP,"0,584",Hemo,"0,634",dairy
ERR3340803,ERR3340803_666_3,CLP,"0,525",Hemo,"0,792",dairy
ERR3340804,ERR3340804_80093_1,CLP,"0,525",NonHemo,"0,267",dairy
ERR3340807,ERR3340807_2767_3,CDP,"0,723",Hemo,"0,564",dairy
ERR3340807,ERR3340807_9311_4,CLP,"0,535",NonHemo,"0,495",dairy
ERR3340810,ERR3340810_62705_1,CLP,"0,515",Hemo,"0,574",dairy
ERR3340812,ERR3340812_6624_4,CLP,"0,505",Hemo,"0,832",dairy
ERR3340813,ERR3340813_21040_1,CLP,"0,535",NonHemo,"0,495",dairy
ERR3340813,ERR3340813_69979_1,CLP,"0,584",Hemo,"0,594",dairy
ERR3340819,ERR3340819_3152_2,CDP,"0,525",NonHemo,"0,436",dairy
ERR3340820,ERR3340820_162_1,CDP,"0,515",NonHemo,"0,356",dairy
ERR3340822,ERR3340822_31407_2,CLP,"0,515",Hemo,"0,673",dairy
ERR3414567,ERR3414567_171359_1,CDP,"0,614",Hemo,"0,733",meat
ERR3414569,ERR3414569_1891148_1,CLP,"0,683",Hemo,"0,792",meat
ERR3427610,9639787_1,CDP,"0,604",NonHemo,"0,188",meat
ERR3427610,9668007_2,CDP,"0,538",Hemo,"0,663",meat
ERR3427613,ERR3427613_2958_98,CDP,"0,634",Hemo,"0,772",meat
ERR3427616,ERR3427616_30411_3,CLP,"0,564",Hemo,"0,911",meat
ERR3427618,ERR3427618_3462_3,CLP,"0,667",Hemo,"0,693",fruits_and_vegetables
ERR3427618,ERR3427618_78751_9,CLP,"0,842",Hemo,1,fruits_and_vegetables
ERR3427618,ERR3427618_93759_1,CDP,"0,604",Hemo,"0,564",fruits_and_vegetables
ERR3427618,ERR3427618_241374_1,CLP,"0,634",Hemo,"0,614",fruits_and_vegetables
ERR3427619,ERR3427619_564865_1,CDP,"0,505",Hemo,"0,564",fruits_and_vegetables
ERR3427621,ERR3427621_6093_3,CLP,"0,535",Hemo,"0,743",fruits_and_vegetables
ERR3427621,ERR3427621_253613_2,CLP,"0,667",Hemo,"0,693",fruits_and_vegetables
ERR3427621,ERR3427621_354191_1,CLP,"0,574",Hemo,"0,792",fruits_and_vegetables
ERR3427623,ERR3427623_119819_1,CLP,"0,667",Hemo,"0,693",fruits_and_vegetables
ERR3427623,ERR3427623_604002_2,CDP,"0,525",NonHemo,"0,396",fruits_and_vegetables
ERR3427624,ERR3427624_39599_1,CDP,"0,564",Hemo,"0,594",fruits_and_vegetables
ERR3427625,ERR3427625_14180_1,CDP,"0,564",Hemo,"0,594",fruits_and_vegetables
ERR3427625,ERR3427625_36504_1,CLP,"0,693",NonHemo,"0,248",fruits_and_vegetables
ERR3427626,ERR3427626_616_31,CDP,"0,515",Hemo,"0,782",fruits_and_vegetables
ERR3427626,ERR3427626_1687_1,CDP,"0,614",NonHemo,"0,455",fruits_and_vegetables
ERR3427626,ERR3427626_60046_1,CLP,"0,515",NonHemo,"0,109",fruits_and_vegetables
ERR3427626,ERR3427626_105536_1,CDP,"0,564",Hemo,"0,594",fruits_and_vegetables
ERR3964979,ERR3964979_200_8,CDP,"0,569",Hemo,"0,683",dairy
ERR4142716,ERR4142716_9595_1,CDP,"0,515",NonHemo,"0,356",dairy
ERR4142719,ERR4142719_7096_3,CLP,"0,667",Hemo,"0,693",dairy
ERR4757814,ERR4757814_1288_2,CDP,"0,584",Hemo,"0,584",fermented_fruits_and_vegetables
ERR4757826,ERR4757826_5394_2,CDP,"0,653",Hemo,"0,733",fermented_fruits_and_vegetables
ERR4757827,ERR4757827_46503_1,CDP,"0,653",Hemo,"0,733",fermented_fruits_and_vegetables
ERR4757830,ERR4757830_571_2,CLP,"0,515",Hemo,"0,663",fermented_beverages
ERR4757831,ERR4757831_7750_2,CLP,"0,515",Hemo,"0,663",fermented_beverages
ERR4757831,ERR4757831_10762_2,CDP,"0,525",NonHemo,"0,396",fermented_beverages
ERR4757831,ERR4757831_103542_1,CDP,"0,564",Hemo,"0,832",fermented_beverages
ERR4757832,ERR4757832_61910_1,CLP,"0,782",Hemo,"0,861",fermented_beverages
ERR4757838,ERR4757838_8965_1,CLP,"0,812",Hemo,"0,842",fermented_beverages
ERR4757838,ERR4757838_84701_1,CDP,"0,564",Hemo,"0,901",fermented_beverages
ERR4757839,ERR4757839_20013_1,CLP,"0,782",Hemo,"0,861",alcohol
ERR4757839,ERR4757839_30535_2,CDP,"0,554",NonHemo,"0,475",alcohol
ERR4757848,ERR4757848_55262_2,CDP,"0,574",Hemo,"0,743",fermented_fruits_and_vegetables
ERR4757850,ERR4757850_6230_1,CDP,"0,554",Hemo,"0,891",fermented_tubers_and_roots
ERR4757853,ERR4757853_6093_6,CLP,"0,515",NonHemo,"0,129",fermented_beverages
ERR4757854,ERR4757854_4305_3,CLP,"0,782",Hemo,"0,861",fermented_beverages
ERR4757854,ERR4757854_4535_1,CLP,"0,653",Hemo,"0,762",fermented_beverages
ERR4757855,ERR4757855_134832_1,CDP,"0,554",Hemo,"0,891",fermented_grains
ERR4757856,ERR4757856_8018_1,CDP,"0,515",NonHemo,"0,356",fermented_beverages
ERR7245779,ERR7245779_12366_12,CLP,"0,535",Hemo,"0,604",dairy
ERR7245779,ERR7245779_14649_1,CLP,"0,525",Hemo,"0,822",dairy
ERR7245779,ERR7245779_124787_2,CLP,"0,515",Hemo,"0,673",dairy
ERR7245779,ERR7245779_152445_2,CDP,"0,505",Hemo,"0,594",dairy
ERR7245780,ERR7245780_59759_1,CLP,"0,604",Hemo,"0,891",dairy
ERR752912,ERR752912_2739_4,CDP,"0,663",Hemo,"0,713",dairy
ERR752913,ERR752913_3011_4,CDP,"0,663",Hemo,"0,713",dairy
ERR752916,ERR752916_908_3,CDP,"0,663",Hemo,"0,713",dairy
kefir,4347229_1,CLP,"0,505",NonHemo,"0,327",fermented_beverages
kefir,9312336_1,CDP,"0,525",NonHemo,"0,208",fermented_beverages
raw_norm_24h-1,7_2,CDP,"0,515",NonHemo,"0,356",dairy
raw_norm_24h-2,833_3,CDP,"0,515",NonHemo,"0,356",dairy
raw_norm_24h-4,571_2,CDP,"0,515",NonHemo,"0,356",dairy
SRR10212784,SRR10212784_6980_1,CLP,"0,667",Hemo,"0,693",dairy
SRR10212785,SRR10212785_810_9,CLP,"0,505",Hemo,"0,584",dairy
SRR10212787,SRR10212787_19344_2,CLP,"0,564",Hemo,"0,574",dairy
SRR10212788,SRR10212788_3668_6,CLP,"0,667",Hemo,"0,693",dairy
SRR10212791,SRR10212791_4429_5,CDP,"0,614",NonHemo,"0,297",dairy
SRR10212793,SRR10212793_318_23,CLP,"0,743",Hemo,"0,812",dairy
SRR10212794,SRR10212794_3574_16,CLP,"0,667",Hemo,"0,693",dairy
SRR10212795,SRR10212795_10532_3,CLP,"0,667",Hemo,"0,693",dairy
SRR10212795,SRR10212795_11685_3,CLP,"0,505",Hemo,"0,584",dairy
SRR10212796,SRR10212796_914_5,CLP,"0,667",Hemo,"0,693",dairy
SRR10212797,SRR10212797_21353_3,CLP,"0,667",Hemo,"0,693",dairy
SRR10212798,SRR10212798_5108_3,CLP,"0,667",Hemo,"0,693",dairy
SRR10212802,SRR10212802_10348_1,CLP,"0,667",Hemo,"0,693",dairy
SRR10212802,SRR10212802_12205_1,CLP,"0,624",Hemo,"0,861",dairy
SRR10212802,SRR10212802_22111_4,CLP,"0,851",Hemo,"0,911",dairy
SRR10212802,SRR10212802_22111_5,CLP,"0,822",Hemo,"0,96",dairy
SRR10212803,SRR10212803_8964_1,CLP,"0,653",Hemo,"0,723",dairy
SRR10212805,SRR10212805_14573_4,CLP,"0,505",Hemo,"0,584",dairy
SRR10212813,SRR10212813_21379_3,CLP,"0,667",Hemo,"0,693",dairy
SRR10212815,SRR10212815_4634_1,CLP,"0,667",Hemo,"0,693",dairy
SRR10212816,SRR10212816_4734_3,CLP,"0,667",Hemo,"0,693",dairy
SRR10212825,SRR10212825_8810_1,CLP,"0,667",Hemo,"0,693",dairy
SRR10212826,SRR10212826_1029_3,CDP,"0,525",Hemo,"0,624",dairy
SRR10454486,SRR10454486_416_13,CDP,"0,564",Hemo,"0,673",fermented_grains
SRR10454492,SRR10454492_448_4,CLP,"0,535",Hemo,"0,644",fermented_grains
SRR10454506,SRR10454506_851_9,CLP,"0,594",Hemo,"0,901",fermented_grains
SRR10454508,SRR10454508_2072_7,CDP,"0,723",Hemo,"0,525",fermented_grains
SRR10454515,SRR10454515_686_3,CDP,"0,604",Hemo,"0,634",fermented_grains
SRR10585495,SRR10585495_25508_1,CLP,"0,535",Hemo,"0,871",fruits_and_vegetables
SRR10585495,SRR10585495_68671_3,CLP,"0,574",Hemo,"0,832",fruits_and_vegetables
SRR10585495,SRR10585495_301775_1,CDP,"0,535",NonHemo,"0,426",fruits_and_vegetables
SRR10585495,SRR10585495_338861_3,CDP,"0,574",Hemo,"0,673",fruits_and_vegetables
SRR10585495,SRR10585495_343856_1,CDP,"0,505",NonHemo,"0,446",fruits_and_vegetables
SRR10585495,SRR10585495_470913_1,CLP,"0,525",Hemo,"0,644",fruits_and_vegetables
SRR10585497,SRR10585497_219298_1,CLP,"0,653",Hemo,"0,812",fruits_and_vegetables
SRR10585499,SRR10585499_175211_1,CLP,"0,634",Hemo,"0,842",fruits_and_vegetables
SRR10585499,SRR10585499_365309_2,CLP,"0,574",Hemo,"0,832",fruits_and_vegetables
SRR10585507,SRR10585507_95793_1,CLP,"0,564",NonHemo,"0,317",fruits_and_vegetables
SRR10585513,SRR10585513_443494_1,CLP,"0,564",Hemo,"0,673",fruits_and_vegetables
SRR10585513,SRR10585513_1355056_1,CDP,"0,644",Hemo,"0,693",fruits_and_vegetables
SRR10585518,SRR10585518_236229_1,CLP,"0,653",Hemo,"0,653",fruits_and_vegetables
SRR10585518,SRR10585518_237213_1,CDP,"0,594",Hemo,"0,822",fruits_and_vegetables
SRR10585531,SRR10585531_6435_7,CLP,"0,842",Hemo,1,fruits_and_vegetables
SRR10585540,SRR10585540_120116_3,CLP,"0,545",NonHemo,"0,228",fruits_and_vegetables
SRR10585540,SRR10585540_364122_6,CLP,"0,812",Hemo,"0,871",fruits_and_vegetables
SRR10585540,SRR10585540_364122_7,CLP,"0,752",Hemo,"0,921",fruits_and_vegetables
SRR10585540,SRR10585540_364122_8,CLP,"0,861",Hemo,"0,891",fruits_and_vegetables
SRR10585543,SRR10585543_643498_4,CLP,"0,594",NonHemo,"0,218",fruits_and_vegetables
SRR10585558,SRR10585558_18473_1,CLP,"0,545",NonHemo,"0,228",fruits_and_vegetables
SRR10664429,SRR10664429_3667_6,CLP,"0,525",NonHemo,"0,198",seafood
SRR10664429,SRR10664429_50367_8,CDP,"0,545",Hemo,"0,891",seafood
SRR10664432,SRR10664432_62_15,CLP,"0,515",Hemo,"0,733",seafood
SRR10997047,SRR10997047_1096_4,CLP,"0,515",Hemo,"0,861",fermented_beverages
SRR10997048,SRR10997048_9395_1,CLP,"0,683",Hemo,"0,96",fermented_beverages
SRR10997049,SRR10997049_2667_4,CLP,"0,515",Hemo,"0,861",fermented_beverages
SRR10997049,SRR10997049_10810_2,CLP,"0,683",Hemo,"0,96",fermented_beverages
SRR10997050,SRR10997050_13561_5,CLP,"0,515",Hemo,"0,861",fermented_beverages
SRR11406045,SRR11406045_6444_8,CLP,"0,515",Hemo,"0,634",fruits_and_vegetables
SRR11406045,SRR11406045_83297_2,CDP,"0,584",NonHemo,"0,297",fruits_and_vegetables
SRR11406045,SRR11406045_461750_1,CLP,"0,525",NonHemo,"0,198",fruits_and_vegetables
SRR11406046,SRR11406046_48908_1,CDP,"0,723",Hemo,"0,921",fruits_and_vegetables
SRR11602138,SRR11602138_8059_1,CDP,"0,515",NonHemo,"0,287",fermented_seeds
SRR11602139,SRR11602139_12696_1,CLP,"0,515",Hemo,"0,861",fermented_seeds
SRR11602140,SRR11602140_145128_2,CLP,"0,515",Hemo,"0,861",fermented_seeds
SRR11602141,SRR11602141_125146_1,CLP,"0,515",Hemo,"0,861",fermented_seeds
SRR11602142,SRR11602142_2279_2,CLP,"0,515",NonHemo,"0,327",fermented_seeds
SRR11602143,SRR11602143_193080_1,CLP,"0,545",Hemo,"0,792",fermented_seeds
SRR11602144,SRR11602144_27189_3,CLP,"0,653",Hemo,"0,772",fermented_seeds
SRR11602145,SRR11602145_29379_3,CLP,"0,515",Hemo,"0,861",fermented_seeds
SRR11602145,SRR11602145_143572_1,CDP,"0,515",NonHemo,"0,287",fermented_seeds
SRR11602145,SRR11602145_277622_1,CLP,"0,604",NonHemo,"0,386",fermented_seeds
SRR11602146,SRR11602146_58943_3,CDP,"0,515",NonHemo,"0,287",fermented_seeds
SRR11602148,SRR11602148_73274_1,CLP,"0,515",Hemo,"0,861",fermented_seeds
SRR11602148,SRR11602148_130677_1,CLP,"0,653",Hemo,"0,772",fermented_seeds
SRR11602149,SRR11602149_61915_1,CLP,"0,515",Hemo,"0,861",fermented_seeds
SRR11602150,SRR11602150_10549_1,CLP,"0,574",Hemo,"0,851",fermented_seeds
SRR11602150,SRR11602150_12283_7,CLP,"0,515",NonHemo,"0,327",fermented_seeds
SRR11602152,SRR11602152_32697_1,CDP,"0,604",Hemo,"0,663",fermented_seeds
SRR11602152,SRR11602152_96449_1,CLP,"0,653",Hemo,"0,772",fermented_seeds
SRR11602153,SRR11602153_994_1,CLP,"0,515",Hemo,"0,861",fermented_seeds
SRR11602153,SRR11602153_185097_1,CLP,"0,604",NonHemo,"0,386",fermented_seeds
SRR11602154,SRR11602154_4321_6,CDP,"0,554",Hemo,"0,663",fermented_seeds
SRR11602154,SRR11602154_29158_1,CLP,"0,653",Hemo,"0,891",fermented_seeds
SRR11602154,SRR11602154_30519_2,CLP,"0,515",Hemo,"0,861",fermented_seeds
SRR11602155,SRR11602155_3608_1,CLP,"0,515",Hemo,"0,861",fermented_seeds
SRR11602155,SRR11602155_34893_1,CLP,"0,574",Hemo,"0,851",fermented_seeds
SRR11602156,SRR11602156_7500_3,CLP,"0,515",Hemo,"0,861",fermented_seeds
SRR11602157,SRR11602157_22906_2,CLP,"0,515",Hemo,"0,861",fermented_seeds
SRR11909515,SRR11909515_1811_9,CLP,"0,782",Hemo,"0,861",fermented_beverages
SRR11909516,SRR11909516_3766_6,CLP,"0,782",Hemo,"0,861",fermented_beverages
SRR11909887,SRR11909887_30393_1,CLP,"0,733",Hemo,"0,604",fermented_beverages
SRR11909888,SRR11909888_3374_3,CLP,"0,782",Hemo,"0,861",fermented_beverages
SRR11910536,SRR11910536_6526_3,CLP,"0,782",Hemo,"0,861",fermented_beverages
SRR11916018,SRR11916018_2731_1,CLP,"0,782",Hemo,"0,861",fermented_beverages
SRR11916019,SRR11916019_4043_3,CLP,"0,782",Hemo,"0,861",fermented_beverages
SRR11916113,SRR11916113_568_11,CLP,"0,782",Hemo,"0,861",fermented_beverages
SRR11916113,SRR11916113_3315_1,CLP,"0,545",Hemo,"0,614",fermented_beverages
SRR12227957,SRR12227957_353540_1,CLP,"0,634",Hemo,"0,891",fermented_meat
SRR12227964,SRR12227964_111434_1,CLP,"0,614",NonHemo,"0,436",fermented_meat
SRR12227965,SRR12227965_114501_1,CDP,"0,505",Hemo,"0,545",fermented_meat
SRR13259373,SRR13259373_10825_2,CLP,"0,525",NonHemo,"0,426",dairy
SRR13259373,SRR13259373_15676_6,CDP,"0,525",NonHemo,"0,436",dairy
SRR13259373,SRR13259373_19509_5,CDP,"0,505",NonHemo,"0,406",dairy
SRR13259373,SRR13259373_43359_4,CLP,"0,535",Hemo,"0,594",dairy
SRR13259373,SRR13259373_79711_3,CDP,"0,673",Hemo,"0,634",dairy
SRR13259375,SRR13259375_91185_2,CLP,"0,515",Hemo,"0,673",dairy
SRR13259377,SRR13259377_212539_1,CLP,"0,515",Hemo,"0,673",dairy
SRR13259378,SRR13259378_14303_1,CLP,"0,525",Hemo,"0,673",dairy
SRR13259378,SRR13259378_101385_1,CLP,"0,535",NonHemo,"0,149",dairy
SRR13259378,SRR13259378_242538_3,CDP,"0,644",Hemo,"0,653",dairy
SRR13259378,SRR13259378_584169_1,CLP,"0,505",NonHemo,"0,287",dairy
SRR13259379,SRR13259379_6174_1,CDP,"0,515",NonHemo,"0,356",dairy
SRR13259379,SRR13259379_74522_2,CLP,"0,554",Hemo,"0,832",dairy
SRR13308520,SRR13308520_20353_1,CDP,"0,515",NonHemo,"0,356",dairy
SRR13308521,SRR13308521_4231_4,CLP,"0,535",NonHemo,"0,495",dairy
SRR13308521,SRR13308521_32713_1,CLP,"0,545",Hemo,"0,96",dairy
SRR13308523,SRR13308523_53978_1,CDP,"0,564",NonHemo,"0,485",dairy
SRR13308524,2027471_9,CLP,"0,624",Hemo,"0,95",dairy
SRR13308525,SRR13308525_13158_3,CDP,"0,515",NonHemo,"0,356",dairy
SRR13308526,SRR13308526_36728_6,CDP,"0,525",NonHemo,"0,297",dairy
SRR13308528,SRR13308528_73582_1,CDP,"0,614",NonHemo,"0,297",dairy
SRR13308528,SRR13308528_97324_1,CLP,"0,574",NonHemo,"0,485",dairy
SRR13308529,SRR13308529_2005_31,CDP,"0,525",NonHemo,"0,297",dairy
SRR13308530,SRR13308530_1927_1,CDP,"0,515",NonHemo,"0,356",dairy
SRR13308534,SRR13308534_48563_1,CDP,"0,515",NonHemo,"0,356",dairy
SRR13308535,SRR13308535_189035_7,CDP,"0,723",Hemo,"0,525",dairy
SRR13308535,SRR13308535_396311_1,CDP,"0,673",Hemo,"0,941",dairy
SRR13308536,SRR13308536_26107_4,CLP,"0,644",Hemo,"0,584",dairy
SRR13308537,SRR13308537_8927_1,CLP,"0,644",Hemo,"0,584",dairy
SRR13308537,SRR13308537_10169_1,CDP,"0,515",NonHemo,"0,356",dairy
SRR13308538,SRR13308538_3943_7,CDP,"0,723",Hemo,"0,525",dairy
SRR13308540,SRR13308540_29479_1,CDP,"0,554",NonHemo,"0,218",dairy
SRR13308541,SRR13308541_6829_1,CDP,"0,515",NonHemo,"0,356",dairy
SRR13308541,SRR13308541_17191_2,CLP,"0,515",Hemo,"0,861",dairy
SRR13308541,SRR13308541_21341_1,CLP,"0,614",NonHemo,"0,416",dairy
SRR13308541,SRR13308541_25330_1,CLP,"0,574",Hemo,"0,851",dairy
SRR13308541,SRR13308541_25733_7,CDP,"0,723",Hemo,"0,525",dairy
SRR13308541,SRR13308541_113977_1,CDP,"0,564",Hemo,"0,554",dairy
SRR13564728,SRR13564728_21548_1,CLP,"0,505",NonHemo,"0,287",fruits_and_vegetables
SRR13564728,SRR13564728_49123_1,CLP,"0,723",Hemo,"0,723",fruits_and_vegetables
SRR13564730,SRR13564730_563_4,CLP,"0,505",Hemo,"0,792",fruits_and_vegetables
SRR13638419,SRR13638419_35433_5,CLP,"0,554",Hemo,"0,743",seafood
SRR13638421,SRR13638421_10595_2,CLP,"0,545",Hemo,"0,653",seafood
SRR13638421,SRR13638421_13696_1,CLP,"0,663",Hemo,"0,861",seafood
SRR13638423,SRR13638423_23174_2,CLP,"0,663",Hemo,"0,861",seafood
SRR13638424,SRR13638424_1040_2,CLP,"0,663",Hemo,"0,861",seafood
SRR13638425,SRR13638425_3136_9,CLP,"0,505",Hemo,"0,792",seafood
SRR13638425,SRR13638425_14277_2,CLP,"0,663",Hemo,"0,861",seafood
SRR13638428,SRR13638428_9314_14,CLP,"0,505",Hemo,"0,832",seafood
SRR13638428,SRR13638428_19749_3,CDP,"0,614",Hemo,"0,871",seafood
SRR13638428,SRR13638428_233114_2,CLP,"0,564",Hemo,"0,772",seafood
SRR13638429,SRR13638429_1037_1,CLP,"0,545",NonHemo,"0,248",seafood
SRR13638429,SRR13638429_1614_1,CLP,"0,515",Hemo,"0,604",seafood
SRR13638431,SRR13638431_9247_9,CLP,"0,644",Hemo,"0,733",seafood
SRR13638431,SRR13638431_191388_1,CLP,"0,584",Hemo,"0,881",seafood
SRR13638432,SRR13638432_557_4,CLP,"0,604",NonHemo,"0,406",seafood
SRR13638432,SRR13638432_404195_1,CLP,"0,574",Hemo,"0,851",seafood
SRR13638435,SRR13638435_3204_2,CLP,"0,545",NonHemo,"0,059",seafood
SRR13638435,SRR13638435_10576_1,CLP,"0,564",Hemo,"0,861",seafood
SRR13638436,SRR13638436_214533_1,CLP,"0,644",Hemo,"0,723",seafood
SRR13638437,SRR13638437_8811_1,CLP,"0,663",Hemo,"0,861",seafood
SRR13638438,SRR13638438_1976_4,CLP,"0,545",Hemo,"0,792",seafood
SRR13638438,SRR13638438_14742_1,CLP,"0,663",Hemo,"0,861",seafood
SRR13708565,SRR13708565_10768_1,CLP,"0,525",Hemo,"0,762",fermented_beverages
SRR13708566,SRR13708566_7224_1,CLP,"0,525",Hemo,"0,762",fermented_beverages
SRR13708567,SRR13708567_4101_2,CLP,"0,525",Hemo,"0,762",fermented_beverages
SRR14018896,SRR14018896_40408_1,CLP,"0,564",Hemo,"0,693",fermented_grains
SRR14018896,SRR14018896_96604_1,CDP,"0,515",NonHemo,"0,455",fermented_grains
SRR14018897,SRR14018897_1338_3,CLP,"0,564",Hemo,"0,693",fermented_grains
SRR14018897,SRR14018897_19406_2,CLP,"0,683",Hemo,"0,663",fermented_grains
SRR14018897,SRR14018897_45636_1,CDP,"0,515",NonHemo,"0,455",fermented_grains
SRR14156923,503385_4,CDP,"0,564",NonHemo,"0,436",fruits_and_vegetables
SRR14611551,SRR14611551_499_5,CLP,"0,545",Hemo,"0,644",seafood
SRR14611561,SRR14611561_70751_2,CDP,"0,723",Hemo,"0,871",fruits_and_vegetables
SRR14611563,SRR14611563_137541_1,CLP,"0,525",NonHemo,"0,485",fruits_and_vegetables
SRR14739068,SRR14739068_46185_1,CLP,"0,564",Hemo,"0,713",other
SRR14739068,SRR14739068_74983_8,CLP,"0,505",Hemo,"0,802",other
SRR14739071,SRR14739071_27103_3,CLP,"0,667",Hemo,"0,693",other
SRR14739071,SRR14739071_28009_2,CDP,"0,604",NonHemo,"0,465",other
SRR14739071,SRR14739071_43471_1,CLP,"0,584",Hemo,"0,842",other
SRR14739071,SRR14739071_66662_1,CLP,"0,644",NonHemo,"0,446",other
SRR14739071,SRR14739071_245150_2,CLP,"0,505",Hemo,"0,554",other
SRR14739071,SRR14739071_402432_1,CLP,"0,535",Hemo,"0,703",other
SRR14739079,SRR14739079_95504_1,CLP,"0,604",Hemo,"0,604",other
SRR14739079,SRR14739079_105762_1,CLP,"0,624",NonHemo,"0,178",other
SRR14739118,SRR14739118_8299_41,CLP,"0,505",Hemo,"0,614",meat
SRR14739151,SRR14739151_20577_1,CLP,"0,667",Hemo,"0,693",meat
SRR14739151,SRR14739151_66782_2,CLP,"0,723",Hemo,"0,782",meat
SRR14739151,SRR14739151_374474_7,CLP,"0,554",Hemo,"0,822",meat
SRR14739151,SRR14739151_1328478_1,CDP,"0,554",Hemo,"0,871",meat
SRR14739169,SRR14739169_43850_3,CLP,"0,604",Hemo,"0,604",other
SRR14739169,SRR14739169_45070_3,CLP,"0,583",Hemo,"0,554",other
SRR14739169,SRR14739169_182256_2,CLP,"0,667",Hemo,"0,693",other
SRR14739169,SRR14739169_376584_3,CDP,"0,545",Hemo,"0,693",other
SRR14739172,SRR14739172_61946_6,CLP,"0,624",Hemo,"0,624",other
SRR16638932,SRR16638932_592_1,CLP,"0,535",NonHemo,"0,495",dairy
SRR16870030,SRR16870030_828_1,CDP,"0,515",NonHemo,"0,356",dairy
SRR16950697,SRR16950697_52247_1,CLP,"0,574",Hemo,"0,851",fermented_seeds
SRR16950698,SRR16950698_59559_3,CDP,"0,673",Hemo,"0,634",fermented_seeds
SRR16950698,SRR16950698_132376_1,CLP,"0,574",Hemo,"0,851",fermented_seeds
SRR16950699,SRR16950699_126983_1,CDP,"0,663",Hemo,"0,871",fermented_seeds
SRR16950699,SRR16950699_148589_1,CDP,"0,673",Hemo,"0,634",fermented_seeds
SRR16950701,SRR16950701_155554_3,CDP,"0,673",Hemo,"0,634",fermented_seeds
SRR16950702,SRR16950702_37325_1,CLP,"0,515",Hemo,"0,554",fermented_seeds
SRR16950702,SRR16950702_52661_3,CDP,"0,554",Hemo,"0,772",fermented_seeds
SRR16950702,SRR16950702_84935_1,CDP,"0,554",Hemo,"0,713",fermented_seeds
SRR16950702,SRR16950702_258791_1,CDP,"0,663",Hemo,"0,871",fermented_seeds
SRR16950702,SRR16950702_792831_1,CDP,"0,624",Hemo,"0,515",fermented_seeds
SRR16950703,SRR16950703_61431_1,CLP,"0,604",Hemo,"0,772",fermented_seeds
SRR16950703,SRR16950703_67625_1,CLP,"0,53",Hemo,"0,752",fermented_seeds
SRR16950703,SRR16950703_103383_1,CLP,"0,525",Hemo,"0,891",fermented_seeds
SRR16950703,SRR16950703_122517_2,CLP,"0,644",Hemo,"0,644",fermented_seeds
SRR16950704,SRR16950704_2402_2,CDP,"0,515",NonHemo,"0,079",fermented_seeds
SRR16950704,SRR16950704_2409_1,CDP,"0,554",Hemo,"0,614",fermented_seeds
SRR16950704,SRR16950704_20485_3,CDP,"0,554",Hemo,"0,772",fermented_seeds
SRR16950704,SRR16950704_73659_1,CDP,"0,515",NonHemo,"0,129",fermented_seeds
SRR16950704,SRR16950704_98033_1,CLP,"0,53",Hemo,"0,752",fermented_seeds
SRR17227786,SRR17227786_166_1,CDP,"0,505",NonHemo,"0,406",dairy
SRR17227786,SRR17227786_8632_1,CLP,"0,505",NonHemo,"0,446",dairy
SRR17227786,SRR17227786_16137_2,CDP,"0,525",NonHemo,"0,436",dairy
SRR17227786,SRR17227786_113593_1,CDP,"0,584",NonHemo,"0,455",dairy
SRR17227787,SRR17227787_4172_4,CDP,"0,525",NonHemo,"0,436",dairy
SRR17227787,SRR17227787_21106_1,CDP,"0,584",NonHemo,"0,455",dairy
SRR17227787,SRR17227787_28095_1,CLP,"0,505",NonHemo,"0,446",dairy
SRR17227788,SRR17227788_7522_2,CLP,"0,545",Hemo,"0,604",dairy
SRR17227789,SRR17227789_26219_3,CDP,"0,515",NonHemo,"0,356",dairy
SRR17227794,SRR17227794_27956_2,CLP,"0,545",Hemo,"0,604",dairy
SRR17227794,SRR17227794_76650_1,CLP,"0,554",Hemo,"0,663",dairy
SRR17227795,SRR17227795_47211_2,CLP,"0,545",Hemo,"0,604",dairy
SRR17227795,SRR17227795_80670_1,CDP,"0,515",NonHemo,"0,356",dairy
SRR17227796,SRR17227796_157027_5,CLP,"0,545",Hemo,"0,604",dairy
SRR17227797,SRR17227797_3910_5,CLP,"0,545",Hemo,"0,604",dairy
SRR17227797,SRR17227797_20850_2,CDP,"0,525",NonHemo,"0,436",dairy
SRR17227797,SRR17227797_55563_1,CDP,"0,584",NonHemo,"0,455",dairy
SRR17227797,SRR17227797_158073_1,CLP,"0,505",NonHemo,"0,446",dairy
SRR17227798,SRR17227798_9379_2,CDP,"0,525",NonHemo,"0,436",dairy
SRR17227798,SRR17227798_11005_2,CLP,"0,545",Hemo,"0,604",dairy
SRR17227798,SRR17227798_115172_1,CDP,"0,584",NonHemo,"0,455",dairy
SRR17227800,SRR17227800_15200_1,CLP,"0,584",NonHemo,"0,129",dairy
SRR17227800,SRR17227800_24824_4,CLP,"0,564",Hemo,"0,525",dairy
SRR17227800,SRR17227800_51022_5,CDP,"0,525",NonHemo,"0,436",dairy
SRR17227800,SRR17227800_140197_1,CLP,"0,505",NonHemo,"0,446",dairy
SRR17227801,SRR17227801_15686_5,CDP,"0,525",NonHemo,"0,436",dairy
SRR17227801,SRR17227801_27507_1,CLP,"0,535",Hemo,"0,941",dairy
SRR17227801,SRR17227801_27707_1,CLP,"0,505",NonHemo,"0,446",dairy
SRR17227801,SRR17227801_63704_1,CDP,"0,584",NonHemo,"0,455",dairy
SRR17227801,SRR17227801_74863_1,CDP,"0,505",NonHemo,"0,406",dairy
SRR17227802,SRR17227802_4368_5,CLP,"0,545",Hemo,"0,604",dairy
SRR17227803,SRR17227803_16237_4,CLP,"0,535",NonHemo,"0,495",dairy
SRR17227803,SRR17227803_17209_1,CDP,"0,525",NonHemo,"0,436",dairy
SRR18334998,SRR18334998_39062_1,CLP,"0,505",Hemo,"0,792",fermented_fruits_and_vegetables
SRR18335000,SRR18335000_24292_1,CDP,"0,554",Hemo,"0,891",fermented_fruits_and_vegetables
SRR18335002,SRR18335002_2027_15,CLP,"0,505",Hemo,"0,792",fermented_fruits_and_vegetables
SRR18335004,SRR18335004_528_12,CLP,"0,505",Hemo,"0,792",fermented_fruits_and_vegetables
SRR18335009,SRR18335009_6353_2,CDP,"0,554",Hemo,"0,733",fermented_fruits_and_vegetables
SRR18335010,SRR18335010_197235_2,CLP,"0,673",Hemo,"0,822",fermented_fruits_and_vegetables
SRR18335014,SRR18335014_6388_2,CLP,"0,515",Hemo,"0,604",fermented_fruits_and_vegetables
SRR19040796,SRR19040796_4405_1,CLP,"0,812",Hemo,"0,842",fermented_beverages
SRR19040824,SRR19040824_3153_9,CLP,"0,812",Hemo,"0,842",fermented_beverages
SRR19040824,SRR19040824_24724_1,CLP,"0,545",Hemo,"0,614",fermented_beverages
SRR19040826,SRR19040826_3744_3,CLP,"0,812",Hemo,"0,842",fermented_beverages
SRR19040826,SRR19040826_16110_1,CLP,"0,545",Hemo,"0,614",fermented_beverages
SRR19040838,SRR19040838_31291_1,CLP,"0,545",Hemo,"0,614",fermented_beverages
SRR19040840,SRR19040840_4513_9,CLP,"0,812",Hemo,"0,842",fermented_beverages
SRR19040840,SRR19040840_13164_1,CLP,"0,545",Hemo,"0,614",fermented_beverages
SRR19040843,SRR19040843_24758_1,CDP,"0,505",Hemo,"0,614",fermented_beverages
SRR19040847,SRR19040847_3362_3,CLP,"0,812",Hemo,"0,842",fermented_beverages
SRR19505782,SRR19505782_2114_4,CDP,"0,723",Hemo,"0,525",dairy
SRR20746819,SRR20746819_1487_5,CLP,"0,535",NonHemo,"0,495",dairy
SRR20746824,SRR20746824_131_1,CLP,"0,554",Hemo,"0,921",dairy
SRR20746824,SRR20746824_1321_3,CDP,"0,515",NonHemo,"0,356",dairy
SRR20746825,SRR20746825_2321_1,CDP,"0,525",Hemo,"0,891",dairy
SRR20746826,SRR20746826_316_1,CDP,"0,545",Hemo,"0,931",dairy
SRR20746832,SRR20746832_12710_1,CDP,"0,693",Hemo,"0,703",dairy
SRR20746840,SRR20746840_2506_1,CDP,"0,653",Hemo,"0,782",dairy
SRR20746847,SRR20746847_9932_1,CDP,"0,515",NonHemo,"0,356",dairy
SRR20746848,SRR20746848_4127_1,CLP,"0,574",Hemo,"0,851",dairy
SRR20746851,SRR20746851_1271_4,CDP,"0,614",NonHemo,"0,297",dairy
SRR20746851,SRR20746851_20029_1,CLP,"0,515",NonHemo,"0,109",dairy
SRR20746856,SRR20746856_3_4,CLP,"0,535",NonHemo,"0,495",dairy
SRR20746857,SRR20746857_153_5,CLP,"0,535",NonHemo,"0,495",dairy
SRR20746858,SRR20746858_634_5,CLP,"0,535",NonHemo,"0,495",dairy
SRR20746861,SRR20746861_2729_1,CDP,"0,515",NonHemo,"0,356",dairy
SRR20746862,SRR20746862_4_5,CLP,"0,535",NonHemo,"0,495",dairy
SRR20746865,SRR20746865_7138_3,CLP,"0,667",Hemo,"0,693",dairy
SRR20746867,SRR20746867_2877_5,CDP,"0,525",NonHemo,"0,436",dairy
SRR20746867,SRR20746867_25646_1,CDP,"0,505",Hemo,"0,713",dairy
SRR20746870,SRR20746870_14564_1,CDP,"0,515",NonHemo,"0,356",dairy
SRR20746873,SRR20746873_4937_7,CDP,"0,713",Hemo,"0,535",dairy
SRR20746877,SRR20746877_701_3,CDP,"0,515",NonHemo,"0,356",dairy
SRR20746880,SRR20746880_1975_4,CLP,"0,535",NonHemo,"0,495",dairy
SRR20746909,SRR20746909_3255_1,CDP,"0,515",NonHemo,"0,356",dairy
SRR20746909,SRR20746909_10428_2,CDP,"0,673",Hemo,"0,743",dairy
SRR20746911,SRR20746911_2463_1,CDP,"0,515",NonHemo,"0,356",dairy
SRR20746934,SRR20746934_1173_4,CDP,"0,569",Hemo,"0,683",dairy
SRR20746934,SRR20746934_1599_1,CDP,"0,653",Hemo,"0,782",dairy
SRR20746936,SRR20746936_656_5,CLP,"0,535",NonHemo,"0,495",dairy
SRR20746940,SRR20746940_502_2,CDP,"0,515",NonHemo,"0,356",dairy
SRR20746959,SRR20746959_277_4,CLP,"0,535",NonHemo,"0,495",dairy
SRR20746963,SRR20746963_2678_1,CDP,"0,653",Hemo,"0,782",dairy
SRR20746965,SRR20746965_1344_1,CDP,"0,653",Hemo,"0,782",dairy
SRR20746967,SRR20746967_495_5,CLP,"0,535",NonHemo,"0,495",dairy
SRR20746968,SRR20746968_2392_3,CLP,"0,614",Hemo,"0,822",dairy
SRR20746968,SRR20746968_13244_1,CDP,"0,614",Hemo,"0,95",dairy
SRR20746970,SRR20746970_459_3,CDP,"0,515",NonHemo,"0,356",dairy
SRR20746970,SRR20746970_2395_4,CLP,"0,535",NonHemo,"0,495",dairy
SRR20746975,SRR20746975_2587_1,CDP,"0,515",NonHemo,"0,356",dairy
SRR20746981,SRR20746981_262_1,CLP,"0,545",Hemo,"0,634",dairy
SRR20746981,SRR20746981_11445_3,CDP,"0,515",NonHemo,"0,356",dairy
SRR2081070,SRR2081070_4263_3,CLP,"0,851",Hemo,"0,911",dairy
SRR2081070,SRR2081070_4263_4,CLP,"0,822",Hemo,"0,96",dairy
SRR2081070,SRR2081070_4263_5,CLP,"0,762",Hemo,"0,743",dairy
SRR2081070,SRR2081070_4263_6,CLP,"0,624",Hemo,"0,861",dairy
SRR2081070,SRR2081070_24486_1,CDP,"0,653",Hemo,"0,733",dairy
SRR2081070,SRR2081070_52134_3,CDP,"0,515",NonHemo,"0,356",dairy
SRR2081070,SRR2081070_162251_1,CLP,"0,95",Hemo,"0,861",dairy
SRR2081070,SRR2081070_162251_2,CLP,"0,97",Hemo,"0,891",dairy
SRR20811130,SRR20811130_3604_4,CLP,"0,535",NonHemo,"0,495",dairy
SRR20811131,SRR20811131_1319_4,CLP,"0,535",NonHemo,"0,495",dairy
SRR20811132,SRR20811132_751_5,CLP,"0,535",NonHemo,"0,495",dairy
SRR20811140,SRR20811140_317_3,CDP,"0,515",NonHemo,"0,356",dairy
SRR20811140,SRR20811140_782_23,CLP,"0,515",Hemo,"0,772",dairy
SRR20811141,SRR20811141_233_2,CLP,"0,515",Hemo,"0,772",dairy
SRR20811141,SRR20811141_522_1,CDP,"0,515",NonHemo,"0,356",dairy
SRR20811142,SRR20811142_2742_1,CDP,"0,515",NonHemo,"0,356",dairy
SRR20811143,SRR20811143_986_6,CDP,"0,525",NonHemo,"0,436",dairy
SRR20811144,SRR20811144_3246_1,CLP,"0,545",Hemo,"0,634",dairy
SRR20811144,SRR20811144_36705_1,CLP,"0,584",NonHemo,"0,455",dairy
SRR20811145,SRR20811145_461_3,CDP,"0,515",NonHemo,"0,356",dairy
SRR20811147,SRR20811147_4486_3,CDP,"0,515",NonHemo,"0,356",dairy
SRR20811147,SRR20811147_18755_1,CLP,"0,584",NonHemo,"0,455",dairy
SRR20811148,SRR20811148_3961_1,CDP,"0,515",NonHemo,"0,356",dairy
SRR20811149,SRR20811149_1302_2,CDP,"0,515",NonHemo,"0,356",dairy
SRR20811150,SRR20811150_3210_1,CDP,"0,515",NonHemo,"0,356",dairy
SRR20811151,SRR20811151_2819_22,CLP,"0,515",Hemo,"0,772",dairy
SRR20811227,SRR20811227_1497_1,CDP,"0,515",NonHemo,"0,356",dairy
SRR20811228,SRR20811228_6085_5,CLP,"0,535",NonHemo,"0,495",dairy
SRR20811228,SRR20811228_10399_1,CDP,"0,515",NonHemo,"0,356",dairy
SRR20811229,SRR20811229_38_5,CLP,"0,535",NonHemo,"0,495",dairy
SRR20811229,SRR20811229_836_1,CDP,"0,515",NonHemo,"0,356",dairy
SRR20811270,SRR20811270_1261_1,CDP,"0,515",NonHemo,"0,356",dairy
SRR20811270,SRR20811270_2823_5,CLP,"0,535",NonHemo,"0,495",dairy
SRR20811271,SRR20811271_11242_2,CLP,"0,515",Hemo,"0,772",dairy
SRR20811276,SRR20811276_29067_1,CLP,"0,515",Hemo,"0,574",dairy
SRR20811279,SRR20811279_54256_1,CLP,"0,505",Hemo,"0,842",dairy
SRR20811280,SRR20811280_829_2,CDP,"0,515",NonHemo,"0,356",dairy
SRR20811281,SRR20811281_7207_3,CDP,"0,515",NonHemo,"0,356",dairy
SRR20811282,SRR20811282_2769_3,CDP,"0,515",NonHemo,"0,356",dairy
SRR20811283,SRR20811283_4767_3,CDP,"0,515",NonHemo,"0,356",dairy
SRR20811287,SRR20811287_4912_1,CDP,"0,515",NonHemo,"0,356",dairy
SRR20811290,SRR20811290_10057_1,CLP,"0,545",Hemo,"0,604",dairy
SRR20811291,SRR20811291_23151_1,CLP,"0,693",Hemo,"0,901",dairy
SRR2177250,SRR2177250_209076_1,CDP,"0,554",Hemo,"0,871",fruits_and_vegetables
SRR2177285,SRR2177285_930_67,CLP,"0,614",Hemo,"0,842",fruits_and_vegetables
SRR2177285,SRR2177285_930_71,CDP,"0,554",Hemo,"0,713",fruits_and_vegetables
SRR2177360,SRR2177360_11614_4,CLP,"0,653",NonHemo,"0,327",fruits_and_vegetables
SRR2177361,SRR2177361_48946_1,CLP,"0,614",Hemo,"0,881",fruits_and_vegetables
SRR2177361,SRR2177361_59675_1,CLP,"0,545",Hemo,"0,861",fruits_and_vegetables
SRR2182534,SRR2182534_6037_1,CDP,"0,614",Hemo,"0,663",probiotics
SRR2182549,SRR2182549_2668_1,CDP,"0,515",NonHemo,"0,356",probiotics
SRR2182549,SRR2182549_4639_2,CLP,"0,574",NonHemo,"0,366",probiotics
SRR2182550,SRR2182550_4151_3,CDP,"0,515",NonHemo,"0,356",probiotics
SRR2182550,SRR2182550_6600_1,CDP,"0,614",Hemo,"0,663",probiotics
SRR22022232,SRR22022232_5207_1,CDP,"0,505",Hemo,"0,752",fruits_and_vegetables
SRR22022233,SRR22022233_56329_2,CLP,"0,644",Hemo,"0,644",fruits_and_vegetables
SRR22022233,SRR22022233_301589_1,CDP,"0,604",NonHemo,"0,267",fruits_and_vegetables
SRR22022234,SRR22022234_23605_2,CDP,"0,525",NonHemo,"0,396",meat
SRR22022234,SRR22022234_25849_1,CLP,"0,667",Hemo,"0,693",meat
SRR22022234,SRR22022234_304683_1,CLP,"0,545",Hemo,"0,832",meat
SRR22022234,SRR22022234_449012_1,CLP,"0,634",Hemo,"0,614",meat
SRR22022237,3479517_1,CLP,"0,574",Hemo,"0,792",meat
SRR22022240,SRR22022240_43147_3,CLP,"0,667",Hemo,"0,693",meat
SRR22022241,SRR22022241_20798_1,CDP,"0,554",Hemo,"0,871",meat
SRR22022241,SRR22022241_70140_1,CDP,"0,604",Hemo,"0,535",meat
SRR22022241,SRR22022241_97437_1,CLP,"0,574",Hemo,"0,792",meat
SRR22022242,SRR22022242_36894_1,CLP,"0,535",Hemo,"0,812",meat
SRR22022243,SRR22022243_301_5,CDP,"0,574",Hemo,"0,812",meat
SRR22022243,SRR22022243_51487_1,CLP,"0,515",Hemo,"0,941",meat
SRR22022243,SRR22022243_72259_2,CDP,"0,525",NonHemo,"0,396",meat
SRR22022243,SRR22022243_97823_1,CLP,"0,614",Hemo,"0,683",meat
SRR22022247,SRR22022247_32484_1,CDP,"0,604",Hemo,"0,535",meat
SRR22022247,SRR22022247_62551_4,CLP,"0,584",Hemo,"0,673",meat
SRR22022248,SRR22022248_784434_1,CLP,"0,545",Hemo,"0,832",meat
SRR22022259,SRR22022259_134231_1,CLP,"0,545",Hemo,"0,832",meat
SRR22022259,SRR22022259_251918_1,CLP,"0,667",Hemo,"0,693",meat
SRR22022263,SRR22022263_5832_3,CLP,"0,667",Hemo,"0,693",seafood
SRR22022263,SRR22022263_28200_1,CLP,"0,535",NonHemo,"0,228",seafood
SRR22022266,SRR22022266_5713_1,CLP,"0,624",Hemo,"0,802",seafood
SRR22022266,SRR22022266_8240_1,CLP,"0,667",Hemo,"0,693",seafood
SRR22022266,SRR22022266_91712_3,CLP,"0,535",Hemo,"0,743",seafood
SRR22022266,SRR22022266_720226_1,CLP,"0,723",Hemo,"0,921",seafood
SRR22022267,SRR22022267_21284_3,CLP,"0,667",Hemo,"0,693",seafood
SRR22022269,SRR22022269_183105_1,CLP,"0,505",Hemo,"0,584",seafood
SRR22022269,SRR22022269_256854_1,CDP,"0,554",NonHemo,"0,287",seafood
SRR22022270,8041417_1,CDP,"0,574",Hemo,"0,95",seafood
SRR22022270,12495231_1,CLP,"0,693",Hemo,"0,832",seafood
SRR22022270,12860735_1,CDP,"0,564",Hemo,"0,752",seafood
SRR22022273,SRR22022273_432702_1,CLP,"0,505",NonHemo,"0,238",seafood
SRR22022280,SRR22022280_295438_2,CLP,"0,535",Hemo,"0,743",meat
SRR22022280,SRR22022280_357472_3,CLP,"0,667",Hemo,"0,693",meat
SRR22022291,SRR22022291_30198_3,CLP,"0,584",Hemo,"0,673",meat
SRR22022296,SRR22022296_3805_1,CLP,"0,515",Hemo,"0,772",fruits_and_vegetables
SRR22022302,SRR22022302_88652_3,CDP,"0,505",Hemo,"0,752",meat
SRR22022302,SRR22022302_202524_1,CLP,"0,667",Hemo,"0,693",meat
SRR22022306,SRR22022306_365127_5,CLP,"0,505",Hemo,"0,594",meat
SRR22022307,SRR22022307_1322_1,CLP,"0,525",NonHemo,"0,485",meat
SRR22022307,SRR22022307_154214_1,CDP,"0,554",Hemo,"0,99",meat
SRR22022307,SRR22022307_210337_1,CLP,"0,515",Hemo,"0,921",meat
SRR22022308,SRR22022308_64188_3,CLP,"0,667",Hemo,"0,693",meat
SRR22022309,SRR22022309_3965_3,CDP,"0,624",NonHemo,"0,376",meat
SRR22022309,SRR22022309_180890_1,CDP,"0,525",NonHemo,"0,396",meat
SRR22022310,SRR22022310_338999_1,CLP,"0,667",Hemo,"0,693",meat
SRR22022310,SRR22022310_565937_1,CDP,"0,564",NonHemo,"0,327",meat
SRR22022311,SRR22022311_19704_3,CLP,"0,667",Hemo,"0,693",meat
SRR22022312,SRR22022312_46218_1,CLP,"0,614",Hemo,"0,624",meat
SRR22022312,SRR22022312_110274_1,CLP,"0,667",Hemo,"0,693",meat
SRR22022312,SRR22022312_397262_1,CLP,"0,693",Hemo,"0,832",meat
SRR22022314,SRR22022314_327696_3,CLP,"0,667",Hemo,"0,693",meat
SRR22022314,SRR22022314_536544_2,CLP,"0,515",Hemo,"0,673",meat
SRR22022314,SRR22022314_811869_1,CLP,"0,693",Hemo,"0,832",meat
SRR22022315,222236_1,CDP,"0,505",Hemo,"0,564",meat
SRR22022316,SRR22022316_496362_1,CLP,"0,663",Hemo,"0,832",fruits_and_vegetables
SRR22022317,SRR22022317_48201_1,CDP,"0,525",Hemo,"0,891",fruits_and_vegetables
SRR22022317,SRR22022317_75736_1,CLP,"0,515",Hemo,"0,772",fruits_and_vegetables
SRR22022317,SRR22022317_136445_1,CLP,"0,515",Hemo,"0,861",fruits_and_vegetables
SRR22022318,SRR22022318_3672_6,CDP,"0,574",Hemo,"0,812",meat
SRR22022322,SRR22022322_20909_2,CLP,"0,584",Hemo,"0,673",fruits_and_vegetables
SRR22022322,SRR22022322_24802_4,CLP,"0,535",Hemo,"0,743",fruits_and_vegetables
SRR22022324,SRR22022324_321528_1,CLP,"0,614",Hemo,"0,881",fruits_and_vegetables
SRR22022327,SRR22022327_327422_2,CLP,"0,713",Hemo,"0,812",fruits_and_vegetables
SRR22022327,SRR22022327_419452_1,CDP,"0,525",Hemo,"0,891",fruits_and_vegetables
SRR22022329,SRR22022329_117539_2,CLP,"0,663",Hemo,"0,802",meat
SRR22022329,SRR22022329_135000_1,CLP,"0,614",Hemo,"0,653",meat
SRR22022329,SRR22022329_227585_1,CLP,"0,525",NonHemo,"0,485",meat
SRR22022331,SRR22022331_1263533_1,CLP,"0,545",Hemo,"0,832",fruits_and_vegetables
SRR22022332,2523817_1,CLP,"0,515",Hemo,"0,743",fruits_and_vegetables
SRR22022333,SRR22022333_38651_3,CLP,"0,667",Hemo,"0,693",fruits_and_vegetables
SRR22022333,SRR22022333_96185_2,CLP,"0,525",NonHemo,"0,356",fruits_and_vegetables
SRR22022333,SRR22022333_193168_1,CDP,"0,713",Hemo,"0,95",fruits_and_vegetables
SRR22022334,SRR22022334_69253_4,CLP,"0,584",Hemo,"0,673",fruits_and_vegetables
SRR22022334,SRR22022334_504793_2,CDP,"0,584",Hemo,"0,584",fruits_and_vegetables
SRR22022337,SRR22022337_160219_2,CLP,"0,535",Hemo,"0,564",fruits_and_vegetables
SRR22022337,SRR22022337_544495_1,CDP,"0,525",Hemo,"0,881",fruits_and_vegetables
SRR22022337,SRR22022337_1355821_1,CDP,"0,515",Hemo,"0,683",fruits_and_vegetables
SRR22022348,SRR22022348_12191_1,CDP,"0,604",Hemo,"0,535",meat
SRR22022359,SRR22022359_62882_1,CLP,"0,505",Hemo,"0,584",meat
SRR22022359,SRR22022359_228114_3,CLP,"0,667",Hemo,"0,693",meat
SRR22022362,SRR22022362_298252_1,CLP,"0,525",NonHemo,"0,485",seafood
SRR22022362,SRR22022362_507635_3,CLP,"0,505",Hemo,"0,634",seafood
SRR22022362,SRR22022362_654633_1,CLP,"0,594",Hemo,"0,733",seafood
SRR22022363,SRR22022363_293480_1,CDP,"0,515",Hemo,"0,564",seafood
SRR22022363,SRR22022363_552456_1,CDP,"0,515",NonHemo,"0,446",seafood
SRR22022363,SRR22022363_608221_1,CLP,"0,505",Hemo,"0,723",seafood
SRR22022364,SRR22022364_45174_3,CLP,"0,667",Hemo,"0,693",seafood
SRR22022367,SRR22022367_205665_1,CDP,"0,624",Hemo,"0,584",seafood
SRR22022367,SRR22022367_703235_1,CDP,"0,554",NonHemo,"0,327",seafood
SRR22022367,SRR22022367_740366_1,CLP,"0,584",Hemo,"0,762",seafood
SRR22022368,SRR22022368_376419_1,CLP,"0,667",Hemo,"0,693",seafood
SRR22022368,SRR22022368_448528_2,CLP,"0,515",Hemo,"0,545",seafood
SRR22022369,SRR22022369_29055_2,CLP,"0,663",Hemo,"0,802",meat
SRR22022369,SRR22022369_290494_1,CLP,"0,545",Hemo,"0,832",meat
SRR22022369,SRR22022369_300105_3,CLP,"0,667",Hemo,"0,693",meat
SRR22022369,SRR22022369_352955_1,CLP,"0,515",Hemo,"0,782",meat
SRR22022369,SRR22022369_683212_1,CDP,"0,554",NonHemo,"0,327",meat
SRR22022370,SRR22022370_2256_1,CLP,"0,667",Hemo,"0,693",seafood
SRR22022370,SRR22022370_221878_1,CLP,"0,604",Hemo,"0,554",seafood
SRR22022370,SRR22022370_272155_1,CLP,"0,663",Hemo,"0,614",seafood
SRR22022370,SRR22022370_484952_1,CDP,"0,574",NonHemo,"0,376",seafood
SRR22022371,SRR22022371_501085_1,CLP,"0,723",Hemo,"0,921",seafood
SRR22022373,SRR22022373_13310_8,CLP,"0,515",NonHemo,"0,208",seafood
SRR22022374,SRR22022374_125951_3,CLP,"0,574",NonHemo,"0,178",seafood
SRR22022374,SRR22022374_166480_1,CLP,"0,752",Hemo,"0,752",seafood
SRR22022374,SRR22022374_174697_3,CLP,"0,515",Hemo,"0,941",seafood
SRR22022380,SRR22022380_56541_1,CLP,"0,667",Hemo,"0,693",meat
SRR22022381,SRR22022381_1362667_1,CDP,"0,505",NonHemo,"0,485",seafood
SRR22022383,SRR22022383_1592750_1,CDP,"0,505",Hemo,"0,822",seafood
SRR22022384,SRR22022384_2022405_1,CLP,"0,535",Hemo,"0,683",seafood
SRR22022384,SRR22022384_3795812_1,CLP,"0,673",Hemo,"0,733",seafood
SRR22022386,SRR22022386_126534_1,CDP,"0,624",NonHemo,"0,307",seafood
SRR22022386,SRR22022386_383084_1,CDP,"0,515",Hemo,"0,752",seafood
SRR22022387,SRR22022387_9704_2,CLP,"0,564",Hemo,"0,871",seafood
SRR22022387,SRR22022387_46531_3,CLP,"0,574",Hemo,"0,594",seafood
SRR22022387,SRR22022387_111863_3,CLP,"0,667",Hemo,"0,693",seafood
SRR22022388,SRR22022388_49761_2,CLP,"0,584",Hemo,"0,733",seafood
SRR22022389,SRR22022389_1682234_2,CLP,"0,574",Hemo,"0,792",seafood
SRR22022391,SRR22022391_54095_2,CLP,"0,574",Hemo,"0,792",meat
SRR22022391,SRR22022391_86346_3,CLP,"0,812",Hemo,"0,95",meat
SRR22022391,SRR22022391_87209_3,CLP,"0,667",Hemo,"0,693",meat
SRR22022391,SRR22022391_869780_1,CLP,"0,505",Hemo,"0,941",meat
SRR22022392,SRR22022392_3338_4,CDP,"0,663",Hemo,"0,792",seafood
SRR22022392,SRR22022392_13313_1,CDP,"0,505",Hemo,"0,634",seafood
SRR22022392,SRR22022392_33873_3,CDP,"0,554",Hemo,"0,851",seafood
SRR22022392,SRR22022392_41203_1,CLP,"0,624",NonHemo,"0,198",seafood
SRR22022392,SRR22022392_48467_1,CDP,"0,564",Hemo,"0,891",seafood
SRR22022394,SRR22022394_200658_2,CLP,"0,663",Hemo,"0,861",seafood
SRR22022396,SRR22022396_5699_3,CLP,"0,667",Hemo,"0,693",meat
SRR22022396,SRR22022396_15387_5,CDP,"0,535",NonHemo,"0,386",meat
SRR22022396,SRR22022396_546759_1,CDP,"0,564",Hemo,"0,832",meat
SRR22022397,SRR22022397_53162_3,CLP,"0,535",Hemo,"0,743",meat
SRR22022397,SRR22022397_222931_1,CLP,"0,574",Hemo,"0,792",meat
SRR22022398,SRR22022398_37913_3,CLP,"0,667",Hemo,"0,693",meat
SRR22022398,SRR22022398_207868_1,CLP,"0,525",NonHemo,"0,485",meat
SRR22022400,SRR22022400_164792_1,CLP,"0,667",Hemo,"0,693",meat
SRR22022401,SRR22022401_6937_1,CLP,"0,515",Hemo,"0,584",meat
SRR22022408,SRR22022408_19762_3,CLP,"0,667",Hemo,"0,693",meat
SRR22022408,SRR22022408_152226_1,CLP,"0,574",Hemo,"0,792",meat
SRR22022419,SRR22022419_304742_2,CLP,"0,667",Hemo,"0,693",meat
SRR22022430,SRR22022430_4168_3,CLP,"0,667",Hemo,"0,693",seafood
SRR22022430,SRR22022430_27639_1,CLP,"0,574",Hemo,"0,792",seafood
SRR22022431,SRR22022431_47425_3,CLP,"0,505",Hemo,"0,584",meat
SRR22022432,SRR22022432_16813_2,CLP,"0,535",Hemo,"0,743",meat
SRR22022432,SRR22022432_46761_3,CLP,"0,723",Hemo,"0,782",meat
SRR22022432,SRR22022432_647588_1,CDP,"0,525",NonHemo,"0,396",meat
SRR22022433,SRR22022433_85981_1,CLP,"0,667",Hemo,"0,693",meat
SRR22022433,SRR22022433_296140_1,CLP,"0,693",Hemo,"0,832",meat
SRR22022434,SRR22022434_90560_2,CDP,"0,693",Hemo,"0,663",meat
SRR22177347,SRR22177347_62422_2,CLP,"0,545",NonHemo,"0,228",fruits_and_vegetables
SRR22177357,SRR22177357_81256_3,CLP,"0,535",NonHemo,"0,376",fruits_and_vegetables
SRR22177357,SRR22177357_89109_1,CDP,"0,545",Hemo,"0,505",fruits_and_vegetables
SRR22177357,SRR22177357_145345_2,CLP,"0,604",NonHemo,"0,455",fruits_and_vegetables
SRR22177358,SRR22177358_5298_7,CLP,"0,525",Hemo,"0,505",fruits_and_vegetables
SRR22177359,SRR22177359_83006_3,CLP,"0,762",Hemo,"0,861",fruits_and_vegetables
SRR22177361,SRR22177361_75845_4,CDP,"0,515",Hemo,"0,733",fruits_and_vegetables
SRR22177361,SRR22177361_151504_2,CLP,"0,515",NonHemo,"0,208",fruits_and_vegetables
SRR22177361,SRR22177361_423211_1,CLP,"0,624",NonHemo,"0,465",fruits_and_vegetables
SRR22177368,SRR22177368_26195_1,CLP,"0,554",NonHemo,"0,396",fruits_and_vegetables
SRR22177368,SRR22177368_155368_2,CLP,"0,574",Hemo,"0,505",fruits_and_vegetables
SRR22177369,SRR22177369_27810_2,CDP,"0,653",Hemo,"0,653",fruits_and_vegetables
SRR22177369,SRR22177369_101802_2,CLP,"0,624",Hemo,"0,782",fruits_and_vegetables
SRR22177369,SRR22177369_189025_1,CLP,"0,505",NonHemo,"0,455",fruits_and_vegetables
SRR22177369,SRR22177369_1762619_1,CLP,"0,505",NonHemo,"0,485",fruits_and_vegetables
SRR22177370,SRR22177370_39550_3,CDP,"0,644",Hemo,"0,653",fruits_and_vegetables
SRR22177370,SRR22177370_274306_1,CDP,"0,624",Hemo,"0,743",fruits_and_vegetables
SRR22177371,SRR22177371_356689_1,CDP,"0,644",Hemo,"0,653",fruits_and_vegetables
SRR22177371,SRR22177371_535925_1,CLP,"0,535",Hemo,"0,614",fruits_and_vegetables
SRR2219805,SRR2219805_451_14,CDP,"0,525",NonHemo,"0,436",fermented_fruits_and_vegetables
SRR2219805,SRR2219805_917_22,CLP,"0,515",NonHemo,"0,188",fermented_fruits_and_vegetables
SRR2219866,SRR2219866_11648_5,CLP,"0,564",Hemo,"0,762",fermented_fruits_and_vegetables
SRR2219866,SRR2219866_20362_1,CLP,"0,703",Hemo,"0,594",fermented_fruits_and_vegetables
SRR22851057,SRR22851057_1947_2,CLP,"0,584",Hemo,"0,554",fermented_grains
SRR22851057,SRR22851057_2046_5,CLP,"0,624",NonHemo,"0,475",fermented_grains
SRR22851057,SRR22851057_11276_1,CLP,"0,95",Hemo,"0,861",fermented_grains
SRR22851057,SRR22851057_11276_2,CLP,"0,97",Hemo,"0,891",fermented_grains
SRR22851058,SRR22851058_102_1,CLP,"0,97",Hemo,"0,891",fermented_grains
SRR22851058,SRR22851058_102_2,CLP,"0,95",Hemo,"0,861",fermented_grains
SRR22851058,SRR22851058_5688_2,CLP,"0,624",Hemo,"0,881",fermented_grains
SRR22851058,SRR22851058_6032_5,CLP,"0,584",Hemo,"0,554",fermented_grains
SRR22851058,SRR22851058_9755_2,CLP,"0,624",NonHemo,"0,475",fermented_grains
SRR22851058,SRR22851058_57244_1,CLP,"0,683",Hemo,"0,663",fermented_grains
SRR22851167,SRR22851167_2554_1,CLP,"0,604",Hemo,"0,96",dairy
SRR22851168,SRR22851168_2847_1,CLP,"0,604",Hemo,"0,96",dairy
SRR22859377,SRR22859377_7901_10,CDP,"0,614",Hemo,"0,832",fermented_legumes
SRR22859377,SRR22859377_12175_6,CLP,"0,95",Hemo,"0,861",fermented_legumes
SRR22859377,SRR22859377_12175_7,CLP,"0,97",Hemo,"0,891",fermented_legumes
SRR22859378,SRR22859378_1185_7,CDP,"0,614",Hemo,"0,832",fermented_legumes
SRR22859378,SRR22859378_4142_1,CLP,"0,97",Hemo,"0,891",fermented_legumes
SRR22859378,SRR22859378_4142_2,CLP,"0,95",Hemo,"0,861",fermented_legumes
SRR22859378,SRR22859378_16145_2,CLP,"0,604",NonHemo,"0,475",fermented_legumes
SRR22859379,SRR22859379_208_11,CLP,"0,95",Hemo,"0,861",fermented_legumes
SRR22859379,SRR22859379_208_12,CLP,"0,97",Hemo,"0,891",fermented_legumes
SRR22859379,SRR22859379_16349_2,CLP,"0,554",Hemo,"0,644",fermented_legumes
SRR22859379,SRR22859379_45103_1,CLP,"0,515",Hemo,"0,673",fermented_legumes
SRR22865494,SRR22865494_15394_1,CLP,"0,515",Hemo,"0,703",meat
SRR22865494,SRR22865494_449321_1,CLP,"0,554",Hemo,"0,861",meat
SRR22865494,SRR22865494_650069_1,CLP,"0,525",NonHemo,"0,119",meat
SRR22865497,SRR22865497_117521_2,CLP,"0,667",Hemo,"0,693",meat
SRR22865500,SRR22865500_187848_1,CLP,"0,525",Hemo,"0,584",meat
SRR22865511,SRR22865511_1805_2,CLP,"0,812",Hemo,1,meat
SRR22865517,SRR22865517_8496_3,CDP,"0,743",Hemo,"0,663",meat
SRR22865518,SRR22865518_836325_1,CLP,"0,614",Hemo,"0,772",meat
SRR22865518,SRR22865518_991219_1,CLP,"0,564",Hemo,"0,574",meat
SRR22865518,SRR22865518_1026194_1,CLP,"0,505",Hemo,"0,545",meat
SRR22865519,SRR22865519_130103_1,CLP,"0,505",Hemo,"0,545",meat
SRR22865519,SRR22865519_140504_1,CDP,"0,535",Hemo,"0,941",meat
SRR22865519,SRR22865519_160257_1,CDP,"0,693",Hemo,"0,644",meat
SRR22865521,SRR22865521_7250_1,CDP,"0,525",NonHemo,"0,109",seafood
SRR22865521,SRR22865521_35989_1,CDP,"0,505",Hemo,"0,594",seafood
SRR22865521,SRR22865521_70406_1,CLP,"0,624",Hemo,"0,881",seafood
SRR22865521,SRR22865521_79512_1,CLP,"0,53",NonHemo,"0,267",seafood
SRR22865521,SRR22865521_130650_1,CLP,"0,564",NonHemo,"0,297",seafood
SRR22865521,SRR22865521_139482_1,CDP,"0,611",NonHemo,"0,238",seafood
SRR22865521,SRR22865521_174797_1,CLP,"0,693",Hemo,"0,901",seafood
SRR22865521,SRR22865521_210057_1,CLP,"0,564",Hemo,"0,584",seafood
SRR22865521,SRR22865521_230219_2,CLP,"0,594",Hemo,"0,792",seafood
SRR22865521,SRR22865521_246990_1,CDP,"0,574",Hemo,"0,772",seafood
SRR22865521,SRR22865521_283580_2,CDP,"0,525",NonHemo,"0,158",seafood
SRR22865521,SRR22865521_346752_1,CLP,"0,663",Hemo,"0,515",seafood
SRR22865521,SRR22865521_372380_2,CLP,"0,634",NonHemo,"0,158",seafood
SRR22865521,SRR22865521_379087_1,CDP,"0,535",NonHemo,"0,406",seafood
SRR22865521,SRR22865521_824739_1,CDP,"0,505",NonHemo,"0,436",seafood
SRR22865521,SRR22865521_1068232_1,CLP,"0,545",NonHemo,"0,366",seafood
SRR22865521,SRR22865521_1380051_1,CDP,"0,525",NonHemo,"0,475",seafood
SRR22865521,SRR22865521_1785035_1,CDP,"0,663",NonHemo,"0,267",seafood
SRR22865521,SRR22865521_1881469_1,CLP,"0,604",NonHemo,"0,465",seafood
SRR22865521,SRR22865521_1924581_1,CDP,"0,535",Hemo,"0,614",seafood
SRR22865521,SRR22865521_2424381_1,CLP,"0,525",Hemo,"0,525",seafood
SRR22865521,SRR22865521_2683617_2,CLP,"0,584",Hemo,"0,545",seafood
SRR22865521,SRR22865521_2863083_2,CLP,"0,554",Hemo,"0,842",seafood
SRR22865521,SRR22865521_3471549_1,CLP,"0,535",NonHemo,"0,455",seafood
SRR22865521,SRR22865521_4669524_1,CDP,"0,554",NonHemo,"0,178",seafood
SRR22865521,SRR22865521_4911525_2,CLP,"0,614",NonHemo,"0,406",seafood
SRR22865521,SRR22865521_7173668_1,CLP,"0,554",Hemo,"0,673",seafood
SRR22865521,SRR22865521_7178079_1,CLP,"0,535",NonHemo,"0,347",seafood
SRR22865521,SRR22865521_9982368_2,CLP,"0,663",Hemo,"0,861",seafood
SRR22865521,SRR22865521_10771829_1,CLP,"0,802",Hemo,"0,851",seafood
SRR23929260,SRR23929260_3411_5,CLP,"0,574",Hemo,"0,733",fermented_fruits_and_vegetables
SRR23929262,SRR23929262_27157_1,CDP,"0,515",Hemo,"0,802",fermented_fruits_and_vegetables
SRR23929264,SRR23929264_7578_5,CLP,"0,574",Hemo,"0,733",fermented_fruits_and_vegetables
SRR23929265,SRR23929265_94675_1,CDP,"0,505",Hemo,"0,703",fermented_fruits_and_vegetables
SRR23929270,SRR23929270_123836_1,CLP,"0,515",Hemo,"0,713",fermented_fruits_and_vegetables
SRR23929282,SRR23929282_1034_1,CLP,"0,515",Hemo,"0,673",dairy
SRR24234333,SRR24234333_1487_1,CDP,"0,515",NonHemo,"0,356",dairy
SRR24234333,SRR24234333_4929_1,CDP,"0,569",Hemo,"0,663",dairy
SRR24234334,SRR24234334_382140_1,CDP,"0,535",NonHemo,"0,376",dairy
SRR24234334,SRR24234334_646832_1,CLP,"0,505",Hemo,"0,545",dairy
SRR24234334,SRR24234334_902785_1,CLP,"0,515",Hemo,"0,812",dairy
SRR24234334,SRR24234334_1085469_2,CLP,"0,535",Hemo,"0,574",dairy
SRR24234334,SRR24234334_1796154_1,CLP,"0,545",Hemo,"0,871",dairy
SRR24234336,SRR24234336_2113302_1,CLP,"0,535",NonHemo,"0,455",dairy
SRR24234337,SRR24234337_95183_1,CLP,"0,505",Hemo,"0,545",dairy
SRR24234337,SRR24234337_1010938_1,CLP,"0,535",NonHemo,"0,129",dairy
SRR24234337,SRR24234337_2155645_1,CDP,"0,535",Hemo,"0,545",dairy
SRR25194293,SRR25194293_9054_7,CLP,"0,545",NonHemo,"0,337",fruits_and_vegetables
SRR25393908,SRR25393908_4837_4,CLP,"0,604",Hemo,"0,891",fermented_meat
SRR25393909,SRR25393909_36253_4,CLP,"0,604",Hemo,"0,891",fermented_meat
SRR25393917,SRR25393917_3329_7,CDP,"0,525",NonHemo,"0,475",fermented_meat
SRR25393918,SRR25393918_39909_1,CDP,"0,604",Hemo,"0,842",fermented_meat
SRR25393919,SRR25393919_15559_4,CDP,"0,693",Hemo,"0,832",fermented_meat
SRR25393920,SRR25393920_3270_3,CDP,"0,644",Hemo,"0,693",fermented_meat
SRR25393920,SRR25393920_119692_1,CDP,"0,554",Hemo,"0,871",fermented_meat
SRR25393921,SRR25393921_5640_2,CDP,"0,604",Hemo,"0,842",fermented_meat
SRR25393928,SRR25393928_93236_2,CLP,"0,535",Hemo,"0,743",meat
SRR25393928,SRR25393928_393151_3,CLP,"0,667",Hemo,"0,693",meat
SRR25393929,SRR25393929_61289_1,CDP,"0,545",Hemo,"0,515",meat
SRR25393932,SRR25393932_506748_10,CDP,"0,535",Hemo,"0,871",meat
SRR25393963,SRR25393963_595467_1,CDP,"0,574",Hemo,"0,871",meat
SRR25393964,SRR25393964_84235_2,CDP,"0,673",Hemo,"0,921",meat
SRR25393974,SRR25393974_111685_3,CDP,"0,545",Hemo,"0,515",meat
SRR25393975,SRR25393975_3420_2,CDP,"0,535",NonHemo,"0,386",meat
SRR25393975,SRR25393975_148538_1,CLP,"0,525",NonHemo,"0,297",meat
SRR25393976,SRR25393976_810_5,CLP,"0,525",NonHemo,"0,297",meat
SRR25393981,SRR25393981_9670_8,CLP,"0,667",Hemo,"0,693",meat
SRR25393981,SRR25393981_193783_1,CDP,"0,614",Hemo,"0,673",meat
SRR25393984,SRR25393984_9656_3,CLP,"0,667",Hemo,"0,693",meat
SRR25393985,SRR25393985_23511_2,CLP,"0,584",NonHemo,"0,366",meat
SRR25393985,SRR25393985_102565_1,CLP,"0,574",Hemo,"0,792",meat
SRR25393985,SRR25393985_188759_3,CLP,"0,667",Hemo,"0,693",meat
SRR25393985,SRR25393985_228489_1,CDP,"0,515",NonHemo,"0,337",meat
SRR25393996,SRR25393996_41120_7,CDP,"0,545",Hemo,"0,515",fermented_meat
SRR25393997,SRR25393997_556285_1,CDP,"0,515",Hemo,"0,881",fermented_meat
SRR25393998,SRR25393998_118411_2,CLP,"0,515",Hemo,"0,673",fermented_meat
SRR25394002,SRR25394002_1159465_1,CDP,"0,634",Hemo,"0,743",fermented_meat
SRR25394004,SRR25394004_90499_3,CDP,"0,515",NonHemo,"0,356",fermented_meat
SRR25394006,SRR25394006_5996_3,CDP,"0,525",Hemo,"0,515",fermented_meat
SRR25394008,SRR25394008_2681_10,CDP,"0,525",NonHemo,"0,475",fermented_meat
SRR25394013,SRR25394013_915793_1,CLP,"0,515",Hemo,"0,822",fermented_meat
SRR25394022,SRR25394022_186245_3,CLP,"0,667",Hemo,"0,693",meat
SRR25394029,SRR25394029_568815_1,CLP,"0,545",NonHemo,"0,198",meat
SRR25394774,SRR25394774_6721_21,CLP,"0,693",Hemo,"0,584",dairy
SRR25394774,SRR25394774_234856_2,CLP,"0,515",Hemo,"0,673",dairy
SRR25394775,SRR25394775_1867_34,CLP,"0,559",NonHemo,"0,485",dairy
SRR25394777,SRR25394777_2180_3,CDP,"0,644",Hemo,"0,653",dairy
SRR25394778,SRR25394778_222777_2,CLP,"0,515",Hemo,"0,673",dairy
SRR25394780,SRR25394780_20219_2,CLP,"0,525",Hemo,"0,624",dairy
SRR25394780,SRR25394780_242951_2,CLP,"0,515",Hemo,"0,673",dairy
SRR25394780,SRR25394780_359674_1,CLP,"0,515",Hemo,"0,574",dairy
SRR25394783,SRR25394783_176564_2,CLP,"0,515",Hemo,"0,673",dairy
SRR25394784,SRR25394784_320944_2,CLP,"0,515",Hemo,"0,673",dairy
SRR25394786,SRR25394786_12544_22,CDP,"0,644",Hemo,"0,901",dairy
SRR25394786,SRR25394786_294047_1,CLP,"0,515",Hemo,"0,574",dairy
SRR25394787,SRR25394787_4810_1,CDP,"0,644",Hemo,"0,901",dairy
SRR25394787,SRR25394787_182255_1,CLP,"0,515",Hemo,"0,574",dairy
SRR25394791,SRR25394791_5047_5,CLP,"0,574",Hemo,"0,733",dairy
SRR25394791,SRR25394791_21403_1,CDP,"0,515",NonHemo,"0,356",dairy
SRR25394792,SRR25394792_5356_3,CDP,"0,515",NonHemo,"0,356",dairy
SRR25394792,SRR25394792_32410_1,CDP,"0,535",Hemo,"0,584",dairy
SRR25394792,SRR25394792_38291_5,CDP,"0,535",NonHemo,"0,386",dairy
SRR25394792,SRR25394792_102389_1,CLP,"0,574",Hemo,"0,733",dairy
SRR25394792,SRR25394792_120435_2,CLP,"0,515",Hemo,"0,673",dairy
SRR25394800,SRR25394800_20273_7,CDP,"0,723",Hemo,"0,525",dairy
SRR25394801,SRR25394801_1675_4,CLP,"0,535",NonHemo,"0,495",dairy
SRR25394801,SRR25394801_44060_1,CDP,"0,723",Hemo,"0,525",dairy
SRR25394802,SRR25394802_50918_1,CDP,"0,723",Hemo,"0,525",dairy
SRR25394803,SRR25394803_55079_2,CLP,"0,584",NonHemo,"0,455",dairy
SRR25394803,SRR25394803_81399_1,CDP,"0,723",Hemo,"0,525",dairy
SRR25394804,SRR25394804_5791_1,CLP,"0,525",Hemo,"0,673",dairy
SRR25394804,SRR25394804_72353_1,CDP,"0,723",Hemo,"0,525",dairy
SRR25394805,SRR25394805_26502_7,CDP,"0,723",Hemo,"0,525",dairy
SRR25394806,SRR25394806_16867_5,CLP,"0,535",NonHemo,"0,495",supplement
SRR25394807,SRR25394807_26626_7,CDP,"0,723",Hemo,"0,525",dairy
SRR25394808,SRR25394808_35322_7,CDP,"0,723",Hemo,"0,525",dairy
SRR25394809,SRR25394809_286_2,CLP,"0,535",NonHemo,"0,495",dairy
SRR25394810,SRR25394810_729_2,CLP,"0,535",NonHemo,"0,495",dairy
SRR25394811,SRR25394811_3100_5,CLP,"0,535",NonHemo,"0,495",dairy
SRR25394812,SRR25394812_4139_2,CLP,"0,535",NonHemo,"0,495",dairy
SRR25394817,SRR25394817_439463_2,CLP,"0,535",NonHemo,"0,495",supplement
SRR25394819,SRR25394819_102487_1,CLP,"0,604",Hemo,"0,891",dairy
SRR25394820,SRR25394820_1659_1,CDP,"0,515",NonHemo,"0,356",dairy
SRR25394821,SRR25394821_2842_4,CLP,"0,667",Hemo,"0,693",supplement
SRR25394821,SRR25394821_5422_12,CDP,"0,525",NonHemo,"0,376",supplement
SRR25394823,SRR25394823_34573_2,CDP,"0,515",NonHemo,"0,356",dairy
SRR25394823,SRR25394823_66225_6,CDP,"0,525",NonHemo,"0,436",dairy
SRR25394823,SRR25394823_87111_5,CDP,"0,505",NonHemo,"0,406",dairy
SRR25394823,SRR25394823_198419_1,CDP,"0,584",NonHemo,"0,455",dairy
SRR25394823,SRR25394823_289371_1,CDP,"0,713",Hemo,"0,535",dairy
SRR25394823,SRR25394823_306589_1,CDP,"0,505",Hemo,"0,713",dairy
SRR25394824,SRR25394824_1051_4,CLP,"0,525",Hemo,"0,673",dairy
SRR25394825,SRR25394825_2370_4,CLP,"0,525",Hemo,"0,673",dairy
SRR25394826,SRR25394826_3488_4,CLP,"0,525",Hemo,"0,673",dairy
SRR25394827,SRR25394827_155_1,CLP,"0,525",Hemo,"0,673",dairy
SRR25394832,SRR25394832_361_2,CLP,"0,535",NonHemo,"0,495",dairy
SRR25394833,SRR25394833_114528_4,CDP,"0,525",NonHemo,"0,376",dairy
SRR25394833,SRR25394833_819526_1,CLP,"0,667",Hemo,"0,693",dairy
SRR25394833,SRR25394833_1828037_3,CDP,"0,515",NonHemo,"0,168",dairy
SRR25394835,SRR25394835_2107_2,CLP,"0,535",NonHemo,"0,495",dairy
SRR25394836,SRR25394836_3681_2,CLP,"0,535",NonHemo,"0,495",dairy
SRR25394837,SRR25394837_28029_1,CLP,"0,604",Hemo,"0,891",dairy
SRR25394837,SRR25394837_51015_2,CDP,"0,505",NonHemo,"0,475",dairy
SRR25394837,SRR25394837_115089_1,CLP,"0,515",Hemo,"0,673",dairy
SRR25394838,SRR25394838_16531_11,CDP,"0,594",NonHemo,"0,257",dairy
SRR25394838,SRR25394838_186485_1,CLP,"0,515",Hemo,"0,574",dairy
SRR25394839,SRR25394839_18114_1,CLP,"0,515",Hemo,"0,574",dairy
SRR25394839,SRR25394839_43301_1,CDP,"0,515",NonHemo,"0,356",dairy
SRR25394839,SRR25394839_83100_1,CLP,"0,515",Hemo,"0,673",dairy
SRR25394840,SRR25394840_24156_1,CDP,"0,634",Hemo,"0,505",dairy
SRR25394840,SRR25394840_108905_1,CLP,"0,604",Hemo,"0,891",dairy
SRR25394840,SRR25394840_118627_2,CLP,"0,515",Hemo,"0,673",dairy
SRR25394840,SRR25394840_155317_1,CLP,"0,515",Hemo,"0,574",dairy
SRR25394841,SRR25394841_509835_1,CLP,"0,515",Hemo,"0,673",dairy
SRR25394842,SRR25394842_2513_3,CLP,"0,559",NonHemo,"0,485",dairy
SRR25394842,SRR25394842_7580_11,CLP,"0,693",Hemo,"0,584",dairy
SRR25394842,SRR25394842_8029_5,CLP,"0,782",NonHemo,"0,287",dairy
SRR25394842,SRR25394842_55538_12,CLP,"0,762",NonHemo,"0,267",dairy
SRR25394842,SRR25394842_284837_2,CLP,"0,515",Hemo,"0,673",dairy
SRR25394844,SRR25394844_525132_1,CDP,"0,564",NonHemo,"0,119",supplement
SRR25394844,SRR25394844_591960_1,CDP,"0,515",NonHemo,"0,356",supplement
SRR25394844,SRR25394844_654528_1,CDP,"0,545",NonHemo,"0,416",supplement
SRR25394844,SRR25394844_1621653_1,CDP,"0,723",Hemo,"0,99",supplement
SRR25394844,SRR25394844_4746682_1,CLP,"0,673",Hemo,"0,921",supplement
SRR25394845,SRR25394845_104522_2,CLP,"0,515",Hemo,"0,673",dairy
SRR25394845,SRR25394845_243128_1,CLP,"0,515",Hemo,"0,574",dairy
SRR25394846,SRR25394846_73400_1,CLP,"0,604",Hemo,"0,891",dairy
SRR25394846,SRR25394846_367459_1,CLP,"0,515",Hemo,"0,574",dairy
SRR25394847,SRR25394847_1243_13,CLP,"0,693",Hemo,"0,584",dairy
SRR25394847,SRR25394847_284211_1,CLP,"0,604",Hemo,"0,891",dairy
SRR25394848,SRR25394848_1664_4,CDP,"0,644",Hemo,"0,673",dairy
SRR25394848,SRR25394848_14512_13,CLP,"0,693",Hemo,"0,584",dairy
SRR25394848,SRR25394848_21932_1,CDP,"0,653",Hemo,"0,772",dairy
SRR25394848,SRR25394848_115911_1,CDP,"0,574",Hemo,"0,772",dairy
SRR25394848,SRR25394848_223236_2,CLP,"0,515",Hemo,"0,673",dairy
SRR25394848,SRR25394848_409804_1,CLP,"0,604",Hemo,"0,891",dairy
SRR25394865,SRR25394865_6892_1,CLP,"0,614",NonHemo,"0,228",dairy
SRR25394874,SRR25394874_50129_1,CLP,"0,515",Hemo,"0,574",dairy
SRR25394876,SRR25394876_54122_1,CLP,"0,634",Hemo,"0,802",dairy
SRR25394878,SRR25394878_8548_4,CLP,"0,535",NonHemo,"0,495",dairy
SRR25394879,SRR25394879_28337_4,CLP,"0,535",NonHemo,"0,495",dairy
SRR25394884,SRR25394884_16343_2,CDP,"0,525",NonHemo,"0,436",dairy
SRR25394884,SRR25394884_38420_1,CDP,"0,723",Hemo,"0,525",dairy
SRR25394884,SRR25394884_117961_1,CDP,"0,584",NonHemo,"0,455",dairy
SRR25394884,SRR25394884_145803_1,CLP,"0,545",Hemo,"0,752",dairy
SRR25394884,SRR25394884_332908_1,ALP,"0,525",NonHemo,"0,455",dairy
SRR25394885,SRR25394885_11744_1,CDP,"0,723",Hemo,"0,525",dairy
SRR25394885,SRR25394885_37026_2,CDP,"0,525",NonHemo,"0,436",dairy
SRR25394885,SRR25394885_39820_1,CDP,"0,554",Hemo,"0,515",dairy
SRR25394886,SRR25394886_2663_6,CDP,"0,525",NonHemo,"0,436",dairy
SRR25394886,SRR25394886_50921_1,CDP,"0,723",Hemo,"0,525",dairy
SRR25394887,SRR25394887_3106_6,CDP,"0,525",NonHemo,"0,436",dairy
SRR25394887,SRR25394887_89555_7,CDP,"0,723",Hemo,"0,525",dairy
SRR25394888,SRR25394888_5920_5,CLP,"0,535",NonHemo,"0,495",supplement
SRR25394889,SRR25394889_40182_1,CLP,"0,545",Hemo,"0,634",dairy
SRR25394889,SRR25394889_82032_1,CDP,"0,723",Hemo,"0,525",dairy
SRR25394890,SRR25394890_7460_4,CLP,"0,525",Hemo,"0,673",dairy
SRR25394892,SRR25394892_30084_1,CDP,"0,525",NonHemo,"0,436",dairy
SRR25394892,SRR25394892_53276_1,CDP,"0,723",Hemo,"0,525",dairy
SRR25394893,SRR25394893_51753_5,CLP,"0,535",NonHemo,"0,495",dairy
SRR25394894,SRR25394894_12062_5,CLP,"0,535",NonHemo,"0,495",dairy
SRR25394895,SRR25394895_92632_5,CLP,"0,535",NonHemo,"0,495",dairy
SRR25394896,SRR25394896_146339_5,CLP,"0,535",NonHemo,"0,495",dairy
SRR25394897,SRR25394897_3426_1,CLP,"0,525",Hemo,"0,673",dairy
SRR25394900,SRR25394900_20662_2,CLP,"0,667",Hemo,"0,693",dairy
SRR25394900,SRR25394900_349374_1,CLP,"0,515",Hemo,"0,663",dairy
SRR25394901,SRR25394901_1812_4,CLP,"0,525",Hemo,"0,673",dairy
SRR25394901,SRR25394901_46948_5,CLP,"0,584",Hemo,"0,673",dairy
SRR25394906,SRR25394906_3081_1,CDP,"0,515",NonHemo,"0,356",dairy
SRR25394908,SRR25394908_2973_6,CDP,"0,525",NonHemo,"0,436",dairy
SRR25394908,SRR25394908_20978_1,CDP,"0,644",Hemo,"0,752",dairy
SRR25394908,SRR25394908_31859_1,CDP,"0,505",NonHemo,"0,406",dairy
SRR25394908,SRR25394908_32977_7,CDP,"0,723",Hemo,"0,525",dairy
SRR25394908,SRR25394908_74241_1,CDP,"0,584",NonHemo,"0,455",dairy
SRR25394909,SRR25394909_690_3,CDP,"0,515",NonHemo,"0,356",dairy
SRR25394910,SRR25394910_2216_1,CDP,"0,505",Hemo,"0,713",dairy
SRR25394910,SRR25394910_3912_6,CDP,"0,525",NonHemo,"0,436",dairy
SRR25394910,SRR25394910_24895_1,CDP,"0,505",NonHemo,"0,406",dairy
SRR25394911,SRR25394911_714_4,CLP,"0,525",Hemo,"0,673",dairy
SRR25394912,SRR25394912_2042_1,CDP,"0,515",NonHemo,"0,356",dairy
SRR25394912,SRR25394912_2427_4,CLP,"0,525",Hemo,"0,673",dairy
SRR25394913,SRR25394913_515_4,CLP,"0,525",Hemo,"0,673",dairy
SRR25394913,SRR25394913_1126_1,CDP,"0,515",NonHemo,"0,356",dairy
SRR25394915,SRR25394915_2909_2,CDP,"0,515",NonHemo,"0,356",supplement
SRR25394920,SRR25394920_2499_2,CLP,"0,535",NonHemo,"0,495",dairy
SRR25394921,SRR25394921_581_5,CLP,"0,535",NonHemo,"0,495",dairy
SRR25394921,SRR25394921_7695_1,CDP,"0,515",NonHemo,"0,356",dairy
SRR25394922,SRR25394922_1543_2,CLP,"0,535",NonHemo,"0,495",dairy
SRR25394923,SRR25394923_6333_5,CLP,"0,535",NonHemo,"0,495",dairy
SRR25394924,SRR25394924_67249_1,CLP,"0,604",Hemo,"0,891",dairy
SRR25394926,SRR25394926_388843_1,CLP,"0,535",Hemo,"0,891",dairy
SRR25394926,SRR25394926_1088670_1,CDP,"0,574",NonHemo,"0,356",dairy
SRR25394926,SRR25394926_1391413_1,CDP,"0,535",Hemo,"0,941",dairy
SRR25394926,SRR25394926_1655101_1,CLP,"0,624",Hemo,"0,644",dairy
SRR25394929,SRR25394929_995390_6,CLP,"0,667",Hemo,"0,693",supplement
SRR25394931,SRR25394931_50569_2,CLP,"0,515",Hemo,"0,673",dairy
SRR25394931,SRR25394931_282208_1,CDP,"0,505",NonHemo,"0,257",dairy
SRR25394931,SRR25394931_411674_1,CLP,"0,515",Hemo,"0,574",dairy
SRR25394934,SRR25394934_3071_1,CLP,"0,525",Hemo,"0,673",dairy
SRR25394937,SRR25394937_28403_1,CDP,"0,545",Hemo,"0,673",dairy
SRR25394938,SRR25394938_579_1,CLP,"0,584",Hemo,"0,802",supplement
SRR25394939,SRR25394939_88470_1,CLP,"0,584",Hemo,"0,792",dairy
SRR25394940,SRR25394940_2161_1,CDP,"0,515",NonHemo,"0,356",dairy
SRR25394942,SRR25394942_1675_1,CDP,"0,569",Hemo,"0,683",dairy
SRR25394947,SRR25394947_2339_1,CLP,"0,535",NonHemo,"0,495",dairy
SRR25394951,SRR25394951_1408_1,CLP,"0,564",Hemo,"0,861",dairy
SRR25394954,SRR25394954_1614_1,CDP,"0,515",NonHemo,"0,356",dairy
SRR25394960,SRR25394960_1157_1,CLP,"0,604",Hemo,"0,891",dairy
SRR25394961,SRR25394961_37489_1,CLP,"0,594",Hemo,"0,604",dairy
SRR25394962,SRR25394962_5942_1,CLP,"0,545",Hemo,"0,802",dairy
SRR25394962,SRR25394962_7562_11,CLP,"0,604",Hemo,"0,891",dairy
SRR25394964,SRR25394964_1562_2,CLP,"0,614",Hemo,"0,96",dairy
SRR25394965,SRR25394965_7502_9,CDP,"0,614",Hemo,"0,713",dairy
SRR25394965,SRR25394965_55163_1,CLP,"0,604",Hemo,"0,891",dairy
SRR25394968,SRR25394968_26673_1,CLP,"0,515",Hemo,"0,604",dairy
SRR25394969,SRR25394969_59701_3,CDP,"0,515",NonHemo,"0,356",dairy
SRR25394971,SRR25394971_30_4,CLP,"0,535",NonHemo,"0,495",dairy
SRR25394973,SRR25394973_2591_17,CLP,"0,604",Hemo,"0,891",dairy
SRR25394973,SRR25394973_8782_3,CLP,"0,584",NonHemo,"0,366",dairy
SRR25394973,SRR25394973_44565_3,CDP,"0,515",NonHemo,"0,356",dairy
SRR25394974,SRR25394974_1643_17,CLP,"0,604",Hemo,"0,891",dairy
SRR25394974,SRR25394974_6453_1,CDP,"0,515",NonHemo,"0,356",dairy
SRR25394978,SRR25394978_18682_3,CDP,"0,515",NonHemo,"0,356",dairy
SRR25394978,SRR25394978_41792_1,CLP,"0,574",Hemo,"0,584",dairy
SRR25394979,SRR25394979_3952_43,CLP,"0,574",NonHemo,"0,149",dairy
SRR25394979,SRR25394979_9349_3,CDP,"0,515",NonHemo,"0,356",dairy
SRR25394979,SRR25394979_13872_2,CLP,"0,644",Hemo,"0,812",dairy
SRR25394979,SRR25394979_19489_2,CDP,"0,525",NonHemo,"0,436",dairy
SRR25394979,SRR25394979_42742_2,CLP,"0,505",Hemo,"0,584",dairy
SRR25394979,SRR25394979_137596_1,CDP,"0,584",NonHemo,"0,455",dairy
SRR25394980,SRR25394980_414_26,CDP,"0,515",NonHemo,"0,337",dairy
SRR25394981,SRR25394981_4923_4,CLP,"0,535",NonHemo,"0,495",dairy
SRR25394983,SRR25394983_9721_1,CDP,"0,515",NonHemo,"0,356",dairy
SRR25394984,SRR25394984_60960_1,CDP,"0,693",NonHemo,"0,347",dairy
SRR25394984,SRR25394984_246080_1,CDP,"0,743",Hemo,"0,95",dairy
SRR25394984,SRR25394984_514657_1,CLP,"0,574",Hemo,"0,752",dairy
SRR25394984,SRR25394984_1264041_1,CLP,"0,535",NonHemo,"0,149",dairy
SRR25394984,SRR25394984_1301330_1,CDP,"0,584",Hemo,"0,941",dairy
SRR25394987,SRR25394987_1664_1,CDP,"0,515",NonHemo,"0,356",dairy
SRR25394991,SRR25394991_1201_3,CLP,"0,535",NonHemo,"0,495",dairy
SRR25394992,SRR25394992_18930_4,CDP,"0,614",NonHemo,"0,297",dairy
SRR25394993,SRR25394993_7567_9,CLP,"0,574",Hemo,"0,515",dairy
SRR25394993,SRR25394993_9115_3,CDP,"0,515",NonHemo,"0,356",dairy
SRR25394994,SRR25394994_40933_5,CDP,"0,614",NonHemo,"0,297",dairy
SRR25394994,SRR25394994_170444_1,CLP,"0,574",Hemo,"0,851",dairy
SRR25394996,SRR25394996_225884_2,CLP,"0,515",Hemo,"0,673",dairy
SRR25394998,SRR25394998_11384_4,CLP,"0,554",Hemo,"0,881",dairy
SRR25394999,SRR25394999_936_1,CLP,"0,525",Hemo,"0,673",dairy
SRR25395000,SRR25395000_3382_4,CLP,"0,525",Hemo,"0,673",dairy
SRR25395000,SRR25395000_6054_3,CLP,"0,554",Hemo,"0,881",dairy
SRR25395001,SRR25395001_1689_1,CLP,"0,505",Hemo,"0,653",dairy
SRR25395001,SRR25395001_14633_3,CDP,"0,614",NonHemo,"0,297",dairy
SRR25395001,SRR25395001_42691_1,CLP,"0,515",Hemo,"0,673",dairy
SRR25395002,SRR25395002_7802_3,CDP,"0,515",NonHemo,"0,356",dairy
SRR25395002,SRR25395002_15659_1,CLP,"0,515",Hemo,"0,673",dairy
SRR25395002,SRR25395002_16017_1,CLP,"0,554",Hemo,"0,832",dairy
SRR25395003,SRR25395003_10_2,CLP,"0,693",Hemo,"0,554",dairy
SRR25395003,SRR25395003_29982_3,CDP,"0,614",NonHemo,"0,297",dairy
SRR25395003,SRR25395003_51102_1,CLP,"0,545",Hemo,"0,624",dairy
SRR25395003,SRR25395003_152536_7,CDP,"0,723",Hemo,"0,525",dairy
SRR25395004,SRR25395004_16138_14,CDP,"0,564",Hemo,"0,752",dairy
SRR25395004,SRR25395004_79773_1,CLP,"0,515",Hemo,"0,673",dairy
SRR25395005,SRR25395005_29787_1,CLP,"0,525",Hemo,"0,822",dairy
SRR25395005,SRR25395005_150426_1,CLP,"0,604",Hemo,"0,891",dairy
SRR25395005,SRR25395005_322896_1,CLP,"0,515",Hemo,"0,574",dairy
SRR25395006,SRR25395006_158270_1,CLP,"0,515",Hemo,"0,673",dairy
SRR25395006,SRR25395006_222594_1,CDP,"0,574",Hemo,"0,772",dairy
SRR25395007,SRR25395007_27117_13,CLP,"0,762",Hemo,"0,95",dairy
SRR25395007,SRR25395007_64982_2,CLP,"0,515",Hemo,"0,673",dairy
SRR25395007,SRR25395007_133928_1,CLP,"0,604",Hemo,"0,891",dairy
SRR25395008,SRR25395008_218090_1,CLP,"0,604",Hemo,"0,891",dairy
SRR25395008,SRR25395008_261887_2,CLP,"0,515",Hemo,"0,673",dairy
SRR25395008,SRR25395008_375041_1,CLP,"0,515",Hemo,"0,574",dairy
SRR25395009,SRR25395009_12276_2,CLP,"0,515",Hemo,"0,673",dairy
SRR25395009,SRR25395009_91410_1,CLP,"0,525",Hemo,"0,624",dairy
SRR25395010,SRR25395010_30218_7,CLP,"0,762",NonHemo,"0,267",dairy
SRR25395010,SRR25395010_213735_1,CDP,"0,564",Hemo,"0,891",dairy
SRR25395010,SRR25395010_357575_1,CDP,"0,743",Hemo,"0,564",dairy
SRR25395010,SRR25395010_530783_2,CLP,"0,515",Hemo,"0,673",dairy
SRR25395011,SRR25395011_389180_1,CDP,"0,594",NonHemo,"0,366",dairy
SRR25395012,SRR25395012_424889_1,CLP,"0,515",Hemo,"0,673",dairy
SRR25395013,SRR25395013_3631_6,ALP,"0,574",NonHemo,"0,475",dairy
SRR25395013,SRR25395013_12391_1,CLP,"0,564",Hemo,"0,673",dairy
SRR25395013,SRR25395013_16707_2,CLP,"0,762",NonHemo,"0,267",dairy
SRR25395013,SRR25395013_127308_1,CLP,"0,574",Hemo,"0,752",dairy
SRR25395014,SRR25395014_21152_17,ALP,"0,574",NonHemo,"0,475",dairy
SRR25395014,SRR25395014_34583_9,CLP,"0,762",NonHemo,"0,267",dairy
SRR25395014,SRR25395014_65634_2,CLP,"0,525",Hemo,"0,792",dairy
SRR25395014,SRR25395014_80913_4,CDP,"0,545",Hemo,"0,644",dairy
SRR25395014,SRR25395014_227205_2,CLP,"0,515",Hemo,"0,673",dairy
SRR25395015,SRR25395015_31118_1,CLP,"0,604",Hemo,"0,891",dairy
SRR25395015,SRR25395015_168452_1,CDP,"0,574",Hemo,"0,772",dairy
SRR25395015,SRR25395015_293263_2,CLP,"0,515",Hemo,"0,673",dairy
SRR25395016,SRR25395016_295760_2,CLP,"0,515",Hemo,"0,673",dairy
SRR25395016,SRR25395016_373428_1,CLP,"0,515",Hemo,"0,574",dairy
SRR25395017,SRR25395017_431458_1,CLP,"0,604",Hemo,"0,891",dairy
SRR25395017,SRR25395017_480340_2,CLP,"0,515",Hemo,"0,673",dairy
SRR25395017,SRR25395017_564379_1,CLP,"0,574",Hemo,"0,752",dairy
SRR25395018,SRR25395018_357330_2,CLP,"0,515",Hemo,"0,673",dairy
SRR25395019,SRR25395019_11936_1,CLP,"0,525",Hemo,"0,822",dairy
SRR25395019,SRR25395019_23019_7,CDP,"0,515",Hemo,"0,733",dairy
SRR25395019,SRR25395019_129229_1,CLP,"0,515",Hemo,"0,673",dairy
SRR25395019,SRR25395019_321957_1,CLP,"0,515",Hemo,"0,574",dairy
SRR25395020,SRR25395020_1757_14,CLP,"0,525",Hemo,"0,822",dairy
SRR25395021,SRR25395021_18946_1,CDP,"0,574",Hemo,"0,772",dairy
SRR25395021,SRR25395021_27909_14,CLP,"0,525",Hemo,"0,822",dairy
SRR25395021,SRR25395021_215160_1,CLP,"0,604",Hemo,"0,891",dairy
SRR25395022,SRR25395022_17327_3,CLP,"0,535",NonHemo,"0,495",supplement
SRR25395023,SRR25395023_13258_1,CLP,"0,525",Hemo,"0,822",dairy
SRR25395023,SRR25395023_151047_1,CLP,"0,604",Hemo,"0,891",dairy
SRR25395023,SRR25395023_229538_2,CLP,"0,515",Hemo,"0,673",dairy
SRR25395023,SRR25395023_339981_1,CLP,"0,515",Hemo,"0,574",dairy
SRR25395024,SRR25395024_431170_2,CLP,"0,515",Hemo,"0,673",dairy
SRR25395025,SRR25395025_2871_58,CLP,"0,545",Hemo,"0,614",dairy
SRR25395025,SRR25395025_4365_21,CLP,"0,693",Hemo,"0,584",dairy
SRR25395025,SRR25395025_604259_1,CLP,"0,515",Hemo,"0,574",dairy
SRR25395026,SRR25395026_276245_1,CLP,"0,604",Hemo,"0,891",dairy
SRR25395026,SRR25395026_361709_2,CLP,"0,515",Hemo,"0,673",dairy
SRR25395027,SRR25395027_30191_1,CLP,"0,604",Hemo,"0,891",dairy
SRR25395027,SRR25395027_246221_1,CLP,"0,515",Hemo,"0,673",dairy
SRR25395028,SRR25395028_273272_1,CLP,"0,604",Hemo,"0,891",dairy
SRR25395028,SRR25395028_361180_2,CLP,"0,515",Hemo,"0,673",dairy
SRR25395029,SRR25395029_6331_5,CLP,"0,782",NonHemo,"0,287",dairy
SRR25395029,SRR25395029_148166_1,CLP,"0,604",Hemo,"0,891",dairy
SRR25395029,SRR25395029_250429_2,CLP,"0,515",Hemo,"0,673",dairy
SRR25395029,SRR25395029_348270_1,CLP,"0,515",Hemo,"0,574",dairy
SRR25395030,SRR25395030_94890_1,CDP,"0,574",Hemo,"0,772",dairy
SRR25395030,SRR25395030_140292_6,CLP,"0,604",Hemo,"0,891",dairy
SRR25395030,SRR25395030_413857_1,CLP,"0,515",Hemo,"0,574",dairy
SRR25395031,SRR25395031_177536_1,CLP,"0,604",Hemo,"0,891",dairy
SRR25395031,SRR25395031_288934_2,CLP,"0,515",Hemo,"0,673",dairy
SRR25395032,SRR25395032_246885_1,CLP,"0,604",Hemo,"0,891",dairy
SRR25395032,SRR25395032_300635_2,CLP,"0,515",Hemo,"0,673",dairy
SRR25395038,SRR25395038_76211_5,CDP,"0,614",NonHemo,"0,297",supplement
SRR25395053,SRR25395053_5173_2,CLP,"0,525",Hemo,"0,752",dairy
SRR25395055,SRR25395055_7038_3,CDP,"0,515",NonHemo,"0,356",dairy
SRR25395056,SRR25395056_112_4,CLP,"0,535",NonHemo,"0,495",dairy
SRR25395057,SRR25395057_29639_1,CDP,"0,515",NonHemo,"0,356",dairy
SRR25395058,SRR25395058_9689_4,CLP,"0,535",NonHemo,"0,495",dairy
SRR25395059,SRR25395059_41344_1,CLP,"0,525",Hemo,"0,822",dairy
SRR25395062,SRR25395062_106734_1,CLP,"0,604",Hemo,"0,891",dairy
SRR25395062,SRR25395062_315915_2,CLP,"0,515",Hemo,"0,673",dairy
SRR25395062,SRR25395062_406648_1,CLP,"0,515",Hemo,"0,574",dairy
SRR25395063,SRR25395063_387508_1,CLP,"0,604",Hemo,"0,891",dairy
SRR25395063,SRR25395063_427523_1,CLP,"0,515",Hemo,"0,842",dairy
SRR25395066,SRR25395066_90995_11,CLP,"0,604",Hemo,"0,891",dairy
SRR25395066,SRR25395066_335179_2,CLP,"0,515",Hemo,"0,673",dairy
SRR25395068,SRR25395068_59885_1,CLP,"0,515",Hemo,"0,574",dairy
SRR25395072,SRR25395072_192553_2,CLP,"0,515",Hemo,"0,673",dairy
SRR25395073,SRR25395073_15890_2,CLP,"0,515",Hemo,"0,673",dairy
SRR25395076,SRR25395076_13847_2,CDP,"0,545",Hemo,"0,644",dairy
SRR25395076,SRR25395076_60152_2,CDP,"0,505",NonHemo,"0,475",dairy
SRR25395076,SRR25395076_379526_1,CLP,"0,515",Hemo,"0,673",dairy
SRR25395077,SRR25395077_128563_2,CLP,"0,515",Hemo,"0,673",dairy
SRR25395077,SRR25395077_216235_1,CLP,"0,515",Hemo,"0,574",dairy
SRR25395079,SRR25395079_2865_2,CDP,"0,515",NonHemo,"0,356",dairy
SRR25395080,SRR25395080_116147_1,CLP,"0,525",Hemo,"0,822",dairy
SRR25395080,SRR25395080_381488_2,CLP,"0,515",Hemo,"0,673",dairy
SRR25395080,SRR25395080_458336_1,CLP,"0,515",Hemo,"0,574",dairy
SRR25395081,SRR25395081_12030_1,CLP,"0,525",Hemo,"0,822",dairy
SRR25395081,SRR25395081_327563_2,CLP,"0,515",Hemo,"0,673",dairy
SRR25395084,SRR25395084_22048_1,CLP,"0,525",Hemo,"0,822",dairy
SRR25395084,SRR25395084_199576_1,CLP,"0,604",Hemo,"0,891",dairy
SRR25395084,SRR25395084_261295_2,CLP,"0,515",Hemo,"0,673",dairy
SRR25395085,SRR25395085_173798_1,CLP,"0,604",Hemo,"0,891",dairy
SRR25395085,SRR25395085_194033_1,CLP,"0,515",Hemo,"0,574",dairy
SRR25395086,SRR25395086_12264_1,CLP,"0,525",Hemo,"0,822",dairy
SRR25395086,SRR25395086_116040_1,CLP,"0,604",Hemo,"0,891",dairy
SRR25395086,SRR25395086_259245_1,CLP,"0,515",Hemo,"0,673",dairy
SRR25395087,SRR25395087_11334_2,CLP,"0,535",NonHemo,"0,495",dairy
SRR25395093,SRR25395093_111165_1,CDP,"0,515",NonHemo,"0,376",dairy
SRR25395095,SRR25395095_20487_2,ALP,"0,505",NonHemo,"0,317",dairy
SRR25395096,SRR25395096_947_2,CLP,"0,535",NonHemo,"0,495",dairy
SRR25395097,SRR25395097_1740_5,CLP,"0,535",NonHemo,"0,495",dairy
SRR25395099,SRR25395099_38665_1,CLP,"0,535",NonHemo,"0,495",dairy
SRR25395100,SRR25395100_8924_2,CLP,"0,663",Hemo,"0,851",dairy
SRR25395100,SRR25395100_10840_3,CDP,"0,515",NonHemo,"0,356",dairy
SRR25395100,SRR25395100_32699_4,CLP,"0,535",NonHemo,"0,495",dairy
SRR25395101,SRR25395101_158_1,CLP,"0,535",NonHemo,"0,495",dairy
SRR25395101,SRR25395101_453_3,CDP,"0,515",NonHemo,"0,356",dairy
SRR25395102,SRR25395102_1655_1,CLP,"0,535",NonHemo,"0,495",dairy
SRR25395105,SRR25395105_23884_1,CLP,"0,525",Hemo,"0,673",supplement
SRR25395105,SRR25395105_47937_2,CLP,"0,594",Hemo,"0,901",supplement
SRR25395105,SRR25395105_91105_1,CDP,"0,515",NonHemo,"0,356",supplement
SRR25395108,SRR25395108_29290_2,CLP,"0,515",Hemo,"0,673",dairy
SRR25395110,SRR25395110_20010_1,CLP,"0,515",Hemo,"0,673",dairy
SRR25395115,SRR25395115_432_5,CLP,"0,535",NonHemo,"0,495",dairy
SRR25395115,SRR25395115_39368_1,CDP,"0,723",Hemo,"0,525",dairy
SRR25395116,SRR25395116_3863_6,CDP,"0,525",NonHemo,"0,436",dairy
SRR25395116,SRR25395116_36996_2,CLP,"0,693",Hemo,"0,554",dairy
SRR25395116,SRR25395116_41625_1,CDP,"0,723",Hemo,"0,525",dairy
SRR25395116,SRR25395116_49367_1,CDP,"0,525",NonHemo,"0,426",dairy
SRR25395117,SRR25395117_4752_4,CLP,"0,535",NonHemo,"0,495",dairy
SRR25395117,SRR25395117_48597_1,CDP,"0,723",Hemo,"0,525",dairy
SRR25395118,SRR25395118_2782_1,CDP,"0,515",NonHemo,"0,356",dairy
SRR25395120,SRR25395120_3467_3,CDP,"0,515",NonHemo,"0,356",dairy
SRR25395121,SRR25395121_612308_3,CDP,"0,515",NonHemo,"0,356",supplement
SRR25395122,SRR25395122_10022_2,CDP,"0,515",NonHemo,"0,356",dairy
SRR25395124,SRR25395124_15748_1,CDP,"0,515",NonHemo,"0,356",dairy
SRR25395124,SRR25395124_227845_1,CLP,"0,554",NonHemo,"0,366",dairy
SRR25395126,SRR25395126_19854_3,CDP,"0,515",NonHemo,"0,356",dairy
SRR25395126,SRR25395126_30748_2,CDP,"0,604",Hemo,"0,505",dairy
SRR25395133,SRR25395133_2529_2,CDP,"0,525",NonHemo,"0,436",dairy
SRR25395133,SRR25395133_20001_1,CDP,"0,505",NonHemo,"0,406",dairy
SRR25395137,SRR25395137_1506_2,CDP,"0,525",NonHemo,"0,436",dairy
SRR25395139,SRR25395139_17289_5,CDP,"0,505",NonHemo,"0,406",dairy
SRR25395139,SRR25395139_21912_6,CDP,"0,525",NonHemo,"0,436",dairy
SRR25395139,SRR25395139_37004_1,CDP,"0,584",NonHemo,"0,455",dairy
SRR25395141,SRR25395141_1334_2,CDP,"0,525",NonHemo,"0,436",dairy
SRR25395141,SRR25395141_4058_7,CDP,"0,723",Hemo,"0,525",dairy
SRR25395141,SRR25395141_15631_5,CDP,"0,505",NonHemo,"0,406",dairy
SRR25395143,SRR25395143_4185_10,CDP,"0,627",Hemo,"0,614",dairy
SRR25395143,SRR25395143_234239_1,CLP,"0,515",Hemo,"0,673",dairy
SRR25395144,SRR25395144_259722_1,CLP,"0,515",Hemo,"0,673",dairy
SRR25395145,SRR25395145_31328_4,CDP,"0,627",Hemo,"0,614",dairy
SRR25395145,SRR25395145_84577_2,CDP,"0,515",Hemo,"0,545",dairy
SRR25395145,SRR25395145_347352_2,CLP,"0,515",Hemo,"0,673",dairy
SRR25395152,SRR25395152_4801_1,CDP,"0,505",Hemo,"0,564",dairy
SRR25395156,SRR25395156_10139_2,CDP,"0,505",Hemo,"0,861",dairy
SRR25395175,SRR25395175_5834_1,CLP,"0,634",Hemo,"0,564",dairy
SRR25395178,SRR25395178_53125_4,CLP,"0,535",NonHemo,"0,495",dairy
SRR25395181,SRR25395181_6728_1,CLP,"0,535",NonHemo,"0,495",dairy
SRR25395183,SRR25395183_6183_3,CLP,"0,525",Hemo,"0,673",dairy
SRR25395184,SRR25395184_2696_1,CLP,"0,525",Hemo,"0,673",dairy
SRR25395185,SRR25395185_41888_1,CLP,"0,525",Hemo,"0,673",dairy
SRR25395186,SRR25395186_964_1,CLP,"0,525",Hemo,"0,673",dairy
SRR25395187,SRR25395187_822_2,CLP,"0,535",NonHemo,"0,495",supplement
SRR25395196,SRR25395196_137_3,CDP,"0,515",NonHemo,"0,356",dairy
SRR25395196,SRR25395196_11881_4,CLP,"0,535",NonHemo,"0,495",dairy
SRR25395197,SRR25395197_7725_1,CLP,"0,535",NonHemo,"0,495",dairy
SRR25395199,SRR25395199_15940_7,CDP,"0,723",Hemo,"0,525",dairy
SRR25395199,SRR25395199_23435_3,CLP,"0,535",NonHemo,"0,495",dairy
SRR25395200,SRR25395200_5833_4,CLP,"0,535",NonHemo,"0,495",dairy
SRR25395200,SRR25395200_20824_6,CDP,"0,723",Hemo,"0,525",dairy
SRR25395200,SRR25395200_73166_1,CLP,"0,584",NonHemo,"0,455",dairy
SRR25395201,SRR25395201_6800_2,CDP,"0,515",NonHemo,"0,356",dairy
SRR25395202,SRR25395202_1776_2,CDP,"0,515",NonHemo,"0,356",dairy
SRR25395204,SRR25395204_5270_2,CDP,"0,515",NonHemo,"0,356",dairy
SRR25395205,SRR25395205_1155_3,CDP,"0,515",NonHemo,"0,356",dairy
SRR25395206,SRR25395206_8437_3,CDP,"0,515",NonHemo,"0,356",dairy
SRR25395209,SRR25395209_375_1,CDP,"0,515",NonHemo,"0,356",dairy
SRR25395221,SRR25395221_5139_3,CLP,"0,535",NonHemo,"0,495",dairy
SRR25395226,SRR25395226_134259_5,CLP,"0,535",NonHemo,"0,495",supplement
SRR25395227,SRR25395227_12831_1,CLP,"0,525",Hemo,"0,822",dairy
SRR25395227,SRR25395227_29003_2,CLP,"0,515",Hemo,"0,673",dairy
SRR25395227,SRR25395227_94436_1,CLP,"0,604",Hemo,"0,891",dairy
SRR25395232,SRR25395232_289479_2,CLP,"0,515",Hemo,"0,673",dairy
SRR25395232,SRR25395232_363333_1,CLP,"0,515",Hemo,"0,574",dairy
SRR25395233,SRR25395233_94567_1,CLP,"0,535",Hemo,"0,693",dairy
SRR25395233,SRR25395233_223079_1,CLP,"0,515",Hemo,"0,673",dairy
SRR25395236,SRR25395236_391831_1,CDP,"0,515",NonHemo,"0,356",supplement
SRR25395238,SRR25395238_9931_1,CDP,"0,515",NonHemo,"0,356",dairy
SRR25395239,SRR25395239_19969_4,CDP,"0,525",NonHemo,"0,376",dairy
SRR25395240,SRR25395240_4268_20,CLP,"0,574",NonHemo,"0,149",dairy
SRR25395240,SRR25395240_9548_2,CLP,"0,505",Hemo,"0,584",dairy
SRR25395240,SRR25395240_10355_2,CLP,"0,644",Hemo,"0,812",dairy
SRR25395240,SRR25395240_10401_6,CDP,"0,525",NonHemo,"0,436",dairy
SRR25395240,SRR25395240_32238_1,CDP,"0,525",NonHemo,"0,426",dairy
SRR25395240,SRR25395240_35818_2,CDP,"0,554",Hemo,"0,901",dairy
SRR25395240,SRR25395240_63695_1,CDP,"0,584",NonHemo,"0,455",dairy
SRR25395241,SRR25395241_383494_1,CDP,"0,673",Hemo,"0,703",supplement
SRR25395243,SRR25395243_193163_4,CLP,"0,558",Hemo,"0,822",dairy
SRR25395243,SRR25395243_822762_1,CLP,"0,505",NonHemo,"0,198",dairy
SRR25395246,SRR25395246_972_5,CLP,"0,535",NonHemo,"0,495",dairy
SRR25395248,SRR25395248_15991_3,CLP,"0,535",NonHemo,"0,495",dairy
SRR25395252,SRR25395252_405173_3,CLP,"0,667",Hemo,"0,693",dairy
SRR25395252,SRR25395252_455711_1,CDP,"0,525",Hemo,"0,554",dairy
SRR25395252,SRR25395252_3674542_1,CDP,"0,634",NonHemo,"0,248",dairy
SRR25395254,SRR25395254_49159_2,CDP,"0,525",NonHemo,"0,436",dairy
SRR25395254,SRR25395254_89161_1,CDP,"0,515",NonHemo,"0,356",dairy
SRR25395254,SRR25395254_121137_2,CLP,"0,545",Hemo,"0,653",dairy
SRR25395254,SRR25395254_306116_1,CLP,"0,554",Hemo,"0,832",dairy
SRR25395256,SRR25395256_676_4,CLP,"0,525",Hemo,"0,673",dairy
SRR25395257,SRR25395257_2778_1,CLP,"0,525",Hemo,"0,673",dairy
SRR25395258,SRR25395258_64502_1,CLP,"0,554",Hemo,"0,614",dairy
SRR25395259,SRR25395259_3313_2,CDP,"0,614",NonHemo,"0,297",dairy
SRR25395259,SRR25395259_6294_1,CLP,"0,683",Hemo,"0,663",dairy
SRR25395259,SRR25395259_26064_1,CLP,"0,604",Hemo,"0,614",dairy
SRR25395259,SRR25395259_35162_7,CDP,"0,723",Hemo,"0,525",dairy
SRR25395263,SRR25395263_693_11,CLP,"0,693",NonHemo,"0,485",dairy
SRR25395263,SRR25395263_22020_6,CDP,"0,594",Hemo,"0,564",dairy
SRR25395263,SRR25395263_520105_1,CLP,"0,604",Hemo,"0,891",dairy
SRR25395263,SRR25395263_975388_1,CDP,"0,515",NonHemo,"0,356",dairy
SRR25395264,SRR25395264_21363_1,CLP,"0,515",NonHemo,"0,485",dairy
SRR25395264,SRR25395264_734712_1,CDP,"0,505",NonHemo,"0,228",dairy
SRR25395264,SRR25395264_1025829_1,CDP,"0,693",Hemo,"0,644",dairy
SRR25395264,SRR25395264_1525781_1,CLP,"0,604",Hemo,"0,663",dairy
SRR25395266,SRR25395266_2257_7,CLP,"0,663",Hemo,"0,733",dairy
SRR25395266,SRR25395266_36145_1,CLP,"0,667",Hemo,"0,693",dairy
SRR25395273,SRR25395273_241877_1,CLP,"0,574",Hemo,"0,871",dairy
SRR25395274,SRR25395274_568_48,CLP,"0,683",NonHemo,"0,416",dairy
SRR25395274,SRR25395274_8328_1,CLP,"0,515",Hemo,"0,673",dairy
SRR25395276,SRR25395276_822212_1,CDP,"0,545",NonHemo,"0,396",dairy
SRR25395278,SRR25395278_15193_6,CLP,"0,594",Hemo,"0,644",dairy
SRR25395278,SRR25395278_146588_2,CLP,"0,667",Hemo,"0,693",dairy
SRR25395278,SRR25395278_946994_1,CLP,"0,515",NonHemo,"0,485",dairy
SRR25395280,SRR25395280_3880_1,CDP,"0,604",Hemo,"0,851",dairy
SRR25395281,SRR25395281_193230_2,CDP,"0,525",NonHemo,"0,396",supplement
SRR25395282,SRR25395282_1127750_1,CLP,"0,604",Hemo,"0,663",dairy
SRR25395284,SRR25395284_5396_5,CLP,"0,667",Hemo,"0,693",supplement
SRR25395285,SRR25395285_28995_5,CLP,"0,667",Hemo,"0,693",dairy
SRR25395285,SRR25395285_1427108_1,CLP,"0,574",NonHemo,"0,495",dairy
SRR25395286,SRR25395286_27148_3,CDP,"0,515",NonHemo,"0,356",supplement
SRR25395287,SRR25395287_664337_1,CLP,"0,634",Hemo,"0,802",dairy
SRR25395288,SRR25395288_341_7,CLP,"0,554",Hemo,"0,535",dairy
SRR25395288,SRR25395288_11351_1,CDP,"0,743",Hemo,"0,812",dairy
SRR25395290,SRR25395290_18133_1,CDP,"0,515",NonHemo,"0,356",dairy
SRR25395295,SRR25395295_1524_1,CLP,"0,535",Hemo,"0,584",dairy
SRR25395298,SRR25395298_120192_1,CLP,"0,584",Hemo,"0,792",dairy
SRR25395299,SRR25395299_39262_3,CDP,"0,515",NonHemo,"0,356",dairy
SRR25395304,SRR25395304_20017_1,CLP,"0,515",NonHemo,"0,465",dairy
SRR25395308,SRR25395308_149494_1,CLP,"0,604",Hemo,"0,891",dairy
SRR25395308,SRR25395308_360333_1,CLP,"0,515",Hemo,"0,574",dairy
SRR25395309,SRR25395309_216609_1,CDP,"0,505",Hemo,"0,594",dairy
SRR25395310,SRR25395310_241121_2,CLP,"0,515",Hemo,"0,673",dairy
SRR25395313,SRR25395313_282987_2,CLP,"0,515",Hemo,"0,673",dairy
SRR25395313,SRR25395313_432652_1,CLP,"0,515",Hemo,"0,574",dairy
SRR25395314,SRR25395314_332505_2,CLP,"0,515",Hemo,"0,673",dairy
SRR25395314,SRR25395314_437472_1,CLP,"0,515",Hemo,"0,574",dairy
SRR25395317,SRR25395317_6151_1,CLP,"0,584",Hemo,"0,792",dairy
SRR25395317,SRR25395317_25962_4,CDP,"0,713",Hemo,"0,535",dairy
SRR25395318,SRR25395318_444143_1,CLP,"0,515",Hemo,"0,673",dairy
SRR25395319,SRR25395319_18834_1,CLP,"0,525",Hemo,"0,822",dairy
SRR25395320,SRR25395320_74597_1,CLP,"0,515",Hemo,"0,673",dairy
SRR25395326,SRR25395326_10317_16,CDP,"0,614",Hemo,"0,713",dairy
SRR25395327,SRR25395327_211549_4,CDP,"0,634",NonHemo,"0,248",dairy
SRR25395328,SRR25395328_23946_1,CLP,"0,525",Hemo,"0,673",dairy
SRR25395330,SRR25395330_292579_1,CLP,"0,515",Hemo,"0,673",dairy
SRR25395333,SRR25395333_25482_1,CDP,"0,515",NonHemo,"0,356",dairy
SRR25395337,SRR25395337_120_1,CDP,"0,505",NonHemo,"0,406",dairy
SRR25395337,SRR25395337_29366_6,CDP,"0,525",NonHemo,"0,436",dairy
SRR25395338,SRR25395338_787_1,CLP,"0,604",Hemo,"0,891",dairy
SRR25395340,SRR25395340_8246_4,CLP,"0,535",NonHemo,"0,495",dairy
SRR25395341,SRR25395341_12136_4,CLP,"0,535",NonHemo,"0,495",dairy
SRR25395344,SRR25395344_99663_3,CLP,"0,653",Hemo,"0,802",supplement
SRR25395345,SRR25395345_11161_1,CLP,"0,515",Hemo,"0,673",dairy
SRR25395346,SRR25395346_46147_1,CLP,"0,515",Hemo,"0,673",dairy
SRR25395350,SRR25395350_27486_5,CDP,"0,525",NonHemo,"0,436",dairy
SRR25395351,SRR25395351_335_2,CDP,"0,525",NonHemo,"0,436",dairy
SRR25395351,SRR25395351_18826_3,CDP,"0,624",Hemo,"0,634",dairy
SRR25395351,SRR25395351_23326_1,CDP,"0,515",NonHemo,"0,356",dairy
SRR25395352,SRR25395352_25781_3,CLP,"0,554",Hemo,"0,881",dairy
SRR25395352,SRR25395352_214169_1,CDP,"0,653",Hemo,"0,733",dairy
SRR25395353,SRR25395353_3276_1,CLP,"0,525",Hemo,"0,673",dairy
SRR25395353,SRR25395353_20635_3,CLP,"0,554",Hemo,"0,881",dairy
SRR25395354,SRR25395354_572_4,CLP,"0,554",Hemo,"0,881",dairy
SRR25395354,SRR25395354_9889_7,CDP,"0,515",Hemo,"0,673",dairy
SRR25395354,SRR25395354_38746_3,CDP,"0,515",NonHemo,"0,356",dairy
SRR25395355,SRR25395355_1250_4,CLP,"0,525",Hemo,"0,673",dairy
SRR25395355,SRR25395355_19075_3,CDP,"0,515",NonHemo,"0,356",dairy
SRR25395356,SRR25395356_2403_4,CLP,"0,554",Hemo,"0,881",dairy
SRR25395356,SRR25395356_5148_1,CDP,"0,515",NonHemo,"0,356",dairy
SRR25395360,SRR25395360_305266_1,CLP,"0,634",Hemo,"0,802",dairy
SRR25395362,SRR25395362_284_1,CDP,"0,515",NonHemo,"0,356",dairy
SRR25395369,SRR25395369_27105_1,CLP,"0,515",Hemo,"0,673",dairy
SRR25395369,SRR25395369_28453_1,CDP,"0,515",NonHemo,"0,356",dairy
SRR25395369,SRR25395369_29271_4,CLP,"0,535",NonHemo,"0,495",dairy
SRR25395371,SRR25395371_5484_3,CDP,"0,515",NonHemo,"0,356",dairy
SRR25395372,SRR25395372_19401_2,CLP,"0,535",NonHemo,"0,495",dairy
SRR25395372,SRR25395372_29498_2,CLP,"0,545",Hemo,"0,604",dairy
SRR25395372,SRR25395372_46573_3,CDP,"0,515",NonHemo,"0,356",dairy
SRR25395372,SRR25395372_535173_1,CLP,"0,604",Hemo,"0,891",dairy
SRR25395374,SRR25395374_17083_4,CLP,"0,713",Hemo,"0,653",dairy
SRR25395374,SRR25395374_28915_1,CDP,"0,505",Hemo,"0,673",dairy
SRR25395374,SRR25395374_35110_2,CLP,"0,535",NonHemo,"0,495",dairy
SRR25395374,SRR25395374_41979_1,CLP,"0,604",Hemo,"0,713",dairy
SRR25395374,SRR25395374_42405_1,CDP,"0,545",Hemo,"0,752",dairy
SRR25395374,SRR25395374_57085_3,CDP,"0,515",NonHemo,"0,356",dairy
SRR25395374,SRR25395374_379832_1,CLP,"0,604",Hemo,"0,891",dairy
SRR25395375,SRR25395375_7553_1,CLP,"0,535",NonHemo,"0,495",dairy
SRR25395375,SRR25395375_26110_7,CDP,"0,723",Hemo,"0,525",dairy
SRR25395377,SRR25395377_449_6,CLP,"0,743",Hemo,"0,525",dairy
SRR25395377,SRR25395377_4956_1,CDP,"0,604",Hemo,"0,594",dairy
SRR25395377,SRR25395377_6362_3,CDP,"0,574",NonHemo,"0,396",dairy
SRR25395377,SRR25395377_10455_2,CDP,"0,515",NonHemo,"0,356",dairy
SRR25395377,SRR25395377_16194_4,CLP,"0,574",Hemo,"0,733",dairy
SRR25395377,SRR25395377_19097_1,CDP,"0,614",Hemo,"0,624",dairy
SRR25395377,SRR25395377_85330_1,CDP,"0,525",NonHemo,"0,455",dairy
SRR25395378,SRR25395378_4292_4,CDP,"0,574",NonHemo,"0,396",dairy
SRR25395378,SRR25395378_33188_3,CLP,"0,574",Hemo,"0,733",dairy
SRR25395378,SRR25395378_57957_1,CDP,"0,604",Hemo,"0,594",dairy
SRR25395379,SRR25395379_24618_2,CDP,"0,584",Hemo,"0,871",dairy
SRR25395380,SRR25395380_33217_1,CDP,"0,604",Hemo,"0,594",dairy
SRR25395382,SRR25395382_513_3,CLP,"0,604",Hemo,"0,891",dairy
SRR25395385,SRR25395385_5877_3,CLP,"0,525",Hemo,"0,673",dairy
SRR25395385,SRR25395385_11300_1,CLP,"0,604",Hemo,"0,891",dairy
SRR25395385,SRR25395385_56559_2,CLP,"0,515",Hemo,"0,673",dairy
SRR25395386,SRR25395386_5809_18,CDP,"0,614",NonHemo,"0,436",dairy
SRR25395386,SRR25395386_50490_2,CLP,"0,505",Hemo,"0,673",dairy
SRR25395386,SRR25395386_120845_2,CLP,"0,515",Hemo,"0,673",dairy
SRR25395387,SRR25395387_22128_3,CDP,"0,515",NonHemo,"0,356",dairy
SRR25395387,SRR25395387_56441_1,CLP,"0,644",Hemo,"0,881",dairy
SRR25395388,SRR25395388_377_3,CLP,"0,525",Hemo,"0,673",dairy
SRR25395389,SRR25395389_5625_3,CDP,"0,515",NonHemo,"0,356",dairy
SRR25395392,SRR25395392_15663_4,CDP,"0,653",Hemo,"0,782",dairy
SRR25395399,SRR25395399_64034_1,CDP,"0,663",Hemo,"0,505",dairy
SRR25395400,SRR25395400_100496_6,CDP,"0,673",Hemo,"0,634",dairy
SRR25395400,SRR25395400_399223_1,CLP,"0,515",Hemo,"0,673",dairy
SRR25395400,SRR25395400_599816_1,CLP,"0,515",Hemo,"0,574",dairy
SRR25395411,SRR25395411_197_4,CLP,"0,525",Hemo,"0,673",dairy
SRR25395414,SRR25395414_1480320_1,CLP,"0,515",NonHemo,"0,079",dairy
SRR25395415,SRR25395415_24353_4,CLP,"0,525",Hemo,"0,673",dairy
SRR25395417,SRR25395417_37075_4,CLP,"0,535",NonHemo,"0,495",dairy
SRR25395419,SRR25395419_6165_4,CLP,"0,535",NonHemo,"0,495",dairy
SRR25395420,SRR25395420_39062_2,CLP,"0,535",NonHemo,"0,495",dairy
SRR25395421,SRR25395421_5552_5,CLP,"0,535",NonHemo,"0,495",dairy
SRR25395422,SRR25395422_3532_5,CLP,"0,535",NonHemo,"0,495",dairy
SRR25395423,SRR25395423_14498_5,CLP,"0,535",NonHemo,"0,495",dairy
SRR25395424,SRR25395424_7397_4,CLP,"0,667",Hemo,"0,693",dairy
SRR25395426,SRR25395426_31761_1,CLP,"0,525",Hemo,"0,673",dairy
SRR25395426,SRR25395426_228301_2,CLP,"0,667",Hemo,"0,693",dairy
SRR25395427,SRR25395427_38155_3,CLP,"0,667",Hemo,"0,693",dairy
SRR25395428,SRR25395428_9754_3,CLP,"0,667",Hemo,"0,693",dairy
SRR25395428,SRR25395428_37491_4,CDP,"0,634",NonHemo,"0,248",dairy
SRR25395431,SRR25395431_3863_6,CDP,"0,525",NonHemo,"0,436",dairy
SRR25395431,SRR25395431_20384_1,CDP,"0,505",Hemo,"0,713",dairy
SRR25395433,SRR25395433_9163_5,CDP,"0,525",NonHemo,"0,436",dairy
SRR25395433,SRR25395433_21635_1,CDP,"0,554",Hemo,"0,901",dairy
SRR25395434,SRR25395434_1470_2,CDP,"0,525",NonHemo,"0,436",dairy
SRR25395434,SRR25395434_2576_4,CLP,"0,554",Hemo,"0,881",dairy
SRR25395434,SRR25395434_67675_1,CDP,"0,505",Hemo,"0,713",dairy
SRR25395435,SRR25395435_4289_4,CLP,"0,525",Hemo,"0,673",dairy
SRR25395436,SRR25395436_31914_4,CLP,"0,525",Hemo,"0,673",dairy
SRR25395437,SRR25395437_1919_1,CDP,"0,525",Hemo,"0,644",dairy
SRR25395437,SRR25395437_3824_1,CLP,"0,525",Hemo,"0,673",dairy
SRR25395437,SRR25395437_59739_1,CDP,"0,505",Hemo,"0,842",dairy
SRR25395438,SRR25395438_8352_4,CLP,"0,525",Hemo,"0,673",dairy
SRR25395438,SRR25395438_52196_2,CDP,"0,614",NonHemo,"0,297",dairy
SRR25395438,SRR25395438_61616_1,CLP,"0,683",Hemo,"0,663",dairy
SRR25395438,SRR25395438_233105_1,CLP,"0,604",Hemo,"0,614",dairy
SRR25395441,SRR25395441_17972_4,CLP,"0,535",NonHemo,"0,495",supplement
SRR25395442,SRR25395442_8936_1,CDP,"0,515",NonHemo,"0,356",dairy
SRR25395444,SRR25395444_9069_6,CLP,"0,535",Hemo,"0,772",dairy
SRR25395444,SRR25395444_40674_2,CDP,"0,653",Hemo,"0,733",dairy
SRR25395444,SRR25395444_67226_1,CLP,"0,584",NonHemo,"0,455",dairy
SRR25395445,SRR25395445_24453_2,CDP,"0,564",Hemo,"0,842",dairy
SRR25395446,SRR25395446_30_2,CDP,"0,525",NonHemo,"0,436",dairy
SRR25395446,SRR25395446_13388_3,CLP,"0,535",Hemo,"0,772",dairy
SRR25395446,SRR25395446_28443_2,CDP,"0,653",Hemo,"0,733",dairy
SRR25395446,SRR25395446_44079_1,CLP,"0,535",NonHemo,"0,366",dairy
SRR25395447,SRR25395447_20972_2,CDP,"0,564",Hemo,"0,842",dairy
SRR25395447,SRR25395447_114207_1,CDP,"0,515",NonHemo,"0,356",dairy
SRR25395453,SRR25395453_27923_3,CDP,"0,515",NonHemo,"0,356",dairy
SRR25395454,SRR25395454_30154_3,CDP,"0,515",NonHemo,"0,356",dairy
SRR25395454,SRR25395454_111790_1,CDP,"0,634",NonHemo,"0,248",dairy
SRR25395454,SRR25395454_590880_2,CDP,"0,574",Hemo,"0,871",dairy
SRR25395455,SRR25395455_45331_2,CLP,"0,535",NonHemo,"0,495",dairy
SRR25395455,SRR25395455_441449_1,CDP,"0,564",Hemo,"0,832",dairy
SRR25395456,SRR25395456_21451_3,CDP,"0,515",NonHemo,"0,356",dairy
SRR25395456,SRR25395456_96932_4,CDP,"0,634",NonHemo,"0,248",dairy
SRR25395456,SRR25395456_878236_2,CLP,"0,574",Hemo,"0,792",dairy
SRR25395461,SRR25395461_13538_1,CDP,"0,515",NonHemo,"0,356",supplement
SRR25395465,SRR25395465_70169_1,CDP,"0,554",NonHemo,"0,426",dairy
SRR25395471,SRR25395471_33710_1,CLP,"0,574",Hemo,"0,792",supplement
SRR25395471,SRR25395471_52901_1,CLP,"0,574",Hemo,"0,851",supplement
SRR25395471,SRR25395471_115020_1,CLP,"0,667",Hemo,"0,693",supplement
SRR25395471,SRR25395471_263111_2,CDP,"0,673",Hemo,"0,703",supplement
SRR25395472,SRR25395472_85812_1,CLP,"0,604",Hemo,"0,663",dairy
SRR25395472,SRR25395472_204994_3,CDP,"0,515",NonHemo,"0,356",dairy
SRR25395473,SRR25395473_976_2,CDP,"0,653",Hemo,"0,733",dairy
SRR25395478,SRR25395478_722142_1,CLP,"0,574",Hemo,"0,871",dairy
SRR25395479,SRR25395479_1417697_1,CLP,"0,604",Hemo,"0,663",dairy
SRR25395481,SRR25395481_1664263_1,CLP,"0,634",Hemo,"0,644",dairy
SRR25395484,SRR25395484_49056_1,CLP,"0,505",Hemo,"0,545",dairy
SRR25395484,SRR25395484_164753_1,CDP,"0,594",Hemo,"0,574",dairy
SRR25395484,SRR25395484_181523_1,CLP,"0,584",Hemo,"0,614",dairy
SRR25395484,SRR25395484_205869_1,CDP,"0,564",NonHemo,"0,475",dairy
SRR25395484,SRR25395484_282141_1,CLP,"0,634",Hemo,"0,802",dairy
SRR25395485,SRR25395485_53351_2,CLP,"0,604",Hemo,"0,733",dairy
SRR25395485,SRR25395485_86660_1,CLP,"0,614",Hemo,"0,713",dairy
SRR25395486,SRR25395486_21575_3,CDP,"0,515",NonHemo,"0,356",supplement
SRR25395488,SRR25395488_9588_1,CDP,"0,515",NonHemo,"0,356",dairy
SRR25395489,SRR25395489_12692_2,CLP,"0,667",Hemo,"0,693",supplement
SRR25395491,SRR25395491_8631_2,CLP,"0,667",Hemo,"0,693",dairy
SRR25395493,SRR25395493_138478_1,CDP,"0,515",NonHemo,"0,356",supplement
SRR25395493,SRR25395493_216249_3,CLP,"0,667",Hemo,"0,693",supplement
SRR25395495,SRR25395495_1600_3,CDP,"0,515",NonHemo,"0,356",dairy
SRR25395495,SRR25395495_33520_1,CLP,"0,644",Hemo,"0,584",dairy
SRR25395496,SRR25395496_7362_1,CLP,"0,667",Hemo,"0,693",supplement
SRR25395496,SRR25395496_11671_5,CLP,"0,535",NonHemo,"0,495",supplement
SRR25395497,SRR25395497_1277768_1,CLP,"0,515",Hemo,"0,772",dairy
SRR25395499,SRR25395499_7505_1,CLP,"0,667",Hemo,"0,693",supplement
SRR25395499,SRR25395499_291466_1,CDP,"0,525",Hemo,"0,812",supplement
SRR25395500,SRR25395500_43537_3,CLP,"0,667",Hemo,"0,693",dairy
SRR25395503,SRR25395503_11698_4,CLP,"0,564",Hemo,"0,95",supplement
SRR25395504,SRR25395504_245891_3,CDP,"0,535",Hemo,"0,832",dairy
SRR25395504,SRR25395504_282422_1,CLP,"0,604",Hemo,"0,743",dairy
SRR25395508,SRR25395508_18896_4,CLP,"0,535",NonHemo,"0,495",supplement
SRR25395512,SRR25395512_7728_7,CDP,"0,723",Hemo,"0,525",supplement
SRR25395514,SRR25395514_20306_4,CLP,"0,564",Hemo,"0,584",dairy
SRR25395514,SRR25395514_77721_1,CLP,"0,644",NonHemo,"0,337",dairy
SRR25700601,SRR25700601_5715_2,CLP,"0,515",NonHemo,"0,327",fermented_grains
SRR25700601,SRR25700601_25606_2,CDP,"0,545",Hemo,"0,663",fermented_grains
SRR25700602,SRR25700602_20585_1,CDP,"0,545",Hemo,"0,663",fermented_grains
SRR25700603,SRR25700603_115833_1,ALP,"0,505",Hemo,"0,604",fermented_grains
SRR25700604,SRR25700604_4033_2,CLP,"0,515",NonHemo,"0,327",fermented_grains
SRR25700604,SRR25700604_26471_2,CLP,"0,515",Hemo,"0,683",fermented_grains
SRR25700605,SRR25700605_88307_2,CDP,"0,554",Hemo,"0,881",fermented_grains
SRR25700605,SRR25700605_205024_1,CDP,"0,584",Hemo,"0,851",fermented_grains
SRR25934526,SRR25934526_11043_1,CDP,"0,515",NonHemo,"0,356",dairy
SRR25934533,SRR25934533_12064_4,CLP,"0,644",Hemo,"0,584",dairy
SRR25934533,SRR25934533_37659_1,CDP,"0,564",Hemo,"0,832",dairy
SRR26215761,SRR26215761_39289_1,CLP,"0,782",Hemo,"0,861",fermented_beverages
SRR26215768,SRR26215768_42443_1,CLP,"0,594",Hemo,"0,574",fermented_beverages
SRR26215769,SRR26215769_24085_2,CLP,"0,723",Hemo,"0,97",fermented_beverages
SRR26215774,SRR26215774_27827_3,CLP,"0,535",Hemo,"0,743",fermented_beverages
SRR26215777,SRR26215777_2179_5,CLP,"0,535",Hemo,"0,743",fermented_beverages
SRR26215780,SRR26215780_4410_2,CLP,"0,515",NonHemo,"0,327",fermented_beverages
SRR26215783,SRR26215783_3242_2,CLP,"0,515",NonHemo,"0,327",fermented_beverages
SRR26215789,SRR26215789_6610_1,CLP,"0,634",Hemo,"0,812",fermented_beverages
SRR26215789,SRR26215789_13671_1,CDP,"0,614",Hemo,"0,921",fermented_beverages
SRR26215809,SRR26215809_16346_3,CDP,"0,594",NonHemo,"0,198",fermented_beverages
SRR26215810,SRR26215810_10212_2,CLP,"0,515",NonHemo,"0,327",fermented_beverages
SRR26215820,SRR26215820_10633_7,CLP,"0,525",Hemo,"0,515",fermented_beverages
SRR26215822,SRR26215822_4429_3,CLP,"0,564",Hemo,"0,842",fermented_beverages
SRR26215822,SRR26215822_7033_5,CLP,"0,653",Hemo,"0,762",fermented_beverages
SRR26215823,SRR26215823_2667_1,CLP,"0,653",Hemo,"0,762",fermented_beverages
SRR26215823,SRR26215823_2829_6,CLP,"0,564",Hemo,"0,842",fermented_beverages
SRR26215825,SRR26215825_3975_2,CLP,"0,653",Hemo,"0,762",fermented_beverages
SRR26215833,SRR26215833_2657_11,CLP,"0,644",Hemo,"0,911",fermented_beverages
SRR26215837,SRR26215837_39677_1,CLP,"0,515",Hemo,"0,535",fermented_beverages
SRR26215844,SRR26215844_722_4,CDP,"0,535",Hemo,"0,614",fermented_beverages
SRR26215847,SRR26215847_809_2,CDP,"0,535",Hemo,"0,614",fermented_beverages
SRR26215851,SRR26215851_3846_2,CLP,"0,515",NonHemo,"0,327",fermented_beverages
SRR26215851,SRR26215851_15666_1,CDP,"0,505",NonHemo,"0,05",fermented_beverages
SRR26215851,SRR26215851_40507_1,CLP,"0,535",Hemo,"0,743",fermented_beverages
SRR26215853,SRR26215853_930_5,CLP,"0,535",Hemo,"0,743",fermented_beverages
SRR26215853,SRR26215853_4796_2,CLP,"0,515",NonHemo,"0,327",fermented_beverages
SRR26215854,SRR26215854_159_2,CLP,"0,515",NonHemo,"0,327",fermented_beverages
SRR26215855,SRR26215855_70643_1,CDP,"0,545",Hemo,"0,515",fermented_beverages
SRR26215859,SRR26215859_1214_1,CDP,"0,515",Hemo,"0,644",fermented_beverages
SRR26215860,SRR26215860_1746_17,CLP,"0,515",NonHemo,"0,455",fermented_beverages
SRR26215861,SRR26215861_444_12,CLP,"0,505",Hemo,"0,861",fermented_beverages
SRR26215861,SRR26215861_613_11,CLP,"0,535",Hemo,"0,743",fermented_beverages
SRR26215864,SRR26215864_20115_1,CLP,"0,535",NonHemo,"0,446",fermented_beverages
SRR26215867,SRR26215867_10923_1,CLP,"0,535",NonHemo,"0,446",fermented_beverages
SRR26215877,SRR26215877_2873_1,CDP,"0,614",Hemo,"0,921",fermented_beverages
SRR26215884,SRR26215884_2551_1,CLP,"0,594",Hemo,"0,842",fermented_beverages
SRR26215889,SRR26215889_2510_7,CLP,"0,594",Hemo,"0,901",fermented_beverages
SRR26215890,SRR26215890_11816_1,CLP,"0,594",Hemo,"0,574",fermented_beverages
SRR26215900,SRR26215900_15460_2,CLP,"0,644",Hemo,"0,891",fermented_beverages
SRR26215903,SRR26215903_4311_5,CLP,"0,515",NonHemo,"0,327",fermented_beverages
SRR26215904,SRR26215904_7946_1,CDP,"0,545",Hemo,"0,515",fermented_beverages
SRR26215908,SRR26215908_1056_4,CLP,"0,535",NonHemo,"0,416",fermented_beverages
SRR26215916,SRR26215916_65546_1,CDP,"0,614",Hemo,"0,921",fermented_beverages
SRR26215917,SRR26215917_12367_4,CLP,"0,535",Hemo,"0,743",fermented_beverages
SRR26215919,SRR26215919_17597_2,CLP,"0,535",Hemo,"0,743",fermented_beverages
SRR26215920,SRR26215920_10335_1,CDP,"0,614",Hemo,"0,921",fermented_beverages
SRR26215930,SRR26215930_3486_11,CDP,"0,614",Hemo,"0,891",fermented_beverages
SRR26215932,SRR26215932_1717_1,CDP,"0,554",Hemo,"0,762",fermented_beverages
SRR26215933,SRR26215933_17823_6,CLP,"0,564",Hemo,"0,842",fermented_beverages
SRR26215946,SRR26215946_6583_17,CLP,"0,515",NonHemo,"0,455",fermented_beverages
SRR26215947,SRR26215947_522_7,CLP,"0,515",NonHemo,"0,327",fermented_beverages
SRR26215948,SRR26215948_185_17,CLP,"0,515",NonHemo,"0,455",fermented_beverages
SRR26215954,SRR26215954_14590_5,CLP,"0,515",NonHemo,"0,327",fermented_beverages
SRR26215956,SRR26215956_4387_4,CLP,"0,535",Hemo,"0,743",fermented_beverages
SRR26215978,SRR26215978_28312_1,CLP,"0,525",NonHemo,"0,05",fermented_beverages
SRR26215979,SRR26215979_664_1,CLP,"0,663",Hemo,"0,554",fermented_beverages
SRR26215990,SRR26215990_46674_1,CLP,"0,812",Hemo,"0,842",fermented_beverages
SRR26215999,SRR26215999_14744_1,CDP,"0,614",NonHemo,"0,287",fermented_beverages
SRR26215999,SRR26215999_16240_1,CDP,"0,594",Hemo,"0,881",fermented_beverages
SRR26216001,SRR26216001_139_7,CLP,"0,515",NonHemo,"0,327",fermented_beverages
SRR26216004,SRR26216004_4778_5,CLP,"0,535",Hemo,"0,743",fermented_beverages
SRR26216012,SRR26216012_20051_1,CDP,"0,545",Hemo,"0,743",fermented_beverages
SRR26216019,SRR26216019_1297_5,CLP,"0,515",NonHemo,"0,327",fermented_beverages
SRR26216019,SRR26216019_4985_1,CLP,"0,515",Hemo,"0,743",fermented_beverages
SRR26216022,SRR26216022_1575_5,CLP,"0,515",NonHemo,"0,327",fermented_beverages
SRR26216027,SRR26216027_4810_1,CLP,"0,515",NonHemo,"0,327",fermented_beverages
SRR26216035,SRR26216035_7324_1,CLP,"0,812",Hemo,"0,842",fermented_beverages
SRR26216042,SRR26216042_32326_1,CLP,"0,515",Hemo,"0,812",fermented_beverages
SRR26216043,SRR26216043_2338_1,CDP,"0,614",Hemo,"0,921",fermented_beverages
SRR26216043,SRR26216043_23553_1,CDP,"0,505",NonHemo,"0,248",fermented_beverages
SRR26216045,SRR26216045_1944_4,CDP,"0,574",Hemo,"0,851",fermented_beverages
SRR26216051,SRR26216051_4284_2,CLP,"0,535",Hemo,"0,743",fermented_beverages
SRR26216052,SRR26216052_8628_1,CLP,"0,535",Hemo,"0,743",fermented_beverages
SRR26216053,SRR26216053_10645_2,CLP,"0,535",Hemo,"0,743",fermented_beverages
SRR26216056,SRR26216056_6352_1,CLP,"0,505",NonHemo,"0,406",fermented_beverages
SRR26216059,SRR26216059_2291_2,CLP,"0,515",NonHemo,"0,327",fermented_beverages
SRR26216061,SRR26216061_435_5,CLP,"0,515",NonHemo,"0,327",fermented_beverages
SRR26216062,SRR26216062_2050_2,CDP,"0,564",NonHemo,"0,376",fermented_beverages
SRR26216067,SRR26216067_23510_2,CLP,"0,782",Hemo,"0,861",fermented_beverages
SRR26216068,SRR26216068_2176_6,CLP,"0,535",Hemo,"0,743",fermented_beverages
SRR26216071,SRR26216071_9380_1,CLP,"0,782",Hemo,"0,861",fermented_beverages
SRR26216077,SRR26216077_2249_5,CLP,"0,515",NonHemo,"0,327",fermented_beverages
SRR26216082,SRR26216082_37296_1,CDP,"0,653",NonHemo,"0,455",fermented_beverages
SRR26216085,SRR26216085_1949_2,CDP,"0,515",NonHemo,"0,168",fermented_beverages
SRR26216089,SRR26216089_78320_1,CLP,"0,564",Hemo,"0,752",fermented_beverages
SRR26216093,SRR26216093_15441_1,CLP,"0,564",Hemo,"0,752",fermented_beverages
SRR26216094,SRR26216094_96052_1,CLP,"0,545",Hemo,"0,594",fermented_beverages
SRR26216104,SRR26216104_3884_2,CDP,"0,545",Hemo,"0,574",fermented_beverages
SRR26348135,SRR26348135_2218_2,CLP,"0,515",NonHemo,"0,327",fermented_beverages
SRR26348139,SRR26348139_912_5,CLP,"0,515",NonHemo,"0,327",fermented_beverages
SRR26348144,SRR26348144_10625_1,CDP,"0,614",Hemo,"0,921",fermented_beverages
SRR26348145,SRR26348145_28235_1,CLP,"0,535",Hemo,"0,743",fermented_beverages
SRR26348148,SRR26348148_12095_1,CDP,"0,614",Hemo,"0,921",fermented_beverages
SRR26348148,SRR26348148_36816_2,CLP,"0,535",Hemo,"0,743",fermented_beverages
SRR26348151,SRR26348151_297_2,CLP,"0,515",NonHemo,"0,327",fermented_beverages
SRR26348153,SRR26348153_14802_1,CDP,"0,614",Hemo,"0,921",fermented_beverages
SRR26348155,SRR26348155_25761_1,CLP,"0,535",Hemo,"0,743",fermented_beverages
SRR26348157,SRR26348157_11996_1,CDP,"0,614",Hemo,"0,921",fermented_beverages
SRR26348159,SRR26348159_5_2,CLP,"0,515",NonHemo,"0,327",fermented_beverages
SRR26348160,SRR26348160_4708_5,CLP,"0,515",NonHemo,"0,327",fermented_beverages
SRR26596524,SRR26596524_825761_1,CLP,"0,554",Hemo,"0,901",seafood
SRR26596528,SRR26596528_10084_4,CDP,"0,515",NonHemo,"0,327",seafood
SRR26596529,SRR26596529_172114_2,CLP,"0,505",Hemo,"0,614",seafood
SRR26596529,SRR26596529_186218_1,CDP,"0,554",Hemo,"0,99",seafood
SRR26596532,SRR26596532_40959_1,CDP,"0,554",Hemo,"0,99",seafood
SRR26596532,SRR26596532_212826_1,CDP,"0,505",Hemo,"0,525",seafood
SRR26596535,SRR26596535_263062_1,CDP,"0,554",Hemo,"0,99",seafood
SRR26596536,SRR26596536_35675_2,CLP,"0,505",NonHemo,"0,436",seafood
SRR26596537,SRR26596537_311048_1,CDP,"0,594",Hemo,"0,822",seafood
SRR26596537,SRR26596537_1495875_1,CDP,"0,554",Hemo,"0,545",seafood
SRR26596539,SRR26596539_123578_2,CDP,"0,5",NonHemo,"0,455",seafood
SRR26596541,SRR26596541_1183326_1,CDP,"0,614",Hemo,"0,743",seafood
SRR26596542,SRR26596542_317333_1,CDP,"0,604",Hemo,"0,535",seafood
SRR26596544,SRR26596544_113320_1,CLP,"0,594",Hemo,"0,634",seafood
SRR26596544,SRR26596544_581046_1,CDP,"0,634",NonHemo,"0,297",seafood
SRR26596546,SRR26596546_880978_1,ALP,"0,525",NonHemo,"0,119",seafood
SRR26596546,SRR26596546_956178_2,CLP,"0,505",NonHemo,"0,436",seafood
SRR26596547,SRR26596547_322160_1,CDP,"0,594",Hemo,"0,822",seafood
SRR26596547,SRR26596547_576730_1,CLP,"0,703",Hemo,"0,832",seafood
SRR26596547,SRR26596547_1448373_1,ALP,"0,574",Hemo,"0,545",seafood
SRR26596550,SRR26596550_46163_1,CLP,"0,762",Hemo,"0,782",seafood
SRR26596550,SRR26596550_90165_1,CDP,"0,554",Hemo,"0,99",seafood
SRR26596550,SRR26596550_97320_1,CLP,"0,505",Hemo,"0,614",seafood
SRR26596550,SRR26596550_225120_1,CDP,"0,604",Hemo,"0,535",seafood
SRR26596551,SRR26596551_254803_2,CDP,"0,525",NonHemo,"0,455",seafood
SRR26596554,SRR26596554_689771_1,CLP,"0,703",Hemo,"0,832",seafood
SRR26596556,SRR26596556_162786_1,CDP,"0,554",Hemo,"0,99",seafood
SRR26596560,SRR26596560_1393915_1,ALP,"0,545",NonHemo,"0,495",seafood
SRR26596561,SRR26596561_102752_1,CDP,"0,604",Hemo,"0,535",seafood
SRR26596563,SRR26596563_42377_1,CDP,"0,604",Hemo,"0,535",seafood
SRR26596565,SRR26596565_24615_1,CDP,"0,604",Hemo,"0,535",seafood
SRR26596568,SRR26596568_479663_1,CDP,"0,525",NonHemo,"0,228",seafood
SRR26596568,SRR26596568_1635604_1,CLP,"0,535",Hemo,"0,535",seafood
SRR26596569,SRR26596569_362162_1,CDP,"0,554",NonHemo,"0,228",seafood
SRR26596571,SRR26596571_18031_2,CDP,"0,564",Hemo,"0,802",seafood
SRR26596572,SRR26596572_114537_1,CDP,"0,554",Hemo,"0,99",seafood
SRR26596572,SRR26596572_182180_1,CLP,"0,505",Hemo,"0,614",seafood
SRR26596574,SRR26596574_295355_1,CLP,"0,545",NonHemo,"0,406",seafood
SRR26596575,SRR26596575_213808_2,CLP,"0,505",NonHemo,"0,436",seafood
SRR26596575,SRR26596575_421388_1,CLP,"0,545",NonHemo,"0,198",seafood
SRR26596575,SRR26596575_474077_1,CLP,"0,545",NonHemo,"0,356",seafood
SRR26596576,SRR26596576_50864_1,CDP,"0,545",NonHemo,"0,386",seafood
SRR26596576,SRR26596576_625133_1,CLP,"0,505",Hemo,"0,743",seafood
SRR26596579,SRR26596579_24047_1,CLP,"0,782",Hemo,"0,733",seafood
SRR26596581,SRR26596581_278358_1,CDP,"0,554",Hemo,"0,99",seafood
SRR26596584,SRR26596584_167475_1,CDP,"0,564",Hemo,"0,525",seafood
SRR26596588,SRR26596588_122071_2,CDP,"0,515",NonHemo,"0,337",seafood
SRR26596595,SRR26596595_401633_1,CLP,"0,505",NonHemo,"0,436",seafood
SRR26596597,SRR26596597_497598_1,CDP,"0,505",NonHemo,"0,287",seafood
SRR26596597,SRR26596597_1257352_1,CLP,"0,505",Hemo,"0,614",seafood
SRR26596597,SRR26596597_1708549_1,CLP,"0,525",Hemo,"0,743",seafood
SRR26596597,SRR26596597_1739331_1,CDP,"0,762",Hemo,"0,584",seafood
SRR26596598,SRR26596598_82681_1,CDP,"0,604",Hemo,"0,535",seafood
SRR26596599,SRR26596599_427886_1,CLP,"0,505",Hemo,"0,743",seafood
SRR26596599,SRR26596599_1016372_1,CLP,"0,505",NonHemo,"0,426",seafood
SRR26596602,SRR26596602_942996_1,CLP,"0,515",Hemo,"0,713",seafood
SRR26596602,SRR26596602_1639629_1,CLP,"0,703",Hemo,"0,832",seafood
SRR26994305,SRR26994305_3343_9,CLP,"0,505",Hemo,"0,505",dairy
SRR26994307,SRR26994307_116_4,CLP,"0,545",NonHemo,"0,198",dairy
SRR26994318,SRR26994318_5342_3,CDP,"0,515",NonHemo,"0,356",dairy
SRR26994322,SRR26994322_544_1,CLP,"0,822",Hemo,"0,723",dairy
SRR27183618,SRR27183618_13521_5,CLP,"0,667",Hemo,"0,693",fermented_meat
SRR27183619,SRR27183619_3570_1,CLP,"0,545",Hemo,"0,634",fermented_meat
SRR27183620,SRR27183620_132479_1,CLP,"0,515",Hemo,"0,673",fermented_meat
SRR27183621,SRR27183621_50587_1,CLP,"0,515",Hemo,"0,673",fermented_meat
SRR27183630,SRR27183630_9962_1,CLP,"0,663",Hemo,"0,861",fermented_meat
SRR27278105,SRR27278105_49146_1,CDP,"0,505",NonHemo,"0,396",meat
SRR27278106,SRR27278106_53230_2,CLP,"0,554",NonHemo,"0,495",meat
SRR27278108,SRR27278108_134117_6,CLP,"0,525",NonHemo,"0,485",meat
SRR27278114,SRR27278114_19558_4,CLP,"0,535",Hemo,"0,743",meat
SRR27278114,SRR27278114_21743_5,CLP,"0,525",NonHemo,"0,485",meat
SRR27278114,SRR27278114_71387_2,CDP,"0,574",Hemo,"0,871",meat
SRR27278118,SRR27278118_102979_3,CLP,"0,535",Hemo,"0,743",meat
SRR27278118,SRR27278118_359903_2,CLP,"0,545",NonHemo,"0,465",meat
SRR27278121,SRR27278121_187767_1,CDP,"0,525",NonHemo,"0,396",meat
SRR27278124,SRR27278124_86710_2,CLP,"0,584",NonHemo,"0,366",meat
SRR27278126,SRR27278126_16508_3,CLP,"0,812",Hemo,"0,95",meat
SRR27278129,SRR27278129_293582_1,CDP,"0,604",NonHemo,"0,495",meat
SRR27278130,SRR27278130_19140_3,CLP,"0,525",NonHemo,"0,485",meat
SRR27278131,SRR27278131_7628_6,CLP,"0,525",NonHemo,"0,485",meat
SRR27278132,SRR27278132_2106_1,CLP,"0,634",Hemo,"0,683",meat
SRR27278136,SRR27278136_20959_1,ALP,"0,634",Hemo,"0,614",meat
SRR27278136,SRR27278136_38752_1,CLP,"0,525",NonHemo,"0,485",meat
SRR27278142,SRR27278142_74955_1,ALP,"0,634",Hemo,"0,614",meat
SRR27278142,SRR27278142_425127_1,CDP,"0,614",Hemo,"0,673",meat
SRR27278143,SRR27278143_27964_1,CLP,"0,525",Hemo,"0,545",meat
SRR27278144,SRR27278144_1602978_1,CDP,"0,673",Hemo,"0,921",meat
SRR27278145,SRR27278145_196922_3,CLP,"0,667",Hemo,"0,693",meat
SRR27278145,SRR27278145_431203_1,CLP,"0,515",Hemo,"0,584",meat
SRR27278146,SRR27278146_2677065_1,CDP,"0,545",NonHemo,"0,396",meat
SRR27278147,SRR27278147_441296_2,CDP,"0,525",NonHemo,"0,396",meat
SRR27278148,SRR27278148_4994_1,CLP,"0,525",NonHemo,"0,485",meat
SRR27278153,SRR27278153_1815177_1,CLP,"0,653",Hemo,"0,584",meat
SRR27278154,SRR27278154_293797_1,CDP,"0,535",NonHemo,"0,376",meat
SRR27278154,SRR27278154_1293768_1,CDP,"0,554",NonHemo,"0,426",meat
SRR27278156,SRR27278156_215119_1,CDP,"0,782",Hemo,"0,842",meat
SRR27278159,SRR27278159_52919_1,CDP,"0,535",Hemo,"0,98",meat
SRR27278160,SRR27278160_12537_4,CLP,"0,604",Hemo,"0,812",meat
SRR27278160,SRR27278160_170040_1,CLP,"0,634",Hemo,"0,802",meat
SRR27278161,SRR27278161_50889_1,CLP,"0,505",Hemo,"0,723",meat
SRR27278162,SRR27278162_28497_9,CDP,"0,545",Hemo,"0,515",meat
SRR27278162,SRR27278162_158728_1,CDP,"0,644",Hemo,"0,554",meat
SRR27278165,SRR27278165_75142_1,CLP,"0,515",NonHemo,"0,307",meat
SRR27278166,SRR27278166_3004_1,CLP,"0,693",Hemo,"0,832",meat
SRR27278167,SRR27278167_29398_2,CLP,"0,604",Hemo,"0,812",meat
SRR27278169,SRR27278169_25497_1,CLP,"0,574",Hemo,"0,792",meat
SRR27278171,SRR27278171_13580_3,CLP,"0,535",Hemo,"0,743",meat
SRR27278172,SRR27278172_87045_1,CDP,"0,624",Hemo,"0,584",meat
SRR27278174,SRR27278174_150228_3,CLP,"0,812",Hemo,"0,95",meat
SRR27278174,SRR27278174_305585_1,CLP,"0,604",Hemo,"0,743",meat
SRR27278176,SRR27278176_15276_3,CLP,"0,812",Hemo,"0,95",meat
SRR27278176,SRR27278176_17445_3,CLP,"0,505",Hemo,"0,584",meat
SRR27278176,SRR27278176_365742_1,CDP,"0,624",Hemo,"0,584",meat
SRR27278178,SRR27278178_1157_2,CDP,"0,574",Hemo,"0,871",meat
SRR27278178,SRR27278178_7623_6,CDP,"0,535",NonHemo,"0,386",meat
SRR27278178,SRR27278178_60849_1,CLP,"0,667",Hemo,"0,693",meat
SRR27278178,SRR27278178_214798_1,CDP,"0,515",NonHemo,"0,446",meat
SRR27278179,SRR27278179_61025_1,CDP,"0,515",Hemo,"0,723",meat
SRR27278179,SRR27278179_118080_1,CDP,"0,624",Hemo,"0,584",meat
SRR27278179,SRR27278179_253877_1,CLP,"0,535",NonHemo,"0,347",meat
SRR27278180,SRR27278180_557_3,CDP,"0,624",Hemo,"0,584",meat
SRR27278183,SRR27278183_8771_1,CLP,"0,667",Hemo,"0,693",meat
SRR27278183,SRR27278183_11692_1,CLP,"0,594",Hemo,"0,733",meat
SRR27278183,SRR27278183_27284_1,CDP,"0,505",Hemo,"0,752",meat
SRR27278183,SRR27278183_68986_1,CDP,"0,545",Hemo,"0,752",meat
SRR27278183,SRR27278183_235199_1,CDP,"0,624",Hemo,"0,584",meat
SRR27278184,SRR27278184_23110_3,CLP,"0,535",Hemo,"0,743",meat
SRR27278185,SRR27278185_1041_1,CDP,"0,743",Hemo,"0,772",meat
SRR27278185,SRR27278185_45002_1,CLP,"0,525",Hemo,"0,545",meat
SRR27278186,SRR27278186_5986_3,CDP,"0,535",Hemo,"0,832",meat
SRR27278186,SRR27278186_7827_3,CLP,"0,667",Hemo,"0,693",meat
SRR27278186,SRR27278186_40572_3,CLP,"0,505",Hemo,"0,584",meat
SRR27278187,SRR27278187_34879_1,CLP,"0,653",Hemo,"0,792",meat
SRR27278189,SRR27278189_9895_1,CDP,"0,624",Hemo,"0,525",meat
SRR27278190,SRR27278190_11822_6,CLP,"0,525",Hemo,"0,802",meat
SRR27278190,SRR27278190_23170_3,CLP,"0,667",Hemo,"0,693",meat
SRR27278190,SRR27278190_32304_6,CLP,"0,525",Hemo,"0,693",meat
SRR27278190,SRR27278190_266091_3,CDP,"0,574",NonHemo,"0,455",meat
SRR27278194,SRR27278194_106716_2,CLP,"0,515",Hemo,"0,673",meat
SRR27278195,SRR27278195_36285_1,CDP,"0,624",Hemo,"0,584",meat
SRR27278196,SRR27278196_10753_1,CDP,"0,554",NonHemo,"0,287",meat
SRR27278196,SRR27278196_85103_1,CDP,"0,505",NonHemo,"0,396",meat
SRR27278198,SRR27278198_8587_3,CLP,"0,505",Hemo,"0,584",meat
SRR27278199,SRR27278199_7446_3,CLP,"0,667",Hemo,"0,693",meat
SRR27278199,SRR27278199_133050_1,CLP,"0,554",Hemo,"0,614",meat
SRR27278201,SRR27278201_53242_1,CLP,"0,772",Hemo,"0,743",meat
SRR27278204,SRR27278204_24914_3,CDP,"0,545",Hemo,"0,515",meat
SRR27278204,SRR27278204_331184_1,CDP,"0,604",Hemo,"0,535",meat
SRR27278205,SRR27278205_327969_1,CLP,"0,564",Hemo,"0,752",meat
SRR27278206,SRR27278206_58322_4,CDP,"0,564",NonHemo,"0,277",meat
SRR27278208,SRR27278208_42357_1,CDP,"0,614",Hemo,"0,673",meat
SRR27278211,SRR27278211_36119_2,CLP,"0,525",NonHemo,"0,485",meat
SRR27278211,SRR27278211_73367_2,CLP,"0,584",NonHemo,"0,366",meat
SRR27278213,SRR27278213_314613_1,CDP,"0,703",Hemo,"0,891",meat
SRR27278214,SRR27278214_29117_1,CLP,"0,515",Hemo,"0,673",meat
SRR27278216,SRR27278216_7381_2,CLP,"0,604",Hemo,"0,673",meat
SRR27278218,SRR27278218_27823_2,CDP,"0,525",NonHemo,"0,396",meat
SRR27278221,SRR27278221_146665_1,CLP,"0,525",NonHemo,"0,485",meat
SRR27278222,SRR27278222_29373_7,CDP,"0,614",NonHemo,"0,307",meat
SRR27278223,SRR27278223_3940_1,CLP,"0,667",Hemo,"0,693",meat
SRR27278223,SRR27278223_28681_1,CLP,"0,574",Hemo,"0,792",meat
SRR27278227,SRR27278227_171396_1,CDP,"0,525",NonHemo,"0,396",meat
SRR2753158,SRR2753158_81533_1,CLP,"0,574",Hemo,"0,851",fermented_tubers_and_roots
SRR27593153,SRR27593153_2340_5,CDP,"0,634",Hemo,"0,881",fermented_grains
SRR27593156,SRR27593156_6356_26,CLP,"0,634",Hemo,"0,97",fermented_tubers_and_roots
SRR27593156,SRR27593156_22520_4,CLP,"0,525",Hemo,"0,505",fermented_tubers_and_roots
SRR27593156,SRR27593156_169009_5,CLP,"0,505",Hemo,"0,792",fermented_tubers_and_roots
SRR27593167,SRR27593167_436_4,CLP,"0,564",Hemo,"0,842",fermented_grains
SRR27593173,SRR27593173_10324_1,CDP,"0,554",Hemo,"0,901",fermented_tubers_and_roots
SRR27593174,SRR27593174_10433_4,CDP,"0,505",Hemo,"0,752",alcohol
SRR27593179,SRR27593179_181_3,CDP,"0,569",Hemo,"0,683",dairy
SRR27593181,SRR27593181_133_8,CDP,"0,569",Hemo,"0,683",dairy
SRR27593188,SRR27593188_132342_1,CLP,"0,545",NonHemo,"0,386",fermented_seeds
SRR27593192,SRR27593192_53573_2,ALP,"0,634",NonHemo,"0,337",alcohol
SRR27593197,SRR27593197_24961_1,CDP,"0,515",Hemo,"0,663",fermented_tubers_and_roots
SRR27593202,SRR27593202_337_6,CLP,"0,584",Hemo,"0,554",fermented_grains
SRR27593203,SRR27593203_7122_2,CDP,"0,564",Hemo,"0,931",fermented_tubers_and_roots
SRR27593204,SRR27593204_24736_1,CLP,"0,515",Hemo,"0,535",fermented_tubers_and_roots
SRR27593208,SRR27593208_231_38,CLP,"0,653",Hemo,"0,842",fermented_grains
SRR27593209,SRR27593209_2585_1,CLP,"0,515",NonHemo,"0,327",alcohol
SRR27593211,SRR27593211_22086_1,CLP,"0,535",Hemo,"0,832",fermented_grains
SRR27593212,SRR27593212_1934_8,CLP,"0,584",Hemo,"0,554",fermented_grains
SRR27593219,SRR27593219_1855_6,CLP,"0,515",NonHemo,"0,327",alcohol
SRR27593219,SRR27593219_25818_1,CDP,"0,545",Hemo,"0,97",alcohol
SRR27593220,SRR27593220_544_8,CDP,"0,569",Hemo,"0,683",dairy
SRR27593221,SRR27593221_11054_1,CLP,"0,554",Hemo,"0,812",fermented_grains
SRR27593222,SRR27593222_212_2,CLP,"0,515",NonHemo,"0,327",alcohol
SRR27593225,SRR27593225_950_5,CLP,"0,614",Hemo,"0,921",fermented_tubers_and_roots
SRR27593225,SRR27593225_92188_1,CDP,"0,554",Hemo,"0,901",fermented_tubers_and_roots
SRR27593227,SRR27593227_6826_1,CLP,"0,535",Hemo,"0,604",alcohol
SRR27593234,SRR27593234_6556_7,CDP,"0,663",Hemo,"0,535",alcohol
SRR27593234,SRR27593234_10223_13,CLP,"0,604",Hemo,"0,525",alcohol
SRR27593234,SRR27593234_48474_1,CDP,"0,614",NonHemo,"0,327",alcohol
SRR27593235,SRR27593235_32639_1,CLP,"0,515",Hemo,"0,604",fermented_tubers_and_roots
SRR28235345,SRR28235345_3512_29,CDP,"0,545",Hemo,"0,891",dairy
SRR28235350,SRR28235350_9075_1,CLP,"0,554",Hemo,"0,614",dairy
SRR28235357,SRR28235357_10924_1,CLP,"0,574",Hemo,"0,851",dairy
SRR28235385,SRR28235385_10243_3,CDP,"0,535",NonHemo,"0,356",dairy
SRR28523061,SRR28523061_365857_1,CLP,"0,604",Hemo,"0,891",fermented_meat
SRR28523062,SRR28523062_457861_1,CLP,"0,663",Hemo,"0,693",fermented_meat
SRR28523062,SRR28523062_1527176_1,CLP,"0,535",NonHemo,"0,356",fermented_meat
SRR28523062,SRR28523062_1827435_1,CLP,"0,525",Hemo,"0,535",fermented_meat
SRR28523062,SRR28523062_2495194_1,CLP,"0,574",Hemo,"0,851",fermented_meat
SRR28523063,SRR28523063_261939_1,CDP,"0,535",NonHemo,"0,208",fermented_meat
SRR28523063,SRR28523063_456945_1,CLP,"0,521",NonHemo,"0,297",fermented_meat
SRR28523064,SRR28523064_7205_3,CDP,"0,653",Hemo,"0,782",dairy
SRR28523065,SRR28523065_5956_1,CLP,"0,667",Hemo,"0,693",dairy
SRR28523065,SRR28523065_20408_1,CLP,"0,574",Hemo,"0,851",dairy
SRR28523066,SRR28523066_6675_1,CDP,"0,653",Hemo,"0,782",dairy
SRR28523067,SRR28523067_441_14,CLP,"0,667",Hemo,"0,693",dairy
SRR28523067,SRR28523067_14256_1,CDP,"0,515",NonHemo,"0,356",dairy
SRR28523067,SRR28523067_18891_8,CDP,"0,609",Hemo,"0,673",dairy
SRR28523067,SRR28523067_30965_1,CLP,"0,554",Hemo,"0,604",dairy
SRR28523069,SRR28523069_8986_3,CDP,"0,515",NonHemo,"0,356",dairy
SRR28523070,SRR28523070_1715_4,CLP,"0,842",Hemo,"0,931",dairy
SRR28523070,SRR28523070_1715_6,CLP,"0,762",Hemo,"0,921",dairy
SRR28523070,SRR28523070_2056_8,CLP,"0,515",Hemo,"0,772",dairy
SRR28523072,SRR28523072_279_2,CLP,"0,762",Hemo,"0,921",dairy
SRR28523072,SRR28523072_279_4,CLP,"0,842",Hemo,"0,931",dairy
SRR28523074,SRR28523074_36422_1,CLP,"0,515",Hemo,"0,673",dairy
SRR28523074,SRR28523074_316054_1,CLP,"0,515",Hemo,"0,574",dairy
SRR28523075,SRR28523075_22943_1,CLP,"0,574",Hemo,"0,851",dairy
SRR28523078,SRR28523078_851_2,CDP,"0,515",NonHemo,"0,356",dairy
SRR28523078,SRR28523078_1644_1,CLP,"0,545",Hemo,"0,772",dairy
SRR28523078,SRR28523078_9095_1,CLP,"0,604",Hemo,"0,891",dairy
SRR28523082,SRR28523082_34391_1,CLP,"0,515",Hemo,"0,673",dairy
SRR28523082,SRR28523082_49433_1,CDP,"0,525",Hemo,"0,752",dairy
SRR28523082,SRR28523082_51208_1,CDP,"0,505",Hemo,"0,861",dairy
SRR28523084,SRR28523084_16899_1,CLP,"0,574",Hemo,"0,851",dairy
SRR28523084,SRR28523084_19103_1,CDP,"0,604",Hemo,"0,881",dairy
SRR28523086,SRR28523086_5489_6,CDP,"0,713",Hemo,"0,703",dairy
SRR28523089,SRR28523089_1475_1,CDP,"0,515",NonHemo,"0,356",dairy
SRR28523089,SRR28523089_2726_1,CLP,"0,535",NonHemo,"0,495",dairy
SRR28523090,SRR28523090_3213_8,CLP,"0,505",Hemo,"0,653",dairy
SRR28523092,SRR28523092_2414_4,CLP,"0,535",NonHemo,"0,495",dairy
SRR28523094,SRR28523094_39528_1,CLP,"0,574",Hemo,"0,792",dairy
SRR28523096,SRR28523096_22754_1,CLP,"0,604",Hemo,"0,891",dairy
SRR28523097,SRR28523097_2094774_1,CLP,"0,521",NonHemo,"0,297",dairy
SRR28523097,SRR28523097_2485909_1,CDP,"0,505",Hemo,"0,891",dairy
SRR28523097,SRR28523097_3253783_1,CDP,"0,535",NonHemo,"0,356",dairy
SRR28523097,SRR28523097_4268085_1,CDP,"0,634",Hemo,"0,743",dairy
SRR28523098,SRR28523098_27970_1,CLP,"0,574",Hemo,"0,792",dairy
SRR28523098,SRR28523098_120558_1,CLP,"0,832",Hemo,"0,921",dairy
SRR28523099,SRR28523099_3057_3,CDP,"0,515",NonHemo,"0,356",dairy
SRR28523099,SRR28523099_5266_16,CDP,"0,545",Hemo,"0,772",dairy
SRR28523102,SRR28523102_8582_1,CLP,"0,505",NonHemo,"0,465",dairy
SRR28523103,SRR28523103_7755_1,CLP,"0,604",Hemo,"0,891",dairy
SRR28523104,SRR28523104_11332_1,CLP,"0,574",Hemo,"0,851",dairy
SRR28523106,SRR28523106_2812_2,CDP,"0,515",NonHemo,"0,356",dairy
SRR28523107,SRR28523107_1125_1,CDP,"0,515",NonHemo,"0,356",dairy
SRR28523108,SRR28523108_51134_1,CDP,"0,515",NonHemo,"0,356",dairy
SRR28523109,SRR28523109_287683_1,CDP,"0,515",NonHemo,"0,356",dairy
SRR28523110,SRR28523110_12_4,CLP,"0,535",NonHemo,"0,495",dairy
SRR28523111,SRR28523111_6554_3,CDP,"0,515",NonHemo,"0,356",dairy
SRR28523112,SRR28523112_25746_4,CLP,"0,515",Hemo,"0,772",dairy
SRR28523112,SRR28523112_89400_1,CDP,"0,505",NonHemo,"0,337",dairy
SRR28523113,SRR28523113_4524_3,CDP,"0,515",NonHemo,"0,356",dairy
SRR28523114,SRR28523114_308_4,CLP,"0,525",Hemo,"0,673",dairy
SRR28523114,SRR28523114_849_3,CDP,"0,515",NonHemo,"0,356",dairy
SRR28523114,SRR28523114_900_4,CLP,"0,535",NonHemo,"0,495",dairy
SRR28523115,SRR28523115_6083_4,CLP,"0,535",NonHemo,"0,495",dairy
SRR28523115,SRR28523115_161832_1,CDP,"0,693",Hemo,"0,703",dairy
SRR28523117,SRR28523117_46448_3,CDP,"0,515",NonHemo,"0,356",dairy
SRR28523118,SRR28523118_28975_4,CLP,"0,535",NonHemo,"0,495",dairy
SRR28523119,SRR28523119_1358_5,CLP,"0,535",NonHemo,"0,495",dairy
SRR28523119,SRR28523119_23965_1,CLP,"0,604",Hemo,"0,891",dairy
SRR28523120,SRR28523120_90355_4,CLP,"0,535",NonHemo,"0,495",dairy
SRR28523121,SRR28523121_14955_5,CLP,"0,535",NonHemo,"0,495",dairy
SRR28523121,SRR28523121_98458_1,CLP,"0,667",Hemo,"0,693",dairy
SRR28523121,SRR28523121_633469_1,CLP,"0,515",Hemo,"0,673",dairy
SRR28523121,SRR28523121_1132311_1,CLP,"0,604",Hemo,"0,891",dairy
SRR28523126,SRR28523126_222245_2,CLP,"0,515",Hemo,"0,673",fermented_meat
SRR28523129,SRR28523129_15513_3,CLP,"0,545",Hemo,"0,832",fermented_meat
SRR28523133,SRR28523133_15012_2,CLP,"0,545",Hemo,"0,832",fermented_meat
SRR28523135,SRR28523135_4161_4,CLP,"0,535",NonHemo,"0,495",dairy
SRR28523135,SRR28523135_14785_1,CDP,"0,574",Hemo,"0,95",dairy
SRR28523136,SRR28523136_118374_1,CLP,"0,515",Hemo,"0,673",fermented_meat
SRR28523138,SRR28523138_542368_2,CLP,"0,545",Hemo,"0,921",fermented_meat
SRR28523138,SRR28523138_1040241_1,CLP,"0,574",Hemo,"0,851",fermented_meat
SRR28523139,SRR28523139_52273_2,CLP,"0,545",Hemo,"0,832",fermented_meat
SRR28523139,SRR28523139_282890_1,CLP,"0,515",Hemo,"0,673",fermented_meat
SRR28523140,SRR28523140_606442_1,CDP,"0,673",Hemo,"0,743",fermented_meat
SRR28523142,SRR28523142_17958_1,CDP,"0,515",NonHemo,"0,356",fermented_meat
SRR28523142,SRR28523142_28287_1,CLP,"0,515",Hemo,"0,673",fermented_meat
SRR28523142,SRR28523142_43003_1,CLP,"0,604",Hemo,"0,891",fermented_meat
SRR28523142,SRR28523142_143636_1,CDP,"0,515",NonHemo,"0,446",fermented_meat
SRR28523144,SRR28523144_874_2,CLP,"0,545",Hemo,"0,832",fermented_meat
SRR28523144,SRR28523144_150109_1,CLP,"0,604",Hemo,"0,891",fermented_meat
SRR28523146,SRR28523146_1543_1,CDP,"0,574",NonHemo,"0,396",dairy
SRR28523148,SRR28523148_10484_2,CLP,"0,545",Hemo,"0,832",fermented_meat
SRR28523149,SRR28523149_39429_1,CLP,"0,525",Hemo,"0,752",fermented_meat
SRR28523151,SRR28523151_62430_1,CLP,"0,604",Hemo,"0,891",fermented_meat
SRR28523151,SRR28523151_82034_2,CDP,"0,653",Hemo,"0,733",fermented_meat
SRR28523152,SRR28523152_353378_2,CDP,"0,673",Hemo,"0,743",fermented_meat
SRR28523152,SRR28523152_423488_1,CLP,"0,515",Hemo,"0,673",fermented_meat
SRR28523153,SRR28523153_200747_1,CLP,"0,604",Hemo,"0,891",fermented_meat
SRR28523154,SRR28523154_28763_1,CLP,"0,574",Hemo,"0,752",fermented_meat
SRR28523157,SRR28523157_6527_1,CDP,"0,574",NonHemo,"0,396",dairy
SRR28523158,SRR28523158_32275_1,CDP,"0,653",Hemo,"0,733",fermented_meat
SRR28523158,SRR28523158_33270_1,CLP,"0,525",NonHemo,"0,495",fermented_meat
SRR28523158,SRR28523158_97202_1,CLP,"0,515",Hemo,"0,673",fermented_meat
SRR28523159,SRR28523159_3239_1,CLP,"0,653",Hemo,"0,604",fermented_meat
SRR28523161,SRR28523161_4345_2,CLP,"0,515",Hemo,"0,772",dairy
SRR28523161,SRR28523161_9117_4,CDP,"0,569",Hemo,"0,683",dairy
SRR28523164,SRR28523164_1511_3,CDP,"0,515",NonHemo,"0,356",dairy
SRR28523165,SRR28523165_3760_4,CLP,"0,51",Hemo,"0,673",dairy
SRR28523165,SRR28523165_4908_3,CDP,"0,515",NonHemo,"0,356",dairy
SRR28523167,SRR28523167_1993_4,CDP,"0,569",Hemo,"0,683",dairy
SRR28523168,SRR28523168_4523_2,CLP,"0,515",NonHemo,"0,327",dairy
SRR28523168,SRR28523168_19349_2,CLP,"0,515",Hemo,"0,673",dairy
SRR28523168,SRR28523168_144624_1,CLP,"0,604",Hemo,"0,891",dairy
SRR28523170,SRR28523170_4635_8,CDP,"0,569",Hemo,"0,683",dairy
SRR28523171,SRR28523171_4102_8,CDP,"0,569",Hemo,"0,683",dairy
SRR28523171,SRR28523171_6604_2,CLP,"0,515",Hemo,"0,772",dairy
SRR28523171,SRR28523171_30725_1,CDP,"0,673",Hemo,"0,673",dairy
SRR28523173,SRR28523173_5677_3,CLP,"0,535",NonHemo,"0,495",dairy
SRR28523176,SRR28523176_1359_5,CLP,"0,564",Hemo,"0,842",dairy
SRR28523176,SRR28523176_9588_5,CLP,"0,535",NonHemo,"0,495",dairy
SRR28523178,SRR28523178_3138_5,CLP,"0,535",NonHemo,"0,495",dairy
SRR28523179,SRR28523179_13740_1,CDP,"0,569",Hemo,"0,683",dairy
SRR28523180,SRR28523180_19028_1,CLP,"0,574",Hemo,"0,901",dairy
SRR28523180,SRR28523180_24741_1,CDP,"0,515",NonHemo,"0,356",dairy
SRR28523181,SRR28523181_88_1,CDP,"0,569",Hemo,"0,683",dairy
SRR28523181,SRR28523181_160119_1,CLP,"0,515",Hemo,"0,673",dairy
SRR28523182,SRR28523182_20203_1,CDP,"0,574",NonHemo,"0,396",dairy
SRR28523183,SRR28523183_10345_4,CLP,"0,515",Hemo,"0,772",dairy
SRR28523183,SRR28523183_15944_1,CDP,"0,515",NonHemo,"0,238",dairy
SRR28523183,SRR28523183_24666_1,CLP,"0,752",Hemo,"0,752",dairy
SRR28523183,SRR28523183_50718_2,CLP,"0,604",Hemo,"0,673",dairy
SRR28523184,SRR28523184_157995_2,CLP,"0,515",Hemo,"0,772",dairy
SRR28523185,SRR28523185_34527_4,CLP,"0,515",Hemo,"0,772",dairy
SRR28523186,SRR28523186_1395_11,CLP,"0,604",Hemo,"0,891",dairy
SRR28523186,SRR28523186_2842_146,CDP,"0,624",Hemo,"0,881",dairy
SRR28523186,SRR28523186_7712_1,CLP,"0,515",Hemo,"0,673",dairy
SRR28523186,SRR28523186_13585_2,CDP,"0,535",Hemo,"0,584",dairy
SRR28523186,SRR28523186_43807_6,CDP,"0,723",Hemo,"0,564",dairy
SRR28523186,SRR28523186_92400_1,CDP,"0,515",NonHemo,"0,356",dairy
SRR28523187,SRR28523187_2967_5,CLP,"0,535",NonHemo,"0,495",dairy
SRR28523188,SRR28523188_40_3,CLP,"0,535",NonHemo,"0,495",dairy
SRR28523188,SRR28523188_139641_2,CLP,"0,515",Hemo,"0,673",dairy
SRR28523190,SRR28523190_79467_2,CLP,"0,515",Hemo,"0,673",dairy
SRR28523192,SRR28523192_10271_1,CLP,"0,515",Hemo,"0,673",dairy
SRR28523192,SRR28523192_15796_2,CDP,"0,515",NonHemo,"0,356",dairy
SRR28523193,SRR28523193_7154_5,CLP,"0,535",NonHemo,"0,495",dairy
SRR28523194,SRR28523194_2052_5,CLP,"0,535",NonHemo,"0,495",dairy
SRR28523195,SRR28523195_5271_1,CLP,"0,693",Hemo,"0,901",dairy
SRR28523196,SRR28523196_1335176_1,CDP,"0,545",NonHemo,"0,396",dairy
SRR28523197,SRR28523197_4206_3,CDP,"0,515",NonHemo,"0,356",dairy
SRR28523198,SRR28523198_3_2,CLP,"0,535",NonHemo,"0,495",dairy
SRR28523200,SRR28523200_935_12,CLP,"0,545",Hemo,"0,891",dairy
SRR28523200,SRR28523200_25387_1,CDP,"0,515",NonHemo,"0,356",dairy
SRR28523200,SRR28523200_164410_1,CDP,"0,653",NonHemo,"0,208",dairy
SRR28523201,SRR28523201_37513_4,CLP,"0,535",NonHemo,"0,495",supplement
SRR28523202,SRR28523202_15213_1,CDP,"0,515",NonHemo,"0,356",supplement
SRR28523203,SRR28523203_35857_1,CDP,"0,515",NonHemo,"0,356",supplement
SRR28523203,SRR28523203_89765_7,CDP,"0,713",Hemo,"0,535",supplement
SRR28523203,SRR28523203_908151_1,CLP,"0,574",NonHemo,"0,495",supplement
SRR28523206,SRR28523206_76233_5,CLP,"0,535",NonHemo,"0,495",supplement
SRR28523207,SRR28523207_96592_2,CLP,"0,535",NonHemo,"0,495",supplement
SRR28523209,SRR28523209_13988_7,CDP,"0,673",Hemo,"0,752",dairy
SRR28523210,SRR28523210_1016_5,CLP,"0,535",NonHemo,"0,495",supplement
SRR28523216,SRR28523216_274831_2,CDP,"0,515",NonHemo,"0,356",supplement
SRR28523217,SRR28523217_44509_1,CLP,"0,515",Hemo,"0,812",dairy
SRR28523217,SRR28523217_105138_1,CLP,"0,604",Hemo,"0,663",dairy
SRR28523217,SRR28523217_883540_1,CLP,"0,634",Hemo,"0,802",dairy
SRR28523217,SRR28523217_1255973_1,CDP,"0,535",NonHemo,"0,376",dairy
SRR28523227,SRR28523227_290672_1,CDP,"0,545",NonHemo,"0,485",dairy
SRR28523232,SRR28523232_762_4,CDP,"0,574",NonHemo,"0,396",dairy
SRR28523234,SRR28523234_803_21,CDP,"0,703",Hemo,"0,891",dairy
SRR28523234,SRR28523234_4068_1,CDP,"0,505",NonHemo,"0,337",dairy
SRR28523234,SRR28523234_8639_3,CLP,"0,515",Hemo,"0,772",dairy
SRR28523235,SRR28523235_7513_1,CDP,"0,505",Hemo,"0,921",dairy
SRR28523235,SRR28523235_28379_1,CLP,"0,604",Hemo,"0,931",dairy
SRR28523235,SRR28523235_53803_1,CDP,"0,653",Hemo,"0,733",dairy
SRR28523236,SRR28523236_13519_1,CLP,"0,574",Hemo,"0,851",dairy
SRR28523237,SRR28523237_108050_1,CLP,"0,604",Hemo,"0,891",dairy
SRR28523239,SRR28523239_1632_1,CLP,"0,604",Hemo,"0,891",dairy
SRR28523239,SRR28523239_26515_2,CLP,"0,515",Hemo,"0,673",dairy
SRR28523240,SRR28523240_4659_1,CDP,"0,515",NonHemo,"0,356",dairy
SRR28523240,SRR28523240_48200_1,CDP,"0,644",Hemo,"0,554",dairy
SRR28523242,SRR28523242_10455_2,CDP,"0,505",Hemo,"0,861",dairy
SRR28523243,SRR28523243_18821_1,CDP,"0,653",Hemo,"0,733",dairy
SRR28523244,SRR28523244_19383_2,CLP,"0,515",Hemo,"0,673",dairy
SRR28523244,SRR28523244_47604_1,CDP,"0,505",NonHemo,"0,337",dairy
SRR28523244,SRR28523244_49140_3,CLP,"0,515",Hemo,"0,772",dairy
SRR28523245,SRR28523245_5967_4,CLP,"0,535",NonHemo,"0,495",dairy
SRR28523245,SRR28523245_7109_1,CDP,"0,574",NonHemo,"0,396",dairy
SRR28523245,SRR28523245_18214_1,CLP,"0,574",Hemo,"0,851",dairy
SRR28523249,SRR28523249_3489_8,CDP,"0,569",Hemo,"0,683",dairy
SRR28523249,SRR28523249_4070_13,CDP,"0,505",Hemo,"0,861",dairy
SRR28523249,SRR28523249_13165_1,CLP,"0,574",Hemo,"0,851",dairy
SRR28523252,SRR28523252_27097_2,CLP,"0,515",Hemo,"0,673",dairy
SRR28523253,SRR28523253_228_6,CLP,"0,515",Hemo,"0,772",dairy
SRR28523253,SRR28523253_30162_3,CDP,"0,515",NonHemo,"0,356",dairy
SRR28523253,SRR28523253_43140_1,CLP,"0,604",Hemo,"0,891",dairy
SRR28523253,SRR28523253_46016_2,CLP,"0,535",NonHemo,"0,495",dairy
SRR28523253,SRR28523253_134889_2,CLP,"0,515",Hemo,"0,673",dairy
SRR28523254,SRR28523254_26267_1,CDP,"0,624",Hemo,"0,584",dairy
SRR28523254,SRR28523254_51651_1,CDP,"0,653",Hemo,"0,733",dairy
SRR28523256,SRR28523256_1329_1,CDP,"0,505",NonHemo,"0,337",dairy
SRR28523256,SRR28523256_2743_4,CLP,"0,535",NonHemo,"0,495",dairy
SRR28523257,SRR28523257_983_5,CLP,"0,535",NonHemo,"0,495",dairy
SRR28523260,SRR28523260_3339_11,CLP,"0,515",Hemo,"0,772",dairy
SRR28523261,SRR28523261_1079_8,CDP,"0,569",Hemo,"0,683",dairy
SRR28523266,SRR28523266_14333_1,CLP,"0,515",Hemo,"0,673",dairy
SRR28523267,SRR28523267_5638_4,CLP,"0,604",Hemo,"0,891",dairy
SRR28523268,SRR28523268_17023_1,CLP,"0,505",Hemo,"0,931",dairy
SRR28523269,SRR28523269_6381_3,CDP,"0,569",Hemo,"0,683",dairy
SRR28523269,SRR28523269_185410_4,CDP,"0,624",Hemo,"0,752",dairy
SRR28523270,SRR28523270_118838_9,CDP,"0,713",Hemo,"0,782",other
SRR28523271,SRR28523271_3657_3,CDP,"0,515",NonHemo,"0,356",supplement
SRR28523273,SRR28523273_24546_1,CDP,"0,653",Hemo,"0,782",dairy
SRR28523274,SRR28523274_861801_2,CLP,"0,515",Hemo,"0,673",fermented_meat
SRR28523274,SRR28523274_902036_1,CLP,"0,634",NonHemo,"0,248",fermented_meat
SRR28523275,SRR28523275_49105_6,CDP,"0,673",Hemo,"0,644",fermented_meat
SRR28523276,SRR28523276_168319_1,CDP,"0,673",Hemo,"0,743",fermented_meat
SRR28523276,SRR28523276_1008238_2,CLP,"0,515",Hemo,"0,673",fermented_meat
SRR28523277,SRR28523277_447873_17,CDP,"0,673",Hemo,"0,644",fermented_meat
SRR28523277,SRR28523277_902079_2,CDP,"0,538",Hemo,"0,663",fermented_meat
SRR28523277,SRR28523277_1024485_1,CLP,"0,574",Hemo,"0,851",fermented_meat
SRR28523277,SRR28523277_1612501_2,CLP,"0,515",Hemo,"0,673",fermented_meat
SRR28523277,SRR28523277_1836958_1,CDP,"0,515",Hemo,"0,584",fermented_meat
SRR28523277,SRR28523277_3367381_1,CLP,"0,525",Hemo,"0,574",fermented_meat
SRR28523277,SRR28523277_3822721_1,CDP,"0,505",Hemo,"0,584",fermented_meat
SRR28523278,SRR28523278_198999_2,CLP,"0,515",Hemo,"0,673",fermented_meat
SRR28523278,SRR28523278_925041_1,CLP,"0,673",Hemo,"0,594",fermented_meat
SRR28523280,SRR28523280_1293208_1,CLP,"0,604",Hemo,"0,891",fermented_meat
SRR28523281,SRR28523281_483127_1,CDP,"0,574",Hemo,"0,594",fermented_meat
SRR28523281,SRR28523281_2882002_1,CDP,"0,505",Hemo,"0,584",fermented_meat
SRR28523283,SRR28523283_81959_1,CLP,"0,505",NonHemo,"0,446",dairy
SRR28523284,SRR28523284_103288_1,CLP,"0,554",Hemo,"0,614",dairy
SRR28523287,SRR28523287_6107_5,CLP,"0,535",NonHemo,"0,495",dairy
SRR28523288,SRR28523288_910_6,CLP,"0,545",Hemo,"0,832",fermented_meat
SRR28523288,SRR28523288_14119_3,CLP,"0,554",Hemo,"0,881",fermented_meat
SRR28523288,SRR28523288_282918_2,CLP,"0,515",Hemo,"0,673",fermented_meat
SRR28523289,SRR28523289_27659_2,CLP,"0,545",Hemo,"0,832",fermented_meat
SRR28523289,SRR28523289_563166_1,CDP,"0,554",Hemo,"0,703",fermented_meat
SRR28523289,SRR28523289_998715_1,CLP,"0,634",NonHemo,"0,248",fermented_meat
SRR28523289,SRR28523289_1208580_1,CDP,"0,644",NonHemo,"0,327",fermented_meat
SRR28523290,SRR28523290_0_1,CLP,"0,545",NonHemo,"0,406",dairy
SRR28523291,SRR28523291_184047_3,CDP,"0,515",NonHemo,"0,356",fermented_meat
SRR28523292,SRR28523292_73558_3,CLP,"0,554",Hemo,"0,881",fermented_meat
SRR28523292,SRR28523292_160945_1,CLP,"0,604",Hemo,"0,891",fermented_meat
SRR28523293,SRR28523293_106037_1,CDP,"0,614",Hemo,"0,921",fermented_meat
SRR28523293,SRR28523293_177327_1,CLP,"0,644",Hemo,"0,891",fermented_meat
SRR28523294,SRR28523294_238353_1,CLP,"0,752",Hemo,"0,723",fermented_meat
SRR28523295,SRR28523295_8639_3,CDP,"0,515",NonHemo,"0,356",dairy
SRR28523295,SRR28523295_13954_1,CLP,"0,574",Hemo,"0,614",dairy
SRR28523295,SRR28523295_16777_9,CDP,"0,569",Hemo,"0,683",dairy
SRR28523295,SRR28523295_83164_1,CDP,"0,505",Hemo,"0,861",dairy
SRR28523296,SRR28523296_140632_1,CLP,"0,505",Hemo,"0,584",dairy
SRR28523300,SRR28523300_516408_1,CLP,"0,584",Hemo,"0,792",dairy
SRR28523302,SRR28523302_1676_3,CDP,"0,515",NonHemo,"0,356",dairy
SRR28523308,SRR28523308_38824_6,CLP,"0,545",Hemo,"0,891",fermented_meat
SRR28523312,SRR28523312_1023804_1,CLP,"0,515",Hemo,"0,673",fermented_meat
SRR28523314,SRR28523314_178163_1,CLP,"0,515",Hemo,"0,673",fermented_meat
SRR28523315,SRR28523315_4957_6,CLP,"0,545",Hemo,"0,832",fermented_meat
SRR28523316,SRR28523316_119217_1,CDP,"0,673",Hemo,"0,743",fermented_meat
SRR28523317,SRR28523317_2962_1,CDP,"0,653",Hemo,"0,782",dairy
SRR28523323,SRR28523323_939242_1,CDP,"0,505",Hemo,"0,644",fermented_meat
SRR28523324,SRR28523324_146912_1,CLP,"0,604",Hemo,"0,891",fermented_meat
SRR28523326,SRR28523326_7217_2,CLP,"0,545",Hemo,"0,832",fermented_meat
SRR28523329,SRR28523329_6203_12,CLP,"0,515",Hemo,"0,772",dairy
SRR28523329,SRR28523329_29124_2,CDP,"0,505",NonHemo,"0,327",dairy
SRR28523330,SRR28523330_1142_11,CLP,"0,515",Hemo,"0,772",dairy
SRR28523330,SRR28523330_19540_2,CLP,"0,554",Hemo,"0,723",dairy
SRR28910084,SRR28910084_8189_1,CLP,"0,505",Hemo,"0,584",fermented_legumes
SRR28910086,SRR28910086_7725_2,CDP,"0,505",Hemo,"0,564",fermented_legumes
SRR28910090,SRR28910090_5196_2,CDP,"0,505",Hemo,"0,564",fermented_legumes
SRR29791267,SRR29791267_216240_1,CLP,"0,545",NonHemo,"0,455",fruits_and_vegetables
SRR29791268,SRR29791268_5939_3,CLP,"0,554",NonHemo,"0,307",fruits_and_vegetables
SRR29791268,SRR29791268_1631629_1,CLP,"0,584",Hemo,"0,644",fruits_and_vegetables
SRR29791269,SRR29791269_377118_1,CLP,"0,554",NonHemo,"0,307",fruits_and_vegetables
SRR29791269,SRR29791269_3099199_1,CLP,"0,505",Hemo,"0,693",fruits_and_vegetables
SRR29791270,SRR29791270_75468_1,CLP,"0,624",Hemo,"0,515",fruits_and_vegetables
SRR29791270,SRR29791270_112264_1,CDP,"0,693",Hemo,"0,931",fruits_and_vegetables
SRR29791270,SRR29791270_125225_1,CDP,"0,624",NonHemo,"0,168",fruits_and_vegetables
SRR29791270,SRR29791270_939226_1,CLP,"0,693",Hemo,"0,505",fruits_and_vegetables
SRR29791270,SRR29791270_1424474_1,CLP,"0,505",Hemo,"0,693",fruits_and_vegetables
SRR29791273,SRR29791273_98775_1,CLP,"0,554",NonHemo,"0,376",fruits_and_vegetables
SRR29791274,SRR29791274_266257_2,CLP,"0,782",Hemo,"0,683",fruits_and_vegetables
SRR29791275,SRR29791275_901099_1,CLP,"0,505",Hemo,"0,693",fruits_and_vegetables
SRR29791276,SRR29791276_979972_1,CLP,"0,782",Hemo,"0,683",fruits_and_vegetables
SRR29791364,SRR29791364_259531_5,CLP,"0,554",NonHemo,"0,307",fruits_and_vegetables
SRR29791365,SRR29791365_112560_1,CLP,"0,554",NonHemo,"0,307",fruits_and_vegetables
SRR29791367,SRR29791367_102173_1,CDP,"0,505",Hemo,"0,634",fruits_and_vegetables
SRR29791367,SRR29791367_170993_3,CLP,"0,772",Hemo,"0,752",fruits_and_vegetables
SRR29791367,SRR29791367_282936_1,CLP,"0,525",NonHemo,"0,168",fruits_and_vegetables
SRR29791367,SRR29791367_858171_1,CLP,"0,624",Hemo,"0,683",fruits_and_vegetables
SRR3017088,SRR3017088_928_2,CLP,"0,515",NonHemo,"0,327",alcohol
SRR3017092,SRR3017092_99_1,CLP,"0,515",NonHemo,"0,327",alcohol
SRR3017094,SRR3017094_395_7,CLP,"0,515",NonHemo,"0,327",alcohol
SRR3017095,SRR3017095_2558_2,CLP,"0,515",NonHemo,"0,327",alcohol
SRR3017096,SRR3017096_392_7,CLP,"0,515",NonHemo,"0,327",alcohol
SRR3017097,SRR3017097_2561_2,CLP,"0,515",NonHemo,"0,327",alcohol
SRR3017098,SRR3017098_921_7,CLP,"0,515",NonHemo,"0,327",alcohol
SRR3017098,SRR3017098_29148_1,CLP,"0,545",Hemo,"0,861",alcohol
SRR3017099,SRR3017099_6988_6,CLP,"0,515",NonHemo,"0,327",alcohol
SRR3017101,SRR3017101_296_2,CLP,"0,515",NonHemo,"0,327",alcohol
SRR3017102,SRR3017102_1867_7,CLP,"0,515",NonHemo,"0,327",alcohol
SRR3017103,SRR3017103_2524_2,CLP,"0,515",NonHemo,"0,327",alcohol
SRR3017104,SRR3017104_2056_2,CLP,"0,515",NonHemo,"0,327",alcohol
SRR3017105,SRR3017105_284_6,CLP,"0,515",NonHemo,"0,327",alcohol
SRR30464822,SRR30464822_221120_1,CDP,"0,535",Hemo,"0,941",dairy
SRR30464828,SRR30464828_2209352_1,CLP,"0,545",Hemo,"0,871",dairy
SRR30464869,SRR30464869_284979_1,CDP,"0,535",Hemo,"0,941",dairy
SRR30464875,SRR30464875_371898_1,CDP,"0,525",Hemo,"0,802",dairy
SRR30464890,SRR30464890_151091_1,CLP,"0,584",Hemo,"0,614",dairy
SRR30464896,SRR30464896_4340_2,CLP,"0,545",NonHemo,"0,426",dairy
SRR30464900,SRR30464900_133544_1,CDP,"0,535",Hemo,"0,941",dairy
SRR30464900,SRR30464900_2077216_1,CLP,"0,604",Hemo,"0,663",dairy
SRR30464900,SRR30464900_3185500_1,CLP,"0,545",Hemo,"0,871",dairy
SRR30464915,SRR30464915_540872_1,CLP,"0,604",Hemo,"0,663",dairy
SRR30464915,SRR30464915_1971195_1,CLP,"0,545",Hemo,"0,871",dairy
SRR30464923,SRR30464923_1340548_1,CDP,"0,535",NonHemo,"0,376",dairy
SRR30464926,SRR30464926_1147723_1,CLP,"0,634",Hemo,"0,802",dairy
SRR30464926,SRR30464926_2388751_1,CLP,"0,545",NonHemo,"0,426",dairy
SRR30464926,SRR30464926_4394064_1,CLP,"0,505",NonHemo,"0,495",dairy
SRR30684823,SRR30684823_5146_7,CDP,"0,723",Hemo,"0,525",dairy
SRR30684823,SRR30684823_7003_1,CLP,"0,584",NonHemo,"0,455",dairy
SRR30684824,SRR30684824_14946_1,CDP,"0,525",NonHemo,"0,208",dairy
SRR30684825,SRR30684825_1164_2,CDP,"0,564",Hemo,"0,564",dairy
SRR30684825,SRR30684825_13083_5,CLP,"0,535",NonHemo,"0,495",dairy
SRR30684825,SRR30684825_15023_1,CLP,"0,505",Hemo,"0,752",dairy
SRR30684827,SRR30684827_1425_1,CLP,"0,515",NonHemo,"0,287",dairy
SRR30684828,SRR30684828_1393_6,CDP,"0,614",NonHemo,"0,297",dairy
SRR30684829,SRR30684829_3658_5,CDP,"0,515",Hemo,"0,554",dairy
SRR30684829,SRR30684829_16994_1,CDP,"0,515",NonHemo,"0,356",dairy
SRR30684831,SRR30684831_116_1,CDP,"0,505",Hemo,"0,713",dairy
SRR30684831,SRR30684831_3752_10,CLP,"0,564",Hemo,"0,842",dairy
SRR30684831,SRR30684831_31344_1,CDP,"0,554",Hemo,"0,515",dairy
SRR30684831,SRR30684831_145969_1,CLP,"0,505",NonHemo,"0,327",dairy
SRR30684833,SRR30684833_2848_2,CLP,"0,535",Hemo,"0,594",dairy
SRR30684833,SRR30684833_6529_2,CDP,"0,525",NonHemo,"0,436",dairy
SRR30684833,SRR30684833_8036_1,CLP,"0,683",Hemo,"0,802",dairy
SRR30684833,SRR30684833_11894_5,CDP,"0,505",NonHemo,"0,406",dairy
SRR30684834,SRR30684834_3741_6,CDP,"0,525",NonHemo,"0,436",dairy
SRR30684834,SRR30684834_11713_3,CLP,"0,535",NonHemo,"0,495",dairy
SRR30684834,SRR30684834_40689_1,CLP,"0,525",Hemo,"0,693",dairy
SRR30684835,SRR30684835_4858_5,CDP,"0,505",NonHemo,"0,406",dairy
SRR30684835,SRR30684835_8575_6,CDP,"0,525",NonHemo,"0,436",dairy
SRR30684836,SRR30684836_2277_2,CDP,"0,525",NonHemo,"0,436",dairy
SRR30684836,SRR30684836_12965_1,CLP,"0,554",Hemo,"0,644",dairy
SRR30684836,SRR30684836_14221_2,CLP,"0,535",Hemo,"0,812",dairy
SRR30684836,SRR30684836_52561_1,CDP,"0,515",NonHemo,"0,446",dairy
SRR30684837,SRR30684837_1210_4,CLP,"0,535",NonHemo,"0,495",dairy
SRR30684837,SRR30684837_2171_2,CDP,"0,525",NonHemo,"0,436",dairy
SRR30684837,SRR30684837_3954_2,CLP,"0,535",Hemo,"0,594",dairy
SRR30684837,SRR30684837_23388_1,CDP,"0,515",NonHemo,"0,446",dairy
SRR30684838,SRR30684838_6473_1,CDP,"0,515",NonHemo,"0,356",dairy
SRR30684838,SRR30684838_19185_1,CDP,"0,554",Hemo,"0,515",dairy
SRR30684840,SRR30684840_31382_1,CLP,"0,545",Hemo,"0,634",dairy
SRR30684842,SRR30684842_604_1,CDP,"0,515",NonHemo,"0,356",dairy
SRR30684843,SRR30684843_12164_4,CLP,"0,535",NonHemo,"0,495",dairy
SRR30684843,SRR30684843_39323_4,CLP,"0,525",Hemo,"0,673",dairy
SRR30684844,SRR30684844_3215_1,CDP,"0,505",NonHemo,"0,406",dairy
SRR30684844,SRR30684844_4882_1,CLP,"0,673",Hemo,"0,97",dairy
SRR30684844,SRR30684844_5981_1,CDP,"0,505",Hemo,"0,713",dairy
SRR30684844,SRR30684844_7542_1,CDP,"0,525",NonHemo,"0,436",dairy
SRR30684844,SRR30684844_25003_3,CDP,"0,515",NonHemo,"0,356",dairy
SRR30684844,SRR30684844_31027_1,CDP,"0,624",Hemo,"0,822",dairy
SRR30684846,SRR30684846_30917_7,CDP,"0,723",Hemo,"0,525",dairy
SRR30684847,SRR30684847_2986_5,CLP,"0,535",NonHemo,"0,495",dairy
SRR30684849,SRR30684849_3394_1,CLP,"0,525",Hemo,"0,673",dairy
SRR30684850,SRR30684850_2286_1,CDP,"0,515",NonHemo,"0,356",dairy
SRR30684850,SRR30684850_3005_2,CLP,"0,545",Hemo,"0,634",dairy
SRR30684851,SRR30684851_7883_6,CDP,"0,525",NonHemo,"0,436",dairy
SRR30684852,SRR30684852_342_3,CDP,"0,515",NonHemo,"0,356",dairy
SRR30684853,SRR30684853_3027_4,CDP,"0,614",NonHemo,"0,297",dairy
SRR30684853,SRR30684853_3470_1,CLP,"0,574",NonHemo,"0,485",dairy
SRR30684853,SRR30684853_5114_7,CDP,"0,723",Hemo,"0,525",dairy
SRR30684853,SRR30684853_10709_1,CLP,"0,554",NonHemo,"0,465",dairy
SRR30684853,SRR30684853_30433_1,CLP,"0,545",Hemo,"0,634",dairy
SRR30684854,SRR30684854_483_6,CDP,"0,525",NonHemo,"0,436",dairy
SRR30684854,SRR30684854_2399_1,CDP,"0,515",NonHemo,"0,356",dairy
SRR30684854,SRR30684854_5373_7,CDP,"0,723",Hemo,"0,525",dairy
SRR30684854,SRR30684854_11972_2,CDP,"0,594",Hemo,"0,624",dairy
SRR30684854,SRR30684854_17877_1,CDP,"0,505",Hemo,"0,713",dairy
SRR30684854,SRR30684854_18360_1,CDP,"0,515",NonHemo,"0,446",dairy
SRR30684855,SRR30684855_5809_1,CLP,"0,762",Hemo,"0,703",dairy
SRR30684855,SRR30684855_24638_2,CDP,"0,723",Hemo,"0,525",dairy
SRR30684856,SRR30684856_1152_1,CLP,"0,667",Hemo,"0,693",dairy
SRR30684856,SRR30684856_2414_1,CDP,"0,564",Hemo,"0,832",dairy
SRR30684860,SRR30684860_2784_5,CDP,"0,505",NonHemo,"0,406",dairy
SRR30684860,SRR30684860_3976_2,CDP,"0,525",NonHemo,"0,436",dairy
SRR30684860,SRR30684860_5745_1,CDP,"0,515",NonHemo,"0,446",dairy
SRR30684861,SRR30684861_1345_2,CDP,"0,525",NonHemo,"0,436",dairy
SRR30684861,SRR30684861_20877_1,CDP,"0,515",NonHemo,"0,446",dairy
SRR30729956,SRR30729956_1394_1,CDP,"0,594",NonHemo,"0,455",dairy
SRR30815941,SRR30815941_60683_1,CDP,"0,693",Hemo,"0,921",fermented_fruits_and_vegetables
SRR30815945,SRR30815945_6222_1,CLP,"0,535",NonHemo,"0,307",fermented_fruits_and_vegetables
SRR30815946,SRR30815946_1327_8,CLP,"0,505",Hemo,"0,713",fermented_fruits_and_vegetables
SRR31346739,SRR31346739_144428_1,CLP,"0,614",Hemo,"0,881",fruits_and_vegetables
SRR31346740,SRR31346740_199759_6,CLP,"0,743",Hemo,"0,614",fruits_and_vegetables
SRR31346740,SRR31346740_1101979_1,CDP,"0,624",NonHemo,"0,455",fruits_and_vegetables
SRR31346743,SRR31346743_280853_3,CDP,"0,525",Hemo,"0,782",fruits_and_vegetables
SRR31346744,SRR31346744_94914_3,CDP,"0,505",Hemo,"0,723",fruits_and_vegetables
SRR31346744,SRR31346744_122861_3,CLP,"0,743",Hemo,"0,614",fruits_and_vegetables
SRR31346745,SRR31346745_249866_1,CLP,"0,554",Hemo,"0,574",fruits_and_vegetables
SRR31346746,SRR31346746_1560_61,CLP,"0,634",Hemo,"0,663",fruits_and_vegetables
SRR31346746,SRR31346746_72654_6,CLP,"0,743",Hemo,"0,614",fruits_and_vegetables
SRR31346746,SRR31346746_692871_2,CLP,"0,584",Hemo,"0,554",fruits_and_vegetables
SRR31346748,SRR31346748_114866_1,CLP,"0,545",Hemo,"0,931",fruits_and_vegetables
SRR31346749,SRR31346749_2833_3,CDP,"0,634",NonHemo,"0,168",fruits_and_vegetables
SRR31346749,SRR31346749_92714_1,CLP,"0,614",Hemo,"0,733",fruits_and_vegetables
SRR31346749,SRR31346749_602844_1,CLP,"0,564",Hemo,"0,911",fruits_and_vegetables
SRR31646566,SRR31646566_839891_1,CDP,"0,604",NonHemo,"0,396",meat
SRR31646577,SRR31646577_103105_1,CDP,"0,604",Hemo,"0,792",meat
SRR31646588,SRR31646588_287011_1,CDP,"0,564",Hemo,"0,812",meat
SRR31646589,SRR31646589_33378_1,CLP,"0,604",Hemo,"0,891",meat
SRR31646590,SRR31646590_166990_1,CLP,"0,604",Hemo,"0,891",meat
SRR31646592,SRR31646592_10768_1,CDP,"0,525",NonHemo,"0,277",meat
SRR31646592,SRR31646592_108794_1,CLP,"0,604",Hemo,"0,891",meat
SRR31646593,SRR31646593_101639_1,CLP,"0,604",Hemo,"0,891",meat
SRR31646594,SRR31646594_191897_1,CLP,"0,624",Hemo,"0,851",meat
SRR31646595,SRR31646595_86314_2,CDP,"0,545",NonHemo,"0,297",meat
SRR31646595,SRR31646595_248534_1,CLP,"0,653",Hemo,"0,842",meat
SRR31646601,SRR31646601_1942_2,CLP,"0,594",Hemo,"0,861",meat
SRR31646602,SRR31646602_33137_7,CLP,"0,594",Hemo,"0,861",meat
SRR31646603,SRR31646603_12817_4,CLP,"0,594",Hemo,"0,861",meat
SRR31646604,SRR31646604_107543_1,CLP,"0,842",Hemo,"0,97",meat
SRR31646604,SRR31646604_107543_2,CLP,"0,792",Hemo,"0,812",meat
SRR31646604,SRR31646604_140881_8,CLP,"0,574",Hemo,"0,574",meat
SRR31646604,SRR31646604_232252_1,CLP,"0,634",Hemo,"0,614",meat
SRR31646605,SRR31646605_8845_1,CLP,"0,634",Hemo,"0,624",meat
SRR31646606,SRR31646606_26056_7,CLP,"0,634",Hemo,"0,624",meat
SRR31646606,SRR31646606_112581_10,CLP,"0,604",Hemo,"0,752",meat
SRR31646607,SRR31646607_178609_2,CDP,"0,525",NonHemo,"0,485",meat
SRR31646609,SRR31646609_165446_1,CLP,"0,505",Hemo,"0,624",meat
SRR31646610,SRR31646610_2753_5,CLP,"0,535",Hemo,"0,812",meat
SRR31646610,SRR31646610_16247_10,CDP,"0,535",NonHemo,"0,475",meat
SRR31646611,SRR31646611_114972_1,CLP,"0,545",NonHemo,"0,465",meat
SRR31646612,SRR31646612_21012_3,CDP,"0,574",Hemo,"0,554",meat
SRR31646612,SRR31646612_280801_1,CLP,"0,624",Hemo,"0,851",meat
SRR31646613,SRR31646613_126968_1,CLP,"0,624",Hemo,"0,851",meat
SRR31646615,SRR31646615_59472_1,CDP,"0,505",Hemo,"0,851",meat
SRR31646615,SRR31646615_136149_1,CLP,"0,525",Hemo,"0,772",meat
SRR31646622,SRR31646622_22106_1,CDP,"0,713",Hemo,"0,861",meat
SRR31646633,SRR31646633_41811_1,CLP,"0,545",Hemo,"0,832",meat
SRR31646633,SRR31646633_850868_1,CDP,"0,693",Hemo,"0,673",meat
SRR31646641,SRR31646641_248185_1,CLP,"0,515",NonHemo,"0,327",meat
SRR31646642,SRR31646642_4961_2,CLP,"0,535",NonHemo,"0,416",meat
SRR31646643,SRR31646643_40820_6,CLP,"0,535",NonHemo,"0,416",meat
SRR31646644,SRR31646644_489861_1,CLP,"0,564",Hemo,"0,733",meat
SRR31646645,SRR31646645_18042_8,CLP,"0,535",NonHemo,"0,416",meat
SRR31646646,SRR31646646_78875_6,CLP,"0,535",NonHemo,"0,416",meat
SRR31646647,SRR31646647_301409_1,CLP,"0,634",Hemo,"0,614",meat
SRR31646648,SRR31646648_260262_1,CLP,"0,634",Hemo,"0,614",meat
SRR31646649,SRR31646649_656648_1,CLP,"0,515",NonHemo,"0,327",meat
SRR31646650,SRR31646650_223365_1,CDP,"0,644",Hemo,"0,941",meat
SRR31646652,SRR31646652_77079_3,CLP,"0,614",Hemo,"0,663",meat
SRR31646652,SRR31646652_101458_1,CLP,"0,525",Hemo,"0,762",meat
SRR31646652,SRR31646652_257206_1,CLP,"0,545",Hemo,"0,832",meat
SRR31646652,SRR31646652_285210_3,CLP,"0,505",Hemo,"0,881",meat
SRR31646652,SRR31646652_879969_1,CDP,"0,574",Hemo,"0,683",meat
SRR31646653,SRR31646653_760468_3,CDP,"0,574",Hemo,"0,683",meat
SRR31646654,SRR31646654_236777_1,CLP,"0,545",Hemo,"0,832",meat
SRR31646655,SRR31646655_305545_1,CLP,"0,515",Hemo,"0,624",meat
SRR31646656,SRR31646656_339370_3,CLP,"0,624",Hemo,"0,921",meat
SRR31730427,SRR31730427_12090_1,CLP,"0,515",Hemo,"0,703",meat
SRR31730427,SRR31730427_81632_2,CLP,"0,594",Hemo,"0,644",meat
SRR31730428,SRR31730428_20645_1,CLP,"0,515",Hemo,"0,703",meat
SRR31730429,SRR31730429_446705_1,CDP,"0,683",Hemo,"0,752",meat
SRR31730431,SRR31730431_145875_1,CLP,"0,515",Hemo,"0,703",meat
SRR31730434,SRR31730434_521_6,CLP,"0,733",Hemo,"0,911",meat
SRR31730434,SRR31730434_42423_1,CLP,"0,515",Hemo,"0,703",meat
SRR31730435,SRR31730435_37002_1,CLP,"0,515",Hemo,"0,703",meat
SRR31730435,SRR31730435_56365_3,CLP,"0,545",NonHemo,"0,307",meat
SRR31730438,SRR31730438_17692_1,CLP,"0,505",Hemo,"0,624",meat
SRR31730439,SRR31730439_46103_1,CLP,"0,505",Hemo,"0,624",meat
SRR31730440,SRR31730440_280726_1,CLP,"0,505",NonHemo,"0,257",meat
SRR31730440,SRR31730440_570357_1,CDP,"0,525",Hemo,"0,733",meat
SRR31730440,SRR31730440_885405_1,CDP,"0,554",Hemo,"0,822",meat
SRR31730440,SRR31730440_1180429_1,CLP,"0,525",Hemo,"0,564",meat
SRR31730440,SRR31730440_1343827_1,CLP,"0,515",NonHemo,"0,455",meat
SRR31730440,SRR31730440_4167997_1,CLP,"0,53",NonHemo,"0,495",meat
SRR31860670,SRR31860670_42794_4,CDP,"0,594",NonHemo,"0,495",fruits_and_vegetables
SRR31860670,SRR31860670_528294_1,CLP,"0,574",Hemo,"0,535",fruits_and_vegetables
SRR31860673,SRR31860673_2993_5,CDP,"0,564",Hemo,"0,673",fruits_and_vegetables
SRR31860673,SRR31860673_269178_1,CDP,"0,515",Hemo,"0,604",fruits_and_vegetables
SRR31860673,SRR31860673_318778_1,CLP,"0,901",Hemo,"0,96",fruits_and_vegetables
SRR31860674,SRR31860674_254740_4,CLP,"0,505",NonHemo,"0,475",fruits_and_vegetables
SRR31860674,SRR31860674_824311_1,CDP,"0,525",Hemo,"0,703",fruits_and_vegetables
SRR31860675,SRR31860675_51924_2,CLP,"0,535",NonHemo,"0,436",fruits_and_vegetables
SRR31860676,SRR31860676_2125_11,CLP,"0,842",Hemo,1,fruits_and_vegetables
SRR31860676,SRR31860676_224294_1,CLP,"0,644",Hemo,"0,545",fruits_and_vegetables
SRR31860678,SRR31860678_66525_1,CDP,"0,594",NonHemo,"0,436",fruits_and_vegetables
SRR31860680,SRR31860680_119902_2,CDP,"0,733",Hemo,"0,921",fruits_and_vegetables
SRR31860681,SRR31860681_67863_4,CDP,"0,812",Hemo,"0,634",fruits_and_vegetables
SRR31860682,SRR31860682_78087_1,CLP,"0,663",Hemo,"0,545",fruits_and_vegetables
SRR31860682,SRR31860682_88433_2,CLP,"0,574",NonHemo,"0,129",fruits_and_vegetables
SRR31860683,SRR31860683_12150_6,CDP,"0,604",Hemo,"0,723",fruits_and_vegetables
SRR31860683,SRR31860683_267558_1,CLP,"0,505",NonHemo,"0,475",fruits_and_vegetables
SRR31860683,SRR31860683_385293_1,CLP,"0,644",Hemo,"0,911",fruits_and_vegetables
SRR31860685,SRR31860685_25578_3,CDP,"0,574",Hemo,"0,505",fruits_and_vegetables
SRR31860685,SRR31860685_495165_2,CLP,"0,505",Hemo,"0,752",fruits_and_vegetables
SRR31860688,SRR31860688_78817_1,CLP,"0,525",NonHemo,"0,485",meat
SRR31860688,SRR31860688_85523_2,CLP,"0,634",Hemo,"0,822",meat
SRR31860688,SRR31860688_136621_1,CLP,"0,505",Hemo,"0,842",meat
SRR31860688,SRR31860688_507717_1,CLP,"0,505",Hemo,"0,941",meat
SRR31860689,SRR31860689_3833_3,CDP,"0,535",NonHemo,"0,356",meat
SRR31860690,SRR31860690_88001_2,CDP,"0,535",Hemo,"0,584",meat
SRR31860690,SRR31860690_143616_15,CLP,"0,614",Hemo,"0,584",meat
SRR31860691,SRR31860691_58369_10,CLP,"0,653",Hemo,"0,683",meat
SRR31860691,SRR31860691_88187_20,CLP,"0,604",Hemo,"0,683",meat
SRR31860694,SRR31860694_14839_2,CDP,"0,525",NonHemo,"0,495",fruits_and_vegetables
SRR31860694,SRR31860694_47411_23,CLP,"0,545",Hemo,"0,921",fruits_and_vegetables
SRR31860695,SRR31860695_13174_1,CDP,"0,594",NonHemo,"0,495",fruits_and_vegetables
SRR31860695,SRR31860695_44854_10,CLP,"0,842",Hemo,1,fruits_and_vegetables
SRR31860695,SRR31860695_118462_2,CDP,"0,594",Hemo,"0,634",fruits_and_vegetables
SRR31887148,SRR31887148_24129_3,CDP,"0,545",NonHemo,"0,396",dairy
SRR31887149,SRR31887149_5177_4,CLP,"0,525",Hemo,"0,673",dairy
SRR31887152,SRR31887152_72399_1,CLP,"0,515",Hemo,"0,673",dairy
SRR31887154,SRR31887154_15776_5,CLP,"0,535",NonHemo,"0,495",dairy
SRR31887156,SRR31887156_565_5,CLP,"0,535",NonHemo,"0,495",dairy
SRR31887156,SRR31887156_2214_1,CDP,"0,515",NonHemo,"0,356",dairy
SRR31887159,SRR31887159_27389_1,CLP,"0,624",Hemo,"0,861",dairy
SRR31887159,SRR31887159_89420_1,CLP,"0,822",Hemo,"0,96",dairy
SRR31887159,SRR31887159_89420_2,CLP,"0,851",Hemo,"0,911",dairy
SRR31887161,SRR31887161_6575_3,CLP,"0,653",Hemo,"0,604",dairy
SRR31887162,SRR31887162_205_9,CDP,"0,569",Hemo,"0,683",dairy
SRR31887162,SRR31887162_2192_1,CLP,"0,653",Hemo,"0,604",dairy
SRR31887163,SRR31887163_165_2,CLP,"0,535",NonHemo,"0,495",dairy
SRR31887165,SRR31887165_266_9,CDP,"0,609",Hemo,"0,673",dairy
SRR31887166,SRR31887166_1215_10,CDP,"0,609",Hemo,"0,673",dairy
SRR31887172,SRR31887172_4515_1,CLP,"0,574",Hemo,"0,851",dairy
SRR31887180,SRR31887180_18479_1,CDP,"0,614",Hemo,"0,95",dairy
SRR31887183,SRR31887183_9277_1,CLP,"0,554",NonHemo,"0,366",dairy
SRR31887184,SRR31887184_2598_1,CDP,"0,653",Hemo,"0,782",dairy
SRR31887187,SRR31887187_2386_2,CLP,"0,554",Hemo,"0,921",dairy
SRR31887190,SRR31887190_2604_3,CDP,"0,653",Hemo,"0,782",dairy
SRR31887191,SRR31887191_8486_2,CLP,"0,554",Hemo,"0,921",dairy
SRR31887192,SRR31887192_7330_6,CLP,"0,554",Hemo,"0,921",dairy
SRR31887194,SRR31887194_1611_4,CLP,"0,554",Hemo,"0,921",dairy
SRR31887196,SRR31887196_867_1,CLP,"0,574",Hemo,"0,851",dairy
SRR31887197,SRR31887197_1764_3,CDP,"0,673",Hemo,"0,802",dairy
SRR31887197,SRR31887197_7713_1,CLP,"0,584",Hemo,"0,802",dairy
SRR31887198,SRR31887198_4129_1,CDP,"0,614",Hemo,"0,921",dairy
SRR31887198,SRR31887198_12427_1,CDP,"0,653",Hemo,"0,782",dairy
SRR31887200,SRR31887200_3291_1,CDP,"0,653",Hemo,"0,782",dairy
SRR31887201,SRR31887201_14532_1,CLP,"0,604",Hemo,"0,891",fermented_meat
SRR31887201,SRR31887201_464988_2,CLP,"0,515",Hemo,"0,673",fermented_meat
SRR31887205,SRR31887205_11447_6,CLP,"0,545",Hemo,"0,832",fermented_meat
SRR31887205,SRR31887205_175291_1,CLP,"0,604",Hemo,"0,891",fermented_meat
SRR31887209,SRR31887209_4771_1,CLP,"0,545",Hemo,"0,891",dairy
SRR31887217,SRR31887217_7313_1,CLP,"0,574",NonHemo,"0,386",dairy
SRR31887219,SRR31887219_17288_1,CDP,"0,614",Hemo,"0,921",dairy
SRR31887222,SRR31887222_2238_3,CLP,"0,554",Hemo,"0,921",dairy
SRR31887223,SRR31887223_5738_3,CLP,"0,525",Hemo,"0,921",dairy
SRR31887225,SRR31887225_38545_1,CLP,"0,554",Hemo,"0,842",dairy
SRR31887226,SRR31887226_24415_1,CLP,"0,574",Hemo,"0,851",dairy
SRR31887228,SRR31887228_4599_1,CLP,"0,584",Hemo,"0,802",dairy
SRR31887230,SRR31887230_751_1,CLP,"0,653",Hemo,"0,604",dairy
SRR31887230,SRR31887230_15224_1,CLP,"0,574",Hemo,"0,851",dairy
SRR31887232,SRR31887232_987_29,CDP,"0,545",Hemo,"0,891",dairy
SRR31887235,SRR31887235_2810_1,CLP,"0,574",Hemo,"0,851",dairy
SRR31887235,SRR31887235_4596_1,CLP,"0,505",Hemo,"0,634",dairy
SRR31887235,SRR31887235_8952_1,CDP,"0,515",NonHemo,"0,356",dairy
SRR31887237,SRR31887237_3834_1,CLP,"0,584",Hemo,"0,802",dairy
SRR31887240,SRR31887240_12312_1,CLP,"0,505",Hemo,"0,832",dairy
SRR31887241,SRR31887241_8262_1,CLP,"0,644",Hemo,"0,881",dairy
SRR31887243,SRR31887243_20458_2,CLP,"0,515",Hemo,"0,772",dairy
SRR31887245,SRR31887245_2766_1,CLP,"0,525",Hemo,"0,673",dairy
SRR31887248,SRR31887248_10328_3,CDP,"0,515",NonHemo,"0,356",dairy
SRR31887248,SRR31887248_56187_1,CDP,"0,653",Hemo,"0,733",dairy
SRR31887249,SRR31887249_15_1,CLP,"0,525",Hemo,"0,673",dairy
SRR31887250,SRR31887250_4300_4,CLP,"0,653",Hemo,"0,604",dairy
SRR31887251,SRR31887251_2246_4,CLP,"0,535",NonHemo,"0,495",dairy
SRR31887254,SRR31887254_3903_1,CLP,"0,515",Hemo,"0,574",dairy
SRR31887254,SRR31887254_14840_2,CLP,"0,515",Hemo,"0,673",dairy
SRR31887257,SRR31887257_4795_1,CDP,"0,653",Hemo,"0,782",dairy
SRR31887259,SRR31887259_8384_1,CDP,"0,653",Hemo,"0,782",dairy
SRR31887260,SRR31887260_848_5,CLP,"0,535",NonHemo,"0,495",dairy
SRR31887261,SRR31887261_1264_1,CDP,"0,653",Hemo,"0,782",dairy
SRR31887261,SRR31887261_6403_1,CDP,"0,525",Hemo,"0,891",dairy
SRR31887287,SRR31887287_165158_1,CLP,"0,515",Hemo,"0,673",fermented_meat
SRR31887295,SRR31887295_18005_1,CDP,"0,535",NonHemo,"0,356",dairy
SRR31887298,SRR31887298_3696_1,CDP,"0,653",Hemo,"0,733",dairy
SRR31887304,SRR31887304_1932_3,CDP,"0,515",NonHemo,"0,356",dairy
SRR31887304,SRR31887304_9876_1,CLP,"0,574",Hemo,"0,851",dairy
SRR31887305,SRR31887305_4715_4,CLP,"0,535",NonHemo,"0,495",dairy
SRR31887312,SRR31887312_14787_1,CLP,"0,574",Hemo,"0,851",dairy
SRR31887314,SRR31887314_6681_1,CDP,"0,653",Hemo,"0,782",dairy
SRR31887317,SRR31887317_7810_1,CLP,"0,574",Hemo,"0,851",dairy
SRR31887317,SRR31887317_7955_1,CDP,"0,525",Hemo,"0,891",dairy
SRR31887333,SRR31887333_4580_1,CDP,"0,525",Hemo,"0,891",dairy
SRR31887336,SRR31887336_1927_3,CDP,"0,653",Hemo,"0,782",dairy
SRR31887336,SRR31887336_3249_1,CLP,"0,584",Hemo,"0,802",dairy
SRR31887337,SRR31887337_48153_1,CDP,"0,614",Hemo,"0,921",dairy
SRR31887338,SRR31887338_3062_4,CLP,"0,554",Hemo,"0,921",dairy
SRR31887339,SRR31887339_1924_1,CLP,"0,584",Hemo,"0,802",dairy
SRR32620537,SRR32620537_49299_1,CLP,"0,683",Hemo,"0,663",dairy
SRR32620540,SRR32620540_9539_3,CDP,"0,634",NonHemo,"0,416",dairy
SRR32620541,SRR32620541_797410_1,ALP,"0,525",NonHemo,"0,455",dairy
SRR32621669,SRR32621669_4206_1,CLP,"0,762",Hemo,"0,98",fermented_fruits_and_vegetables
SRR32621670,SRR32621670_47704_1,CLP,"0,554",Hemo,"0,762",fermented_fruits_and_vegetables
SRR32621671,SRR32621671_9159_1,CLP,"0,525",Hemo,"0,861",fermented_fruits_and_vegetables
SRR32621673,SRR32621673_19348_1,CDP,"0,515",Hemo,"0,604",fermented_fruits_and_vegetables
SRR32621683,SRR32621683_11447_1,CLP,"0,574",Hemo,"0,663",fermented_fruits_and_vegetables
SRR32641857,SRR32641857_43587_1,CDP,"0,614",Hemo,"0,921",dairy
SRR32641857,SRR32641857_124650_1,CLP,"0,515",Hemo,"0,574",dairy
SRR32641859,SRR32641859_5607_17,CDP,"0,673",Hemo,"0,644",dairy
SRR32641868,SRR32641868_2345_2,CLP,"0,515",Hemo,"0,673",dairy
SRR32641869,SRR32641869_82352_1,CLP,"0,515",Hemo,"0,673",dairy
SRR32641873,SRR32641873_16743_1,CDP,"0,505",Hemo,"0,861",dairy
SRR32641874,SRR32641874_6542_3,CDP,"0,653",Hemo,"0,782",dairy
SRR32641875,SRR32641875_13829_1,CDP,"0,515",NonHemo,"0,356",dairy
SRR32641875,SRR32641875_17655_1,CLP,"0,574",Hemo,"0,851",dairy
SRR32641876,SRR32641876_6955_13,CDP,"0,505",Hemo,"0,861",dairy
SRR32641880,SRR32641880_2210_3,CDP,"0,673",Hemo,"0,644",dairy
SRR32641881,SRR32641881_6583_3,CDP,"0,673",Hemo,"0,644",dairy
SRR32641881,SRR32641881_8387_1,CLP,"0,584",Hemo,"0,802",dairy
SRR32641884,SRR32641884_3324_1,CDP,"0,653",Hemo,"0,782",dairy
SRR33335402,SRR33335402_91100_4,CLP,"0,515",NonHemo,"0,297",seafood
SRR33335403,SRR33335403_14937_7,CLP,"0,515",NonHemo,"0,297",seafood
SRR33335407,SRR33335407_420679_7,CLP,"0,515",NonHemo,"0,297",seafood
SRR33335412,SRR33335412_50769_5,CLP,"0,515",NonHemo,"0,297",seafood
SRR33335413,SRR33335413_240934_1,CLP,"0,515",NonHemo,"0,297",seafood
SRR33335414,SRR33335414_214300_7,CLP,"0,515",NonHemo,"0,297",seafood
SRR33335418,SRR33335418_124520_4,CLP,"0,515",NonHemo,"0,297",seafood
SRR33335419,SRR33335419_215293_7,CLP,"0,515",NonHemo,"0,297",seafood
SRR33335421,SRR33335421_68289_7,CLP,"0,515",NonHemo,"0,297",seafood
SRR33335430,SRR33335430_133302_4,CLP,"0,515",NonHemo,"0,297",seafood
SRR33335431,SRR33335431_332416_6,CLP,"0,515",NonHemo,"0,297",seafood
SRR33335432,SRR33335432_178389_7,CLP,"0,515",NonHemo,"0,297",seafood
SRR33335434,SRR33335434_118732_5,CLP,"0,515",NonHemo,"0,297",seafood
SRR33335434,SRR33335434_633492_1,CDP,"0,574",NonHemo,"0,416",seafood
SRR33335435,SRR33335435_1031219_2,CLP,"0,515",NonHemo,"0,297",seafood
SRR33335437,SRR33335437_68691_4,CLP,"0,515",NonHemo,"0,297",seafood
SRR33335440,SRR33335440_197972_4,CLP,"0,515",NonHemo,"0,297",seafood
SRR33335442,SRR33335442_49449_7,CLP,"0,515",NonHemo,"0,297",seafood
SRR33335444,SRR33335444_494888_5,CLP,"0,515",NonHemo,"0,297",seafood
SRR33335451,SRR33335451_92528_2,CLP,"0,515",NonHemo,"0,297",seafood
SRR33335455,SRR33335455_268991_1,CLP,"0,515",NonHemo,"0,297",seafood
SRR33335462,SRR33335462_352011_2,CLP,"0,515",NonHemo,"0,297",seafood
SRR33335466,SRR33335466_89413_3,CLP,"0,515",NonHemo,"0,297",seafood
SRR33335467,SRR33335467_653151_2,CLP,"0,515",NonHemo,"0,297",seafood
SRR33335473,SRR33335473_42625_5,CLP,"0,515",NonHemo,"0,297",seafood
SRR33335475,SRR33335475_5720_7,CLP,"0,515",NonHemo,"0,297",seafood
SRR33335476,SRR33335476_221990_4,CLP,"0,515",NonHemo,"0,297",seafood
SRR33335477,SRR33335477_109661_3,CLP,"0,515",NonHemo,"0,297",seafood
SRR33335478,SRR33335478_205725_4,CLP,"0,515",NonHemo,"0,297",seafood
SRR33902034,SRR33902034_89017_1,CLP,"0,525",NonHemo,"0,465",fruits_and_vegetables
SRR33902035,SRR33902035_162696_2,CDP,"0,624",NonHemo,"0,495",fruits_and_vegetables
SRR33902037,SRR33902037_19135_1,CLP,"0,574",NonHemo,"0,416",fruits_and_vegetables
SRR33902037,SRR33902037_86153_1,CLP,"0,574",NonHemo,"0,495",fruits_and_vegetables
SRR33902037,SRR33902037_103833_1,CLP,"0,564",Hemo,"0,743",fruits_and_vegetables
SRR33902037,SRR33902037_454634_1,CLP,"0,604",Hemo,"0,762",fruits_and_vegetables
SRR33902038,SRR33902038_64660_1,CDP,"0,535",Hemo,"0,693",fruits_and_vegetables
SRR33902038,SRR33902038_261418_1,CDP,"0,604",Hemo,"0,693",fruits_and_vegetables
SRR33902038,SRR33902038_709549_1,CLP,"0,574",Hemo,"0,851",fruits_and_vegetables
SRR33902039,SRR33902039_102834_2,CDP,"0,515",Hemo,"0,634",fruits_and_vegetables
SRR33902040,SRR33902040_307736_1,CDP,"0,505",Hemo,"0,564",fruits_and_vegetables
SRR33902041,SRR33902041_219279_1,CDP,"0,535",Hemo,"0,723",fruits_and_vegetables
SRR33902041,SRR33902041_301765_1,CLP,"0,505",Hemo,"0,515",fruits_and_vegetables
SRR33902043,SRR33902043_15532_1,CLP,"0,614",Hemo,"0,802",fruits_and_vegetables
SRR33902044,SRR33902044_2336_1,CDP,"0,554",Hemo,"0,703",fruits_and_vegetables
SRR33902047,SRR33902047_110356_1,CLP,"0,604",NonHemo,"0,119",fruits_and_vegetables
SRR33902047,SRR33902047_209942_1,CLP,"0,525",Hemo,"0,792",fruits_and_vegetables
SRR33902047,SRR33902047_246374_1,CLP,"0,525",Hemo,"0,832",fruits_and_vegetables
SRR33902047,SRR33902047_658619_4,CLP,"0,505",NonHemo,"0,475",fruits_and_vegetables
SRR33902047,SRR33902047_1215968_1,CLP,"0,693",Hemo,"0,525",fruits_and_vegetables
SRR33902048,SRR33902048_94363_1,CLP,"0,822",Hemo,"0,96",fruits_and_vegetables
SRR34283266,SRR34283266_522_2,CLP,"0,515",NonHemo,"0,327",alcohol
SRR34283266,SRR34283266_599_5,CLP,"0,584",Hemo,"0,802",alcohol
SRR34283266,SRR34283266_1344_4,CDP,"0,505",Hemo,"0,861",alcohol
SRR34283267,SRR34283267_743_1,CLP,"0,584",Hemo,"0,802",alcohol
SRR34283267,SRR34283267_3624_7,CLP,"0,515",NonHemo,"0,327",alcohol
SRR34820943,SRR34820943_2878_2,CLP,"0,535",NonHemo,"0,495",dairy
SRR34820965,SRR34820965_38660_3,CLP,"0,535",NonHemo,"0,495",dairy
SRR34820968,SRR34820968_4974_4,CLP,"0,535",NonHemo,"0,495",dairy
SRR34820970,SRR34820970_8539_2,CLP,"0,525",NonHemo,"0,297",dairy
SRR34820971,SRR34820971_5597_1,CLP,"0,525",Hemo,"0,673",dairy
SRR34820972,SRR34820972_28198_2,CLP,"0,525",NonHemo,"0,297",dairy
SRR34820972,SRR34820972_94548_1,CDP,"0,515",NonHemo,"0,356",dairy
SRR34820974,SRR34820974_30636_3,CDP,"0,515",NonHemo,"0,356",dairy
SRR34820974,SRR34820974_66715_1,CDP,"0,574",NonHemo,"0,386",dairy
SRR34820974,SRR34820974_140910_1,CLP,"0,515",Hemo,"0,673",dairy
SRR34820975,SRR34820975_24770_1,CLP,"0,515",Hemo,"0,772",dairy
SRR34820975,SRR34820975_36993_2,CDP,"0,515",NonHemo,"0,356",dairy
SRR34820979,SRR34820979_6773_1,CDP,"0,515",NonHemo,"0,356",dairy
SRR34820981,SRR34820981_19112_3,CLP,"0,525",NonHemo,"0,297",dairy
SRR34820981,SRR34820981_167480_1,CDP,"0,554",Hemo,"0,584",dairy
SRR34820983,SRR34820983_4035_1,CDP,"0,515",NonHemo,"0,356",dairy
SRR34820984,SRR34820984_918_1,CDP,"0,515",NonHemo,"0,356",dairy
SRR34820986,SRR34820986_11159_1,CDP,"0,515",NonHemo,"0,356",dairy
SRR34820987,SRR34820987_14579_7,CLP,"0,535",Hemo,"0,772",dairy
SRR34820989,SRR34820989_870_1,CLP,"0,574",Hemo,"0,851",dairy
SRR34820990,SRR34820990_1974_2,CLP,"0,515",Hemo,"0,673",dairy
SRR34820991,SRR34820991_22163_1,CLP,"0,515",Hemo,"0,772",dairy
SRR34820991,SRR34820991_66020_1,CDP,"0,515",NonHemo,"0,356",dairy
SRR34820998,SRR34820998_873_3,CDP,"0,515",NonHemo,"0,356",dairy
SRR34821001,SRR34821001_25774_1,CDP,"0,515",Hemo,"0,564",dairy
SRR34821002,SRR34821002_609_5,CLP,"0,535",NonHemo,"0,495",dairy
SRR34821003,SRR34821003_402_4,CLP,"0,535",NonHemo,"0,495",dairy
SRR34821004,SRR34821004_221011_1,CDP,"0,515",NonHemo,"0,356",dairy
SRR34821006,SRR34821006_16009_2,CLP,"0,525",Hemo,"0,673",dairy
SRR34821009,SRR34821009_13027_1,CDP,"0,515",NonHemo,"0,356",dairy
SRR34821010,SRR34821010_2667_5,CDP,"0,505",NonHemo,"0,406",dairy
SRR34821010,SRR34821010_3820_1,CDP,"0,515",NonHemo,"0,356",dairy
SRR34821010,SRR34821010_8005_1,CDP,"0,594",Hemo,"0,624",dairy
SRR34821010,SRR34821010_9967_6,CDP,"0,525",NonHemo,"0,436",dairy
SRR34821010,SRR34821010_27199_1,CDP,"0,584",NonHemo,"0,455",dairy
SRR34821013,SRR34821013_8881_6,CLP,"0,564",Hemo,"0,842",dairy
SRR34821013,SRR34821013_42132_1,CLP,"0,743",Hemo,"0,525",dairy
SRR34821014,SRR34821014_5958_2,CLP,"0,634",Hemo,"0,871",dairy
SRR34821015,SRR34821015_20277_1,CDP,"0,515",Hemo,"0,713",dairy
SRR34821015,SRR34821015_115034_1,CDP,"0,653",NonHemo,"0,277",dairy
SRR34821016,SRR34821016_17795_1,CDP,"0,515",NonHemo,"0,356",dairy
SRR34821017,SRR34821017_22341_3,CDP,"0,515",NonHemo,"0,356",dairy
SRR34821018,SRR34821018_82562_1,CLP,"0,505",Hemo,"0,584",dairy
SRR34821019,SRR34821019_3112_3,CDP,"0,515",NonHemo,"0,356",dairy
SRR34821020,SRR34821020_12987_3,CDP,"0,653",NonHemo,"0,277",dairy
SRR34821020,SRR34821020_84780_1,CDP,"0,653",Hemo,"0,733",dairy
SRR34821021,SRR34821021_434762_6,CDP,"0,653",NonHemo,"0,277",dairy
SRR34821022,SRR34821022_68038_1,CDP,"0,614",NonHemo,"0,297",dairy
SRR34821022,SRR34821022_93662_1,CLP,"0,614",Hemo,"0,604",dairy
SRR34821022,SRR34821022_165071_1,CDP,"0,564",Hemo,"0,832",dairy
SRR34821023,SRR34821023_87787_1,CDP,"0,564",Hemo,"0,832",dairy
SRR34821024,SRR34821024_18387_4,CDP,"0,525",Hemo,"0,822",dairy
SRR34821024,SRR34821024_19588_1,CDP,"0,515",NonHemo,"0,356",dairy
SRR34821024,SRR34821024_102366_1,CLP,"0,515",Hemo,"0,772",dairy
SRR34821024,SRR34821024_102465_1,CLP,"0,515",Hemo,"0,673",dairy
SRR34821024,SRR34821024_398390_1,CLP,"0,693",Hemo,"0,832",dairy
SRR34821025,SRR34821025_159249_1,CLP,"0,667",Hemo,"0,693",dairy
SRR34821029,SRR34821029_140911_2,CLP,"0,624",Hemo,"0,554",dairy
SRR34821031,SRR34821031_12445_6,CDP,"0,564",Hemo,"0,832",dairy
SRR34821031,SRR34821031_43468_7,CLP,"0,564",Hemo,"0,95",dairy
SRR34821032,SRR34821032_14265_6,CDP,"0,653",NonHemo,"0,277",dairy
SRR34821033,SRR34821033_24603_2,CDP,"0,653",Hemo,"0,733",dairy
SRR34821034,SRR34821034_87674_1,CLP,"0,667",Hemo,"0,693",dairy
SRR34821034,SRR34821034_395240_1,CDP,"0,614",NonHemo,"0,297",dairy
SRR34821037,SRR34821037_160369_5,CDP,"0,614",NonHemo,"0,297",dairy
SRR34821037,SRR34821037_625943_3,CLP,"0,667",Hemo,"0,693",dairy
SRR34821038,SRR34821038_1324915_1,CDP,"0,743",Hemo,"0,95",dairy
SRR34821042,SRR34821042_11911_1,CLP,"0,525",Hemo,"0,673",dairy
SRR34821042,SRR34821042_34845_3,CDP,"0,515",NonHemo,"0,356",dairy
SRR34821043,SRR34821043_608_2,CDP,"0,515",NonHemo,"0,356",dairy
SRR34821043,SRR34821043_1599_2,CLP,"0,535",NonHemo,"0,495",dairy
SRR34821044,SRR34821044_38565_1,CDP,"0,505",Hemo,"0,861",dairy
SRR34821045,SRR34821045_15402_3,CDP,"0,515",NonHemo,"0,356",dairy
SRR34821045,SRR34821045_39832_1,CLP,"0,604",Hemo,"0,891",dairy
SRR34821051,SRR34821051_372_3,CDP,"0,515",NonHemo,"0,356",dairy
SRR34821054,SRR34821054_58489_1,CLP,"0,515",Hemo,"0,673",dairy
SRR34821055,SRR34821055_173743_4,CLP,"0,515",Hemo,"0,772",dairy
SRR34821058,SRR34821058_3771_3,CDP,"0,515",NonHemo,"0,356",dairy
SRR34821060,SRR34821060_7361_1,CDP,"0,515",NonHemo,"0,356",dairy
SRR34821063,SRR34821063_6272_2,CLP,"0,535",NonHemo,"0,495",dairy
SRR34821063,SRR34821063_6778_3,CDP,"0,515",NonHemo,"0,356",dairy
SRR34821063,SRR34821063_20214_2,CLP,"0,515",Hemo,"0,673",dairy
SRR34821063,SRR34821063_61445_1,CLP,"0,604",Hemo,"0,891",dairy
SRR34821065,SRR34821065_2913_2,CDP,"0,515",NonHemo,"0,356",dairy
SRR34821066,SRR34821066_3564_3,CLP,"0,535",NonHemo,"0,495",dairy
SRR34821069,SRR34821069_2060_2,CDP,"0,515",NonHemo,"0,356",dairy
SRR34821069,SRR34821069_4259_4,CLP,"0,535",NonHemo,"0,495",dairy
SRR34821070,SRR34821070_3891_3,CLP,"0,683",Hemo,"0,891",dairy
SRR34821071,SRR34821071_4845_1,CLP,"0,525",Hemo,"0,673",dairy
SRR34821072,SRR34821072_380_3,CDP,"0,515",NonHemo,"0,356",dairy
SRR34821074,SRR34821074_6160_2,CDP,"0,525",NonHemo,"0,436",dairy
SRR34821074,SRR34821074_7556_18,CLP,"0,564",Hemo,"0,673",dairy
SRR34821074,SRR34821074_8999_7,CDP,"0,842",Hemo,"0,95",dairy
SRR34821074,SRR34821074_48614_1,CLP,"0,743",Hemo,"0,525",dairy
SRR34821079,SRR34821079_11820_2,CLP,"0,535",NonHemo,"0,495",dairy
SRR34821079,SRR34821079_23997_3,CDP,"0,515",NonHemo,"0,356",dairy
SRR34821079,SRR34821079_34590_2,CLP,"0,515",Hemo,"0,673",dairy
SRR34821079,SRR34821079_146770_1,CLP,"0,515",Hemo,"0,574",dairy
SRR4075496,SRR4075496_6364_1,CDP,"0,723",Hemo,"0,525",dairy
SRR4075497,SRR4075497_2702_7,CDP,"0,723",Hemo,"0,525",dairy
SRR4075499,SRR4075499_2148_8,CDP,"0,723",Hemo,"0,525",dairy
SRR4075500,SRR4075500_38298_1,CLP,"0,535",Hemo,"0,604",dairy
SRR4075510,SRR4075510_2031_1,CDP,"0,723",Hemo,"0,525",dairy
SRR4075513,SRR4075513_570_4,CLP,"0,644",Hemo,"0,584",dairy
SRR4075514,SRR4075514_3345_3,CLP,"0,644",Hemo,"0,584",dairy
SRR4075516,SRR4075516_10254_7,CDP,"0,723",Hemo,"0,525",dairy
SRR4075519,SRR4075519_5154_4,CDP,"0,723",Hemo,"0,525",dairy
SRR4075522,SRR4075522_7207_4,CDP,"0,723",Hemo,"0,525",dairy
SRR4075523,SRR4075523_2993_2,CDP,"0,723",Hemo,"0,525",dairy
SRR4075537,SRR4075537_1861_2,CLP,"0,515",Hemo,"0,861",dairy
SRR5172922,SRR5172922_92261_3,CDP,"0,673",Hemo,"0,644",other
SRR5438753,SRR5438753_280_1,CDP,"0,505",Hemo,"0,614",fermented_beverages
SRR5438753,SRR5438753_6329_7,CLP,"0,802",Hemo,"0,842",fermented_beverages
SRR5438753,SRR5438753_16592_1,CLP,"0,644",NonHemo,"0,406",fermented_beverages
SRR6486887,SRR6486887_4428_3,CLP,"0,564",Hemo,"0,574",other
SRR6486890,SRR6486890_42050_10,CLP,"0,505",NonHemo,"0,475",other
SRR6514656,SRR6514656_5861_4,CDP,"0,614",NonHemo,"0,297",dairy
SRR6514656,SRR6514656_6319_3,CDP,"0,515",NonHemo,"0,356",dairy
SRR6514657,SRR6514657_24771_2,CDP,"0,505",Hemo,"0,564",dairy
SRR6514658,SRR6514658_2781_1,CDP,"0,515",NonHemo,"0,356",dairy
SRR6514658,SRR6514658_6775_4,CDP,"0,614",NonHemo,"0,297",dairy
SRR6514659,SRR6514659_3818_3,CDP,"0,515",NonHemo,"0,356",dairy
SRR6514660,SRR6514660_2815_4,CDP,"0,614",NonHemo,"0,297",dairy
SRR6514660,SRR6514660_10348_1,CDP,"0,505",Hemo,"0,564",dairy
SRR6514663,SRR6514663_4452_1,CDP,"0,614",NonHemo,"0,297",dairy
SRR6514664,SRR6514664_2441_1,CDP,"0,614",NonHemo,"0,297",dairy
SRR6514665,SRR6514665_13542_1,CDP,"0,614",NonHemo,"0,297",dairy
SRR6514667,SRR6514667_3941_1,CDP,"0,515",NonHemo,"0,356",dairy
SRR6514678,SRR6514678_7742_5,CDP,"0,614",NonHemo,"0,297",dairy
SRR6514687,SRR6514687_6964_2,CDP,"0,574",Hemo,"0,782",dairy
SRR6514689,SRR6514689_1633_1,CDP,"0,515",NonHemo,"0,356",dairy
SRR6514690,SRR6514690_3810_1,CDP,"0,614",NonHemo,"0,297",dairy
SRR6680341,SRR6680341_20782_1,CLP,"0,535",NonHemo,"0,465",fermented_beverages
SRR6685438,SRR6685438_1743_1,CLP,"0,535",NonHemo,"0,465",fermented_beverages
SRR7262871,SRR7262871_13945_1,CDP,"0,614",Hemo,"0,653",fermented_fruits_and_vegetables
SRR7262877,SRR7262877_6230_1,CDP,"0,554",Hemo,"0,802",fermented_fruits_and_vegetables
SRR7262878,SRR7262878_11296_1,CLP,"0,505",Hemo,"0,614",fermented_fruits_and_vegetables
SRR7414905,SRR7414905_1249_2,CLP,"0,584",Hemo,"0,683",fruits_and_vegetables
SRR7414905,SRR7414905_18385_1,CLP,"0,584",NonHemo,"0,356",fruits_and_vegetables
SRR7414906,SRR7414906_7648_1,CLP,"0,545",NonHemo,"0,248",fruits_and_vegetables
SRR7414908,SRR7414908_43187_1,CDP,"0,535",Hemo,"0,574",fruits_and_vegetables
SRR7414912,SRR7414912_37586_1,CLP,"0,525",NonHemo,"0,376",fruits_and_vegetables
SRR7414925,SRR7414925_142479_1,CDP,"0,554",Hemo,"0,624",fruits_and_vegetables
SRR7414926,SRR7414926_111275_1,CLP,"0,545",NonHemo,"0,248",fruits_and_vegetables
SRR7414931,SRR7414931_17942_7,CDP,"0,604",Hemo,"0,713",fruits_and_vegetables
SRR7414931,SRR7414931_59013_1,CLP,"0,604",Hemo,"0,683",fruits_and_vegetables
SRR7414934,SRR7414934_16634_4,CLP,"0,545",NonHemo,"0,248",fruits_and_vegetables
SRR7414936,SRR7414936_95258_1,CLP,"0,604",Hemo,"0,842",fruits_and_vegetables
SRR7414937,SRR7414937_43973_1,CLP,"0,653",NonHemo,"0,475",fruits_and_vegetables
SRR7414942,SRR7414942_299702_1,CLP,"0,515",NonHemo,"0,386",fruits_and_vegetables
SRR7414948,SRR7414948_34770_5,CLP,"0,545",NonHemo,"0,248",fruits_and_vegetables
SRR7414949,SRR7414949_123447_2,CDP,"0,554",Hemo,"0,624",fruits_and_vegetables
SRR7414950,SRR7414950_171_2,CLP,"0,584",Hemo,"0,505",fruits_and_vegetables
SRR7414950,SRR7414950_29524_1,CLP,"0,545",NonHemo,"0,248",fruits_and_vegetables
SRR7414951,SRR7414951_35147_5,CLP,"0,545",NonHemo,"0,248",fruits_and_vegetables
SRR765683,SRR765683_12991_1,CDP,"0,604",Hemo,"0,881",fermented_legumes
SRR765684,SRR765684_2607_12,CDP,"0,505",NonHemo,"0,386",fermented_legumes
SRR765685,SRR765685_0_47,CLP,"0,683",NonHemo,"0,416",fermented_legumes
SRR765685,SRR765685_145_18,CDP,"0,505",NonHemo,"0,386",fermented_legumes
SRR765685,SRR765685_17124_1,CLP,"0,95",Hemo,"0,861",fermented_legumes
SRR765685,SRR765685_17124_2,CLP,"0,97",Hemo,"0,891",fermented_legumes
SRR765686,SRR765686_146_18,CDP,"0,505",NonHemo,"0,386",fermented_legumes
SRR765686,SRR765686_493_69,CLP,"0,683",NonHemo,"0,416",fermented_legumes
SRR765687,SRR765687_59_12,CDP,"0,505",NonHemo,"0,386",fermented_legumes
SRR8742576,SRR8742576_17217_1,CLP,"0,584",NonHemo,"0,406",fermented_seeds
SRR8742580,SRR8742580_18729_1,CLP,"0,515",Hemo,"0,861",fermented_seeds
SRR8742585,SRR8742585_4192_1,CLP,"0,515",Hemo,"0,822",fermented_seeds
SRR8830666,SRR8830666_486_1,CLP,"0,505",Hemo,"0,752",fermented_legumes
SRR8830666,SRR8830666_1448_2,CDP,"0,614",Hemo,"0,832",fermented_legumes
SRR8830668,SRR8830668_6523_7,CDP,"0,574",Hemo,"0,891",fermented_legumes
SRR8830669,SRR8830669_7510_2,CDP,"0,574",Hemo,"0,525",fermented_legumes
SRR8830669,SRR8830669_11901_1,CDP,"0,554",Hemo,"0,693",fermented_legumes
SRR9640343,SRR9640343_125324_2,CLP,"0,644",Hemo,"0,644",fermented_seeds
SRR9640343,SRR9640343_163514_1,CDP,"0,594",Hemo,"0,861",fermented_seeds
SRR9640344,SRR9640344_31632_1,CLP,"0,762",Hemo,"0,842",fermented_seeds
SRR9640344,SRR9640344_221006_1,CDP,"0,594",Hemo,"0,861",fermented_seeds
SRR9640346,SRR9640346_27743_1,CDP,"0,644",Hemo,"0,683",fermented_seeds
SRR9640346,SRR9640346_46525_1,CLP,"0,624",Hemo,"0,911",fermented_seeds
SRR9640346,SRR9640346_81406_2,CLP,"0,505",Hemo,"0,653",fermented_seeds
SRR9640346,SRR9640346_85586_3,CLP,"0,663",Hemo,"0,861",fermented_seeds
SRR9640346,SRR9640346_110077_4,CLP,"0,644",Hemo,"0,644",fermented_seeds
SRR9640346,SRR9640346_200269_1,CDP,"0,594",Hemo,"0,861",fermented_seeds
SRR9640352,SRR9640352_3117_1,CLP,"0,802",Hemo,"0,842",fermented_seeds
SRR9640352,SRR9640352_8447_6,CLP,"0,703",Hemo,"0,743",fermented_seeds
SRR9640352,SRR9640352_36433_1,CLP,"0,644",Hemo,"0,644",fermented_seeds
SRR9640353,SRR9640353_62925_2,CLP,"0,644",Hemo,"0,644",fermented_seeds
SRR9640353,SRR9640353_81120_2,CLP,"0,812",Hemo,"0,842",fermented_seeds
SRR9640353,SRR9640353_158932_1,CDP,"0,594",Hemo,"0,861",fermented_seeds
SRR9640354,SRR9640354_90496_1,CDP,"0,594",Hemo,"0,861",fermented_seeds
SRR9640354,SRR9640354_134200_2,CLP,"0,644",Hemo,"0,644",fermented_seeds
SRR9640355,SRR9640355_41635_2,CLP,"0,644",Hemo,"0,644",fermented_seeds
SRR9640355,SRR9640355_76603_2,CLP,"0,802",Hemo,"0,842",fermented_seeds
SRR9640355,SRR9640355_115956_2,CLP,"0,762",Hemo,"0,842",fermented_seeds
SRR9640355,SRR9640355_164043_1,CLP,"0,525",Hemo,"0,693",fermented_seeds
SRR9640355,SRR9640355_171918_1,CDP,"0,594",Hemo,"0,861",fermented_seeds
SRR9640356,SRR9640356_34583_3,CLP,"0,802",Hemo,"0,842",fermented_seeds
SRR9640356,SRR9640356_270245_2,CLP,"0,644",Hemo,"0,644",fermented_seeds
SRR9640356,SRR9640356_321209_1,CDP,"0,584",Hemo,"0,931",fermented_seeds