sample_id,id,AMR_Class,RGI_Drug_Class,Consensus_Class,Match_Type,AMR_only,RGI_only_mapped,RGI_unmapped_terms
491_Bayley,491_Bayley_15778_1,LINCOSAMIDE,lincosamide antibiotic,LINCOSAMIDE,FULL,,,
491_Bayley,491_Bayley_51211_1,TETRACYCLINE,tetracycline antibiotic,TETRACYCLINE,FULL,,,
575_CabotClothbound,575_CabotClothbound_36631_2,FOSFOMYCIN,phosphonic acid antibiotic,FOSFOMYCIN,FULL,,,
575_CabotClothbound,575_CabotClothbound_53537_1,QUATERNARY AMMONIUM,disinfecting agents and antiseptics,QUATERNARY AMMONIUM,FULL,,,
623_Maggies_Round,623_Maggies_Round_18199_4,TETRACYCLINE,tetracycline antibiotic,TETRACYCLINE,FULL,,,
679_Raclette,679_Raclette_38883_1,QUATERNARY AMMONIUM,disinfecting agents and antiseptics,QUATERNARY AMMONIUM,FULL,,,
711_Garroxta,711_Garroxta_55267_1,QUATERNARY AMMONIUM,disinfecting agents and antiseptics,QUATERNARY AMMONIUM,FULL,,,
873_Challerhocker,873_Challerhocker_13430_1,QUATERNARY AMMONIUM,disinfecting agents and antiseptics,QUATERNARY AMMONIUM,FULL,,,
894_Twig_Tomme,894_Twig_Tomme_84049_1,FOSFOMYCIN,phosphonic acid antibiotic,FOSFOMYCIN,FULL,,,
CSB307_GCCAAT.R,CSB307_GCCAAT.R_14736_1,QUATERNARY AMMONIUM,disinfecting agents and antiseptics,QUATERNARY AMMONIUM,FULL,,,
CSB341_CAGATC.R,CSB341_CAGATC.R_795_1,QUATERNARY AMMONIUM,disinfecting agents and antiseptics,QUATERNARY AMMONIUM,FULL,,,
CSB387_ACTTGA.R,CSB387_ACTTGA.R_59977_1,QUATERNARY AMMONIUM,disinfecting agents and antiseptics,QUATERNARY AMMONIUM,FULL,,,
CSB387_ACTTGA.R,CSB387_ACTTGA.R_80999_3,BETA-LACTAM,penicillin beta-lactam,BETA-LACTAM,FULL,,,
CSB619_GGCTAC.R,CSB619_GGCTAC.R_70850_1,FOSFOMYCIN,phosphonic acid antibiotic,FOSFOMYCIN,FULL,,,
CSB694_CTTGTA.R,CSB694_CTTGTA.R_18652_1,QUATERNARY AMMONIUM,disinfecting agents and antiseptics,QUATERNARY AMMONIUM,FULL,,,
CSB726_AGTTCC.R,CSB726_AGTTCC.R_1260_1,TETRACYCLINE,tetracycline antibiotic,TETRACYCLINE,FULL,,,
CSB726_AGTTCC.R,CSB726_AGTTCC.R_94589_2,PHENICOL,phenicol antibiotic,PHENICOL,FULL,,,
CSB729_ATGTCA.R,CSB729_ATGTCA.R_32582_1,QUATERNARY AMMONIUM,disinfecting agents and antiseptics,QUATERNARY AMMONIUM,FULL,,,
CSB729_ATGTCA.R,CSB729_ATGTCA.R_74236_1,FOSFOMYCIN,phosphonic acid antibiotic,FOSFOMYCIN,FULL,,,
CSB734_CCGTCC.R,CSB734_CCGTCC.R_76505_1,FOSFOMYCIN,phosphonic acid antibiotic,FOSFOMYCIN,FULL,,,
CSB734_CCGTCC.R,CSB734_CCGTCC.R_162443_1,MACROLIDE,macrolide antibiotic,MACROLIDE,FULL,,,
CSB739_GTGAAA.R,CSB739_GTGAAA.R_79048_1,QUATERNARY AMMONIUM,disinfecting agents and antiseptics,QUATERNARY AMMONIUM,FULL,,,
CSB739_GTGAAA.R,CSB739_GTGAAA.R_90236_1,FOSFOMYCIN,phosphonic acid antibiotic,FOSFOMYCIN,FULL,,,
CSB870_GTGGCC.R,CSB870_GTGGCC.R_86715_1,QUATERNARY AMMONIUM,disinfecting agents and antiseptics,QUATERNARY AMMONIUM,FULL,,,
CSB870_GTGGCC.R,CSB870_GTGGCC.R_118846_1,FOSFOMYCIN,phosphonic acid antibiotic,FOSFOMYCIN,FULL,,,
CSB875_GTTTCG.R,CSB875_GTTTCG.R_5756_1,QUATERNARY AMMONIUM,disinfecting agents and antiseptics,QUATERNARY AMMONIUM,FULL,,,
CSB875_GTTTCG.R,CSB875_GTTTCG.R_39452_2,FOSFOMYCIN,phosphonic acid antibiotic,FOSFOMYCIN,FULL,,,
CSB888_CGTACG.R,CSB888_CGTACG.R_13839_1,QUATERNARY AMMONIUM,disinfecting agents and antiseptics,QUATERNARY AMMONIUM,FULL,,,
CSB888_CGTACG.R,CSB888_CGTACG.R_138462_2,FOSFOMYCIN,phosphonic acid antibiotic,FOSFOMYCIN,FULL,,,
CSB907_GAGTGG.R,CSB907_GAGTGG.R_34376_2,FOSFOMYCIN,phosphonic acid antibiotic,FOSFOMYCIN,FULL,,,
CSB962_ACTGAT.R,CSB962_ACTGAT.R_33718_2,FOSFOMYCIN,phosphonic acid antibiotic,FOSFOMYCIN,FULL,,,
DRR205701,DRR205701_26172_1,LINCOSAMIDE,lincosamide antibiotic,LINCOSAMIDE,FULL,,,
DRR205701,DRR205701_93896_1,TETRACYCLINE,tetracycline antibiotic,TETRACYCLINE,FULL,,,
DRR205701,DRR205701_117107_1,BETA-LACTAM,monobactam; cephalosporin; penicillin beta-lactam,BETA-LACTAM,FULL,,,
DRR205702,DRR205702_11831_2,TETRACYCLINE,tetracycline antibiotic,TETRACYCLINE,FULL,,,
DRR205702,DRR205702_84085_1,BETA-LACTAM,monobactam; cephalosporin; penicillin beta-lactam,BETA-LACTAM,FULL,,,
DRR205703,DRR205703_32325_1,LINCOSAMIDE,lincosamide antibiotic,LINCOSAMIDE,FULL,,,
DRR205703,DRR205703_127899_3,BETA-LACTAM,monobactam; cephalosporin; penicillin beta-lactam,BETA-LACTAM,FULL,,,
ERR10695316,ERR10695316_9997_1,SULFONAMIDE,sulfonamide antibiotic,SULFONAMIDE,FULL,,,
ERR10695316,ERR10695316_31027_1,AMINOGLYCOSIDE,aminoglycoside antibiotic,AMINOGLYCOSIDE,FULL,,,
ERR10695316,ERR10695316_31027_2,AMINOGLYCOSIDE,aminoglycoside antibiotic,AMINOGLYCOSIDE,FULL,,,
ERR10695318,ERR10695318_14541_1,AMINOGLYCOSIDE,aminoglycoside antibiotic,AMINOGLYCOSIDE,FULL,,,
ERR10695318,ERR10695318_14541_2,AMINOGLYCOSIDE,aminoglycoside antibiotic,AMINOGLYCOSIDE,FULL,,,
ERR10695319,ERR10695319_59617_1,QUATERNARY AMMONIUM,disinfecting agents and antiseptics,QUATERNARY AMMONIUM,FULL,,,
ERR10695320,ERR10695320_58261_2,AMINOGLYCOSIDE,aminoglycoside antibiotic,AMINOGLYCOSIDE,FULL,,,
ERR10695320,ERR10695320_58261_3,AMINOGLYCOSIDE,aminoglycoside antibiotic,AMINOGLYCOSIDE,FULL,,,
ERR10695320,ERR10695320_110916_1,QUATERNARY AMMONIUM,disinfecting agents and antiseptics,QUATERNARY AMMONIUM,FULL,,,
ERR10695321,ERR10695321_103626_1,QUATERNARY AMMONIUM,disinfecting agents and antiseptics,QUATERNARY AMMONIUM,FULL,,,
ERR10695322,ERR10695322_78507_1,TETRACYCLINE,tetracycline antibiotic,TETRACYCLINE,FULL,,,
ERR10695322,ERR10695322_292533_2,FOSFOMYCIN,phosphonic acid antibiotic,FOSFOMYCIN,FULL,,,
ERR10695323,ERR10695323_303148_1,QUATERNARY AMMONIUM,disinfecting agents and antiseptics,QUATERNARY AMMONIUM,FULL,,,
ERR10695323,ERR10695323_426376_1,FOSFOMYCIN,phosphonic acid antibiotic,FOSFOMYCIN,FULL,,,
ERR10695324,ERR10695324_18239_1,FOSFOMYCIN,phosphonic acid antibiotic,FOSFOMYCIN,FULL,,,
ERR10704940,ERR10704940_20995_1,AMINOGLYCOSIDE,aminoglycoside antibiotic,AMINOGLYCOSIDE,FULL,,,
ERR10704940,ERR10704940_20995_2,AMINOGLYCOSIDE,aminoglycoside antibiotic,AMINOGLYCOSIDE,FULL,,,
ERR10704943,ERR10704943_85312_1,QUATERNARY AMMONIUM,disinfecting agents and antiseptics,QUATERNARY AMMONIUM,FULL,,,
ERR10704946,ERR10704946_159480_1,FOSFOMYCIN,phosphonic acid antibiotic,FOSFOMYCIN,FULL,,,
ERR10704951,ERR10704951_6632_2,FOSFOMYCIN,phosphonic acid antibiotic,FOSFOMYCIN,FULL,,,
ERR10704951,ERR10704951_22453_1,QUATERNARY AMMONIUM,disinfecting agents and antiseptics,QUATERNARY AMMONIUM,FULL,,,
ERR10736384,ERR10736384_8137_2,QUATERNARY AMMONIUM,disinfecting agents and antiseptics,QUATERNARY AMMONIUM,FULL,,,
ERR10736385,ERR10736385_17953_1,TETRACYCLINE,tetracycline antibiotic,TETRACYCLINE,FULL,,,
ERR10736386,ERR10736386_35847_1,TRIMETHOPRIM,diaminopyrimidine antibiotic,TRIMETHOPRIM,FULL,,,
ERR10736387,ERR10736387_39628_1,AMINOGLYCOSIDE,aminoglycoside antibiotic,AMINOGLYCOSIDE,FULL,,,
ERR10736387,ERR10736387_39628_2,AMINOGLYCOSIDE,aminoglycoside antibiotic,AMINOGLYCOSIDE,FULL,,,
ERR10736391,ERR10736391_13227_3,BETA-LACTAM,penicillin beta-lactam,BETA-LACTAM,FULL,,,
ERR10736391,ERR10736391_21835_1,PHENICOL,phenicol antibiotic,PHENICOL,FULL,,,
ERR10736391,ERR10736391_34846_1,FOSFOMYCIN,phosphonic acid antibiotic,FOSFOMYCIN,FULL,,,
ERR10736391,ERR10736391_160834_1,QUATERNARY AMMONIUM,disinfecting agents and antiseptics,QUATERNARY AMMONIUM,FULL,,,
ERR10736392,ERR10736392_6555_1,QUATERNARY AMMONIUM,disinfecting agents and antiseptics,QUATERNARY AMMONIUM,FULL,,,
ERR10736393,ERR10736393_12191_1,MACROLIDE/STREPTOGRAMIN,macrolide antibiotic; streptogramin antibiotic; streptogramin B antibiotic,MACROLIDE/STREPTOGRAMIN,FULL,,,
ERR10736393,ERR10736393_40795_1,QUATERNARY AMMONIUM,disinfecting agents and antiseptics,QUATERNARY AMMONIUM,FULL,,,
ERR10736393,ERR10736393_67970_1,QUATERNARY AMMONIUM,disinfecting agents and antiseptics,QUATERNARY AMMONIUM,FULL,,,
ERR10736393,ERR10736393_84003_3,FOSFOMYCIN,phosphonic acid antibiotic,FOSFOMYCIN,FULL,,,
ERR10736394,ERR10736394_234355_1,MACROLIDE/STREPTOGRAMIN,macrolide antibiotic; streptogramin antibiotic; streptogramin B antibiotic,MACROLIDE/STREPTOGRAMIN,FULL,,,
ERR10736394,ERR10736394_400078_1,QUATERNARY AMMONIUM,disinfecting agents and antiseptics,QUATERNARY AMMONIUM,FULL,,,
ERR11550496,ERR11550496_22580_1,AMINOGLYCOSIDE,aminoglycoside antibiotic,AMINOGLYCOSIDE,FULL,,,
ERR11550496,ERR11550496_22580_2,AMINOGLYCOSIDE,aminoglycoside antibiotic,AMINOGLYCOSIDE,FULL,,,
ERR11581409,ERR11581409_183584_1,FOSFOMYCIN,phosphonic acid antibiotic,FOSFOMYCIN,FULL,,,
ERR11718194,ERR11718194_64724_1,QUATERNARY AMMONIUM,disinfecting agents and antiseptics,QUATERNARY AMMONIUM,FULL,,,
ERR11718196,ERR11718196_32796_1,QUATERNARY AMMONIUM,disinfecting agents and antiseptics,QUATERNARY AMMONIUM,FULL,,,
ERR11718204,ERR11718204_26191_1,QUATERNARY AMMONIUM,disinfecting agents and antiseptics,QUATERNARY AMMONIUM,FULL,,,
ERR11865328,ERR11865328_1666_1,AMINOGLYCOSIDE,aminoglycoside antibiotic,AMINOGLYCOSIDE,FULL,,,
ERR11865340,ERR11865340_5258_1,AMINOGLYCOSIDE,aminoglycoside antibiotic,AMINOGLYCOSIDE,FULL,,,
ERR11865342,ERR11865342_1134_1,TETRACYCLINE,tetracycline antibiotic,TETRACYCLINE,FULL,,,
ERR11865343,ERR11865343_8821_1,TETRACYCLINE,tetracycline antibiotic,TETRACYCLINE,FULL,,,
ERR11865345,ERR11865345_1027_3,TETRACYCLINE,tetracycline antibiotic,TETRACYCLINE,FULL,,,
ERR11865345,ERR11865345_4460_1,AMINOGLYCOSIDE,aminoglycoside antibiotic,AMINOGLYCOSIDE,FULL,,,
ERR11865346,ERR11865346_6635_2,TETRACYCLINE,tetracycline antibiotic,TETRACYCLINE,FULL,,,
ERR11865347,ERR11865347_3443_1,TETRACYCLINE,tetracycline antibiotic,TETRACYCLINE,FULL,,,
ERR11865350,ERR11865350_8841_2,QUATERNARY AMMONIUM,disinfecting agents and antiseptics,QUATERNARY AMMONIUM,FULL,,,
ERR11865366,ERR11865366_3237_3,AMINOGLYCOSIDE,aminoglycoside antibiotic,AMINOGLYCOSIDE,FULL,,,
ERR11865366,ERR11865366_36031_2,STREPTOTHRICIN,nucleoside antibiotic,STREPTOTHRICIN,FULL,,,
ERR11865366,ERR11865366_36643_1,AMINOGLYCOSIDE,aminoglycoside antibiotic,AMINOGLYCOSIDE,FULL,,,
ERR11865366,ERR11865366_45749_1,LINCOSAMIDE,lincosamide antibiotic,LINCOSAMIDE,FULL,,,
ERR11865367,ERR11865367_15218_2,QUATERNARY AMMONIUM,disinfecting agents and antiseptics,QUATERNARY AMMONIUM,FULL,,,
ERR11865439,ERR11865439_12971_1,TETRACYCLINE,tetracycline antibiotic,TETRACYCLINE,FULL,,,
ERR11865439,ERR11865439_20208_1,AMINOGLYCOSIDE,aminoglycoside antibiotic,AMINOGLYCOSIDE,FULL,,,
ERR11865445,ERR11865445_3279_1,TETRACYCLINE,tetracycline antibiotic,TETRACYCLINE,FULL,,,
ERR11865469,ERR11865469_956_1,BETA-LACTAM,monobactam; cephalosporin; penicillin beta-lactam,BETA-LACTAM,FULL,,,
ERR11865470,ERR11865470_2689_1,BETA-LACTAM,monobactam; cephalosporin; penicillin beta-lactam,BETA-LACTAM,FULL,,,
ERR11865471,ERR11865471_13099_2,BETA-LACTAM,monobactam; cephalosporin; penicillin beta-lactam,BETA-LACTAM,FULL,,,
ERR11865472,ERR11865472_1116_1,BETA-LACTAM,monobactam; cephalosporin; penicillin beta-lactam,BETA-LACTAM,FULL,,,
ERR11865473,ERR11865473_438_1,BETA-LACTAM,monobactam; cephalosporin; penicillin beta-lactam,BETA-LACTAM,FULL,,,
ERR11865474,ERR11865474_3597_1,BETA-LACTAM,monobactam; cephalosporin; penicillin beta-lactam,BETA-LACTAM,FULL,,,
ERR11865475,ERR11865475_2735_2,BETA-LACTAM,monobactam; cephalosporin; penicillin beta-lactam,BETA-LACTAM,FULL,,,
ERR11865476,ERR11865476_3057_2,BETA-LACTAM,monobactam; cephalosporin; penicillin beta-lactam,BETA-LACTAM,FULL,,,
ERR11865477,ERR11865477_213_1,BETA-LACTAM,monobactam; cephalosporin; penicillin beta-lactam,BETA-LACTAM,FULL,,,
ERR11865478,ERR11865478_311_3,BETA-LACTAM,monobactam; cephalosporin; penicillin beta-lactam,BETA-LACTAM,FULL,,,
ERR11865479,ERR11865479_258_1,BETA-LACTAM,monobactam; cephalosporin; penicillin beta-lactam,BETA-LACTAM,FULL,,,
ERR11865480,ERR11865480_435_1,BETA-LACTAM,monobactam; cephalosporin; penicillin beta-lactam,BETA-LACTAM,FULL,,,
ERR11865493,ERR11865493_1327_1,BETA-LACTAM,monobactam; cephalosporin; penicillin beta-lactam,BETA-LACTAM,FULL,,,
ERR11865494,ERR11865494_122_1,BETA-LACTAM,monobactam; cephalosporin; penicillin beta-lactam,BETA-LACTAM,FULL,,,
ERR11865495,ERR11865495_4086_2,BETA-LACTAM,monobactam; cephalosporin; penicillin beta-lactam,BETA-LACTAM,FULL,,,
ERR11865496,ERR11865496_3609_1,BETA-LACTAM,monobactam; cephalosporin; penicillin beta-lactam,BETA-LACTAM,FULL,,,
ERR11865497,ERR11865497_926_1,BETA-LACTAM,monobactam; cephalosporin; penicillin beta-lactam,BETA-LACTAM,FULL,,,
ERR11865498,ERR11865498_4425_1,BETA-LACTAM,monobactam; cephalosporin; penicillin beta-lactam,BETA-LACTAM,FULL,,,
ERR11865499,ERR11865499_762_2,BETA-LACTAM,monobactam; cephalosporin; penicillin beta-lactam,BETA-LACTAM,FULL,,,
ERR11865500,ERR11865500_4358_1,BETA-LACTAM,monobactam; cephalosporin; penicillin beta-lactam,BETA-LACTAM,FULL,,,
ERR11865501,ERR11865501_678_2,BETA-LACTAM,monobactam; cephalosporin; penicillin beta-lactam,BETA-LACTAM,FULL,,,
ERR11865502,ERR11865502_1211_1,BETA-LACTAM,monobactam; cephalosporin; penicillin beta-lactam,BETA-LACTAM,FULL,,,
ERR11865503,ERR11865503_1530_1,BETA-LACTAM,monobactam; cephalosporin; penicillin beta-lactam,BETA-LACTAM,FULL,,,
ERR11865504,ERR11865504_1600_1,BETA-LACTAM,monobactam; cephalosporin; penicillin beta-lactam,BETA-LACTAM,FULL,,,
ERR11865506,ERR11865506_88_2,BETA-LACTAM,monobactam; cephalosporin; penicillin beta-lactam,BETA-LACTAM,FULL,,,
ERR11865507,ERR11865507_39_1,BETA-LACTAM,monobactam; cephalosporin; penicillin beta-lactam,BETA-LACTAM,FULL,,,
ERR11865508,ERR11865508_1879_2,BETA-LACTAM,monobactam; cephalosporin; penicillin beta-lactam,BETA-LACTAM,FULL,,,
ERR11865509,ERR11865509_8200_1,BETA-LACTAM,monobactam; cephalosporin; penicillin beta-lactam,BETA-LACTAM,FULL,,,
ERR11865510,ERR11865510_7964_1,BETA-LACTAM,monobactam; cephalosporin; penicillin beta-lactam,BETA-LACTAM,FULL,,,
ERR11865511,ERR11865511_21589_1,BETA-LACTAM,monobactam; cephalosporin; penicillin beta-lactam,BETA-LACTAM,FULL,,,
ERR11865512,ERR11865512_21011_1,BETA-LACTAM,monobactam; cephalosporin; penicillin beta-lactam,BETA-LACTAM,FULL,,,
ERR11865525,ERR11865525_1301_1,AMINOGLYCOSIDE,aminoglycoside antibiotic,AMINOGLYCOSIDE,FULL,,,
ERR11865525,ERR11865525_2463_2,MACROLIDE,macrolide antibiotic,MACROLIDE,FULL,,,
ERR11865526,ERR11865526_427_3,AMINOGLYCOSIDE,aminoglycoside antibiotic,AMINOGLYCOSIDE,FULL,,,
ERR11865526,ERR11865526_887_5,MACROLIDE,macrolide antibiotic,MACROLIDE,FULL,,,
ERR11865526,ERR11865526_887_6,MACROLIDE/STREPTOGRAMIN,macrolide antibiotic; streptogramin antibiotic,MACROLIDE/STREPTOGRAMIN,FULL,,,
ERR11865542,ERR11865542_382_2,MACROLIDE,macrolide antibiotic,MACROLIDE,FULL,,,
ERR11865542,ERR11865542_1328_3,AMINOGLYCOSIDE,aminoglycoside antibiotic,AMINOGLYCOSIDE,FULL,,,
ERR11865543,ERR11865543_54_3,AMINOGLYCOSIDE,aminoglycoside antibiotic,AMINOGLYCOSIDE,FULL,,,
ERR11865543,ERR11865543_1796_2,MACROLIDE,macrolide antibiotic,MACROLIDE,FULL,,,
ERR11865543,ERR11865543_1796_3,MACROLIDE/STREPTOGRAMIN,macrolide antibiotic; streptogramin antibiotic,MACROLIDE/STREPTOGRAMIN,FULL,,,
ERR11865545,ERR11865545_7698_1,AMINOGLYCOSIDE,aminoglycoside antibiotic,AMINOGLYCOSIDE,FULL,,,
ERR11865546,ERR11865546_723_1,TETRACYCLINE,tetracycline antibiotic,TETRACYCLINE,FULL,,,
ERR11865548,ERR11865548_908_2,TETRACYCLINE,tetracycline antibiotic,TETRACYCLINE,FULL,,,
ERR11865552,ERR11865552_3252_1,TETRACYCLINE,tetracycline antibiotic,TETRACYCLINE,FULL,,,
ERR11865553,ERR11865553_3844_1,TETRACYCLINE,tetracycline antibiotic,TETRACYCLINE,FULL,,,
ERR11865558,ERR11865558_883_1,AMINOGLYCOSIDE,aminoglycoside antibiotic,AMINOGLYCOSIDE,FULL,,,
ERR11865558,ERR11865558_3414_1,MACROLIDE,macrolide antibiotic,MACROLIDE,FULL,,,
ERR11865559,ERR11865559_0_5,MACROLIDE,macrolide antibiotic,MACROLIDE,FULL,,,
ERR11865559,ERR11865559_0_6,MACROLIDE/STREPTOGRAMIN,macrolide antibiotic; streptogramin antibiotic,MACROLIDE/STREPTOGRAMIN,FULL,,,
ERR11865559,ERR11865559_942_1,AMINOGLYCOSIDE,aminoglycoside antibiotic,AMINOGLYCOSIDE,FULL,,,
ERR12057284,ERR12057284_21464_2,TETRACYCLINE,tetracycline antibiotic,TETRACYCLINE,FULL,,,
ERR12057285,ERR12057285_4676_2,TETRACYCLINE,tetracycline antibiotic,TETRACYCLINE,FULL,,,
ERR12057288,ERR12057288_237161_2,AMINOGLYCOSIDE,aminoglycoside antibiotic,AMINOGLYCOSIDE,FULL,,,
ERR12057288,ERR12057288_237161_3,STREPTOTHRICIN,nucleoside antibiotic,STREPTOTHRICIN,FULL,,,
ERR12057288,ERR12057288_237161_4,AMINOGLYCOSIDE,aminoglycoside antibiotic,AMINOGLYCOSIDE,FULL,,,
ERR12057292,ERR12057292_5071_2,LINCOSAMIDE/MACROLIDE/STREPTOGRAMIN,macrolide antibiotic; lincosamide antibiotic; streptogramin antibiotic; streptogramin A antibiotic; streptogramin B antibiotic,LINCOSAMIDE/MACROLIDE/STREPTOGRAMIN,FULL,,,
ERR12057292,ERR12057292_15555_2,TETRACYCLINE,tetracycline antibiotic,TETRACYCLINE,FULL,,,
ERR12057293,ERR12057293_1775_3,LINCOSAMIDE,lincosamide antibiotic,LINCOSAMIDE,FULL,,,
ERR12057293,ERR12057293_10373_1,TETRACYCLINE,tetracycline antibiotic,TETRACYCLINE,FULL,,,
ERR12057294,ERR12057294_22708_2,AMINOGLYCOSIDE,aminoglycoside antibiotic,AMINOGLYCOSIDE,FULL,,,
ERR12057294,ERR12057294_22708_3,STREPTOTHRICIN,nucleoside antibiotic,STREPTOTHRICIN,FULL,,,
ERR12057294,ERR12057294_22708_4,AMINOGLYCOSIDE,aminoglycoside antibiotic,AMINOGLYCOSIDE,FULL,,,
ERR12057298,ERR12057298_7958_1,FOSFOMYCIN,phosphonic acid antibiotic,FOSFOMYCIN,FULL,,,
ERR12057298,ERR12057298_65508_1,QUATERNARY AMMONIUM,disinfecting agents and antiseptics,QUATERNARY AMMONIUM,FULL,,,
ERR12057299,ERR12057299_76985_1,TETRACYCLINE,tetracycline antibiotic,TETRACYCLINE,FULL,,,
ERR12057301,ERR12057301_1217_1,TETRACYCLINE,tetracycline antibiotic,TETRACYCLINE,FULL,,,
ERR12057301,ERR12057301_109951_2,PHENICOL,phenicol antibiotic,PHENICOL,FULL,,,
ERR12057304,ERR12057304_64785_2,AMINOGLYCOSIDE,aminoglycoside antibiotic,AMINOGLYCOSIDE,FULL,,,
ERR12057304,ERR12057304_64785_3,AMINOGLYCOSIDE,aminoglycoside antibiotic,AMINOGLYCOSIDE,FULL,,,
ERR12057305,ERR12057305_327_1,FOSFOMYCIN,phosphonic acid antibiotic,FOSFOMYCIN,FULL,,,
ERR12057306,ERR12057306_7787_2,STREPTOTHRICIN,nucleoside antibiotic,STREPTOTHRICIN,FULL,,,
ERR12057306,ERR12057306_7787_3,AMINOGLYCOSIDE,aminoglycoside antibiotic,AMINOGLYCOSIDE,FULL,,,
ERR12057306,ERR12057306_34367_2,LINCOSAMIDE/MACROLIDE/STREPTOGRAMIN,macrolide antibiotic; lincosamide antibiotic; streptogramin antibiotic; streptogramin A antibiotic; streptogramin B antibiotic,LINCOSAMIDE/MACROLIDE/STREPTOGRAMIN,FULL,,,
ERR12057307,ERR12057307_60260_2,LINCOSAMIDE/MACROLIDE/STREPTOGRAMIN,macrolide antibiotic; lincosamide antibiotic; streptogramin antibiotic; streptogramin A antibiotic; streptogramin B antibiotic,LINCOSAMIDE/MACROLIDE/STREPTOGRAMIN,FULL,,,
ERR12057308,ERR12057308_32362_1,TETRACYCLINE,tetracycline antibiotic,TETRACYCLINE,FULL,,,
ERR12057308,ERR12057308_39096_2,AMINOGLYCOSIDE,aminoglycoside antibiotic,AMINOGLYCOSIDE,FULL,,,
ERR12057309,ERR12057309_1189_2,TETRACYCLINE,tetracycline antibiotic,TETRACYCLINE,FULL,,,
ERR12057309,ERR12057309_8504_2,LINCOSAMIDE/MACROLIDE/STREPTOGRAMIN,macrolide antibiotic; lincosamide antibiotic; streptogramin antibiotic; streptogramin A antibiotic; streptogramin B antibiotic,LINCOSAMIDE/MACROLIDE/STREPTOGRAMIN,FULL,,,
ERR12057309,ERR12057309_59345_1,PHENICOL,phenicol antibiotic,PHENICOL,FULL,,,
ERR12057312,ERR12057312_2113_1,QUINOLONE,fluoroquinolone antibiotic,QUINOLONE,FULL,,,
ERR12057312,ERR12057312_11833_2,AMINOGLYCOSIDE,aminoglycoside antibiotic,AMINOGLYCOSIDE,FULL,,,
ERR12057312,ERR12057312_12636_3,FOSFOMYCIN,phosphonic acid antibiotic,FOSFOMYCIN,FULL,,,
ERR12057312,ERR12057312_32881_1,TETRACYCLINE,tetracycline antibiotic,TETRACYCLINE,FULL,,,
ERR12057312,ERR12057312_105681_2,AMINOGLYCOSIDE,aminoglycoside antibiotic,AMINOGLYCOSIDE,FULL,,,
ERR12057318,ERR12057318_16507_4,TETRACYCLINE,tetracycline antibiotic,TETRACYCLINE,FULL,,,
ERR12057318,ERR12057318_39196_1,QUATERNARY AMMONIUM,disinfecting agents and antiseptics,QUATERNARY AMMONIUM,FULL,,,
ERR12057318,ERR12057318_61304_1,TETRACYCLINE,tetracycline antibiotic,TETRACYCLINE,FULL,,,
ERR12057318,ERR12057318_109328_1,FOSFOMYCIN,phosphonic acid antibiotic,FOSFOMYCIN,FULL,,,
ERR12057319,ERR12057319_49289_2,FOSFOMYCIN,phosphonic acid antibiotic,FOSFOMYCIN,FULL,,,
ERR12057320,ERR12057320_490_3,AMINOGLYCOSIDE,aminoglycoside antibiotic,AMINOGLYCOSIDE,FULL,,,
ERR12057320,ERR12057320_125753_2,TETRACYCLINE,tetracycline antibiotic,TETRACYCLINE,FULL,,,
ERR12057320,ERR12057320_241456_1,QUATERNARY AMMONIUM,disinfecting agents and antiseptics,QUATERNARY AMMONIUM,FULL,,,
ERR12057321,ERR12057321_1926_1,AMINOGLYCOSIDE,aminoglycoside antibiotic,AMINOGLYCOSIDE,FULL,,,
ERR12057321,ERR12057321_4391_1,FOSFOMYCIN,phosphonic acid antibiotic,FOSFOMYCIN,FULL,,,
ERR12057321,ERR12057321_5166_1,TETRACYCLINE,tetracycline antibiotic,TETRACYCLINE,FULL,,,
ERR12057321,ERR12057321_189919_1,QUATERNARY AMMONIUM,disinfecting agents and antiseptics,QUATERNARY AMMONIUM,FULL,,,
ERR12057322,ERR12057322_2844_4,TETRACYCLINE,tetracycline antibiotic,TETRACYCLINE,FULL,,,
ERR12057322,ERR12057322_6130_5,TETRACYCLINE,tetracycline antibiotic,TETRACYCLINE,FULL,,,
ERR12057322,ERR12057322_8632_2,AMINOGLYCOSIDE,aminoglycoside antibiotic,AMINOGLYCOSIDE,FULL,,,
ERR12057322,ERR12057322_8632_3,STREPTOTHRICIN,nucleoside antibiotic,STREPTOTHRICIN,FULL,,,
ERR12057322,ERR12057322_8632_4,AMINOGLYCOSIDE,aminoglycoside antibiotic,AMINOGLYCOSIDE,FULL,,,
ERR12057322,ERR12057322_29345_1,LINCOSAMIDE/MACROLIDE/STREPTOGRAMIN,macrolide antibiotic; lincosamide antibiotic; streptogramin antibiotic; streptogramin A antibiotic; streptogramin B antibiotic,LINCOSAMIDE/MACROLIDE/STREPTOGRAMIN,FULL,,,
ERR12057322,ERR12057322_50344_1,AMINOGLYCOSIDE,aminoglycoside antibiotic,AMINOGLYCOSIDE,FULL,,,
ERR12057322,ERR12057322_50344_2,AMINOGLYCOSIDE,aminoglycoside antibiotic,AMINOGLYCOSIDE,FULL,,,
ERR12057323,ERR12057323_3188_2,AMINOGLYCOSIDE,aminoglycoside antibiotic,AMINOGLYCOSIDE,FULL,,,
ERR12057323,ERR12057323_3188_3,STREPTOTHRICIN,nucleoside antibiotic,STREPTOTHRICIN,FULL,,,
ERR12057323,ERR12057323_3188_4,AMINOGLYCOSIDE,aminoglycoside antibiotic,AMINOGLYCOSIDE,FULL,,,
ERR12057323,ERR12057323_5986_2,QUATERNARY AMMONIUM,disinfecting agents and antiseptics,QUATERNARY AMMONIUM,FULL,,,
ERR12057323,ERR12057323_5986_3,TETRACYCLINE,tetracycline antibiotic,TETRACYCLINE,FULL,,,
ERR12057323,ERR12057323_28919_1,TETRACYCLINE,tetracycline antibiotic,TETRACYCLINE,FULL,,,
ERR12057323,ERR12057323_32632_2,AMINOGLYCOSIDE,aminoglycoside antibiotic,AMINOGLYCOSIDE,FULL,,,
ERR12057323,ERR12057323_37521_2,AMINOGLYCOSIDE,aminoglycoside antibiotic,AMINOGLYCOSIDE,FULL,,,
ERR12057323,ERR12057323_45642_1,TETRACYCLINE,tetracycline antibiotic,TETRACYCLINE,FULL,,,
ERR12057323,ERR12057323_45754_4,TETRACYCLINE,tetracycline antibiotic,TETRACYCLINE,FULL,,,
ERR12057323,ERR12057323_62036_1,LINCOSAMIDE/MACROLIDE/STREPTOGRAMIN,macrolide antibiotic; lincosamide antibiotic; streptogramin antibiotic; streptogramin A antibiotic; streptogramin B antibiotic,LINCOSAMIDE/MACROLIDE/STREPTOGRAMIN,FULL,,,
ERR12057323,ERR12057323_70118_1,TETRACYCLINE,tetracycline antibiotic,TETRACYCLINE,FULL,,,
ERR12057323,ERR12057323_263588_1,QUATERNARY AMMONIUM,disinfecting agents and antiseptics,QUATERNARY AMMONIUM,FULL,,,
ERR12057324,ERR12057324_8599_2,AMINOGLYCOSIDE,aminoglycoside antibiotic,AMINOGLYCOSIDE,FULL,,,
ERR12057324,ERR12057324_8599_3,STREPTOTHRICIN,nucleoside antibiotic,STREPTOTHRICIN,FULL,,,
ERR12057324,ERR12057324_8599_4,AMINOGLYCOSIDE,aminoglycoside antibiotic,AMINOGLYCOSIDE,FULL,,,
ERR12057324,ERR12057324_9437_3,TETRACYCLINE,tetracycline antibiotic,TETRACYCLINE,FULL,,,
ERR12057324,ERR12057324_15820_1,SULFONAMIDE,sulfonamide antibiotic,SULFONAMIDE,FULL,,,
ERR12057324,ERR12057324_38442_3,TETRACYCLINE,tetracycline antibiotic,TETRACYCLINE,FULL,,,
ERR12057324,ERR12057324_44170_1,AMINOGLYCOSIDE,aminoglycoside antibiotic,AMINOGLYCOSIDE,FULL,,,
ERR12057324,ERR12057324_44170_2,AMINOGLYCOSIDE,aminoglycoside antibiotic,AMINOGLYCOSIDE,FULL,,,
ERR12057324,ERR12057324_45899_1,LINCOSAMIDE/MACROLIDE/STREPTOGRAMIN,macrolide antibiotic; lincosamide antibiotic; streptogramin antibiotic; streptogramin A antibiotic; streptogramin B antibiotic,LINCOSAMIDE/MACROLIDE/STREPTOGRAMIN,FULL,,,
ERR12057330,ERR12057330_7972_7,TETRACYCLINE,tetracycline antibiotic,TETRACYCLINE,FULL,,,
ERR12057330,ERR12057330_7972_11,AMINOGLYCOSIDE,aminoglycoside antibiotic,AMINOGLYCOSIDE,FULL,,,
ERR12057330,ERR12057330_7972_12,AMINOGLYCOSIDE,aminoglycoside antibiotic,AMINOGLYCOSIDE,FULL,,,
ERR12057330,ERR12057330_9676_3,TETRACYCLINE,tetracycline antibiotic,TETRACYCLINE,FULL,,,
ERR12057330,ERR12057330_11740_2,LINCOSAMIDE/MACROLIDE/STREPTOGRAMIN,macrolide antibiotic; lincosamide antibiotic; streptogramin antibiotic; streptogramin A antibiotic; streptogramin B antibiotic,LINCOSAMIDE/MACROLIDE/STREPTOGRAMIN,FULL,,,
ERR12057330,ERR12057330_11740_4,AMINOGLYCOSIDE,aminoglycoside antibiotic,AMINOGLYCOSIDE,FULL,,,
ERR12057330,ERR12057330_11740_5,STREPTOTHRICIN,nucleoside antibiotic,STREPTOTHRICIN,FULL,,,
ERR12057330,ERR12057330_11740_6,AMINOGLYCOSIDE,aminoglycoside antibiotic,AMINOGLYCOSIDE,FULL,,,
ERR12057330,ERR12057330_11792_1,AMINOGLYCOSIDE,aminoglycoside antibiotic,AMINOGLYCOSIDE,FULL,,,
ERR12057330,ERR12057330_12357_1,COLISTIN,peptide antibiotic,COLISTIN,FULL,,,
ERR12057331,ERR12057331_6152_1,PHENICOL,phenicol antibiotic,PHENICOL,FULL,,,
ERR12057331,ERR12057331_35804_2,LINCOSAMIDE/MACROLIDE/STREPTOGRAMIN,macrolide antibiotic; lincosamide antibiotic; streptogramin antibiotic; streptogramin A antibiotic; streptogramin B antibiotic,LINCOSAMIDE/MACROLIDE/STREPTOGRAMIN,FULL,,,
ERR12057331,ERR12057331_56635_1,AMINOGLYCOSIDE,aminoglycoside antibiotic,AMINOGLYCOSIDE,FULL,,,
ERR12057332,ERR12057332_12081_3,AMINOGLYCOSIDE,aminoglycoside antibiotic,AMINOGLYCOSIDE,FULL,,,
ERR12057332,ERR12057332_12081_4,STREPTOTHRICIN,nucleoside antibiotic,STREPTOTHRICIN,FULL,,,
ERR12057332,ERR12057332_12081_5,AMINOGLYCOSIDE,aminoglycoside antibiotic,AMINOGLYCOSIDE,FULL,,,
ERR12057332,ERR12057332_17445_1,TETRACYCLINE,tetracycline antibiotic,TETRACYCLINE,FULL,,,
ERR12057332,ERR12057332_73344_1,PHENICOL,phenicol antibiotic,PHENICOL,FULL,,,
ERR12057333,ERR12057333_16817_2,AMINOGLYCOSIDE,aminoglycoside antibiotic,AMINOGLYCOSIDE,FULL,,,
ERR12057333,ERR12057333_16817_3,AMINOGLYCOSIDE,aminoglycoside antibiotic,AMINOGLYCOSIDE,FULL,,,
ERR12057333,ERR12057333_59674_1,LINCOSAMIDE/MACROLIDE/STREPTOGRAMIN,macrolide antibiotic; lincosamide antibiotic; streptogramin antibiotic; streptogramin A antibiotic; streptogramin B antibiotic,LINCOSAMIDE/MACROLIDE/STREPTOGRAMIN,FULL,,,
ERR12057333,ERR12057333_79912_5,TETRACYCLINE,tetracycline antibiotic,TETRACYCLINE,FULL,,,
ERR12057334,ERR12057334_9167_2,TETRACYCLINE,tetracycline antibiotic,TETRACYCLINE,FULL,,,
ERR12057334,ERR12057334_36074_1,AMINOGLYCOSIDE,aminoglycoside antibiotic,AMINOGLYCOSIDE,FULL,,,
ERR12057334,ERR12057334_36074_2,STREPTOTHRICIN,nucleoside antibiotic,STREPTOTHRICIN,FULL,,,
ERR12057334,ERR12057334_56646_2,LINCOSAMIDE/MACROLIDE/STREPTOGRAMIN,macrolide antibiotic; lincosamide antibiotic; streptogramin antibiotic; streptogramin A antibiotic; streptogramin B antibiotic,LINCOSAMIDE/MACROLIDE/STREPTOGRAMIN,FULL,,,
ERR12057335,ERR12057335_9820_2,QUATERNARY AMMONIUM,disinfecting agents and antiseptics,QUATERNARY AMMONIUM,FULL,,,
ERR12057335,ERR12057335_172776_2,QUATERNARY AMMONIUM,disinfecting agents and antiseptics,QUATERNARY AMMONIUM,FULL,,,
ERR12057335,ERR12057335_177176_1,QUATERNARY AMMONIUM,disinfecting agents and antiseptics,QUATERNARY AMMONIUM,FULL,,,
ERR12057339,ERR12057339_71877_1,QUATERNARY AMMONIUM,disinfecting agents and antiseptics,QUATERNARY AMMONIUM,FULL,,,
ERR12057340,ERR12057340_111626_1,LINCOSAMIDE,lincosamide antibiotic,LINCOSAMIDE,FULL,,,
ERR12057341,ERR12057341_145362_1,QUATERNARY AMMONIUM,disinfecting agents and antiseptics,QUATERNARY AMMONIUM,FULL,,,
ERR12057341,ERR12057341_151368_1,LINCOSAMIDE,lincosamide antibiotic,LINCOSAMIDE,FULL,,,
ERR12057343,ERR12057343_7335_2,AMINOGLYCOSIDE,aminoglycoside antibiotic,AMINOGLYCOSIDE,FULL,,,
ERR12057343,ERR12057343_7335_3,STREPTOTHRICIN,nucleoside antibiotic,STREPTOTHRICIN,FULL,,,
ERR12057343,ERR12057343_7335_4,AMINOGLYCOSIDE,aminoglycoside antibiotic,AMINOGLYCOSIDE,FULL,,,
ERR12057343,ERR12057343_9810_2,TETRACYCLINE,tetracycline antibiotic,TETRACYCLINE,FULL,,,
ERR12057344,ERR12057344_33296_3,LINCOSAMIDE/MACROLIDE/STREPTOGRAMIN,macrolide antibiotic; lincosamide antibiotic; streptogramin antibiotic; streptogramin A antibiotic; streptogramin B antibiotic,LINCOSAMIDE/MACROLIDE/STREPTOGRAMIN,FULL,,,
ERR12057344,ERR12057344_39845_1,TETRACYCLINE,tetracycline antibiotic,TETRACYCLINE,FULL,,,
ERR12057344,ERR12057344_206956_1,STREPTOTHRICIN,nucleoside antibiotic,STREPTOTHRICIN,FULL,,,
ERR12057348,ERR12057348_37925_1,TETRACYCLINE,tetracycline antibiotic,TETRACYCLINE,FULL,,,
ERR12057349,ERR12057349_26672_1,QUATERNARY AMMONIUM,disinfecting agents and antiseptics,QUATERNARY AMMONIUM,FULL,,,
ERR12057349,ERR12057349_72068_1,FOSFOMYCIN,phosphonic acid antibiotic,FOSFOMYCIN,FULL,,,
ERR12057349,ERR12057349_79114_2,QUATERNARY AMMONIUM,disinfecting agents and antiseptics,QUATERNARY AMMONIUM,FULL,,,
ERR12057350,ERR12057350_14184_2,AMINOGLYCOSIDE,aminoglycoside antibiotic,AMINOGLYCOSIDE,FULL,,,
ERR12057350,ERR12057350_21535_1,QUATERNARY AMMONIUM,disinfecting agents and antiseptics,QUATERNARY AMMONIUM,FULL,,,
ERR12057350,ERR12057350_26218_2,FOSFOMYCIN,phosphonic acid antibiotic,FOSFOMYCIN,FULL,,,
ERR12057350,ERR12057350_61895_1,QUATERNARY AMMONIUM,disinfecting agents and antiseptics,QUATERNARY AMMONIUM,FULL,,,
ERR12057351,ERR12057351_14366_1,TETRACYCLINE,tetracycline antibiotic,TETRACYCLINE,FULL,,,
ERR12057351,ERR12057351_14366_3,AMINOGLYCOSIDE,aminoglycoside antibiotic,AMINOGLYCOSIDE,FULL,,,
ERR12057351,ERR12057351_14366_4,AMINOGLYCOSIDE,aminoglycoside antibiotic,AMINOGLYCOSIDE,FULL,,,
ERR12057351,ERR12057351_15385_1,AMINOGLYCOSIDE,aminoglycoside antibiotic,AMINOGLYCOSIDE,FULL,,,
ERR12057351,ERR12057351_27829_4,TETRACYCLINE,tetracycline antibiotic,TETRACYCLINE,FULL,,,
ERR12057351,ERR12057351_54360_1,AMINOGLYCOSIDE,aminoglycoside antibiotic,AMINOGLYCOSIDE,FULL,,,
ERR12057352,ERR12057352_1723_1,TETRACYCLINE,tetracycline antibiotic,TETRACYCLINE,FULL,,,
ERR12057352,ERR12057352_70751_1,TRIMETHOPRIM,diaminopyrimidine antibiotic,TRIMETHOPRIM,FULL,,,
ERR12057353,ERR12057353_155495_2,QUATERNARY AMMONIUM,disinfecting agents and antiseptics,QUATERNARY AMMONIUM,FULL,,,
ERR12057355,ERR12057355_43_1,TETRACYCLINE,tetracycline antibiotic,TETRACYCLINE,FULL,,,
ERR12057355,ERR12057355_2514_1,QUATERNARY AMMONIUM,disinfecting agents and antiseptics,QUATERNARY AMMONIUM,FULL,,,
ERR12057355,ERR12057355_3027_3,FOSFOMYCIN,phosphonic acid antibiotic,FOSFOMYCIN,FULL,,,
ERR12057355,ERR12057355_9272_13,MACROLIDE,macrolide antibiotic,MACROLIDE,FULL,,,
ERR12057355,ERR12057355_9272_14,MACROLIDE/STREPTOGRAMIN,macrolide antibiotic; streptogramin antibiotic; streptogramin B antibiotic,MACROLIDE/STREPTOGRAMIN,FULL,,,
ERR12057356,ERR12057356_27436_2,QUATERNARY AMMONIUM,disinfecting agents and antiseptics,QUATERNARY AMMONIUM,FULL,,,
ERR12057356,ERR12057356_65390_1,QUATERNARY AMMONIUM,disinfecting agents and antiseptics,QUATERNARY AMMONIUM,FULL,,,
ERR12057357,ERR12057357_1717_1,QUATERNARY AMMONIUM,disinfecting agents and antiseptics,QUATERNARY AMMONIUM,FULL,,,
ERR12057357,ERR12057357_4764_1,MACROLIDE/STREPTOGRAMIN,macrolide antibiotic; streptogramin antibiotic; streptogramin B antibiotic,MACROLIDE/STREPTOGRAMIN,FULL,,,
ERR12057357,ERR12057357_4764_2,MACROLIDE,macrolide antibiotic,MACROLIDE,FULL,,,
ERR12057357,ERR12057357_53326_2,QUATERNARY AMMONIUM,disinfecting agents and antiseptics,QUATERNARY AMMONIUM,FULL,,,
ERR12057359,ERR12057359_3266_2,QUATERNARY AMMONIUM,disinfecting agents and antiseptics,QUATERNARY AMMONIUM,FULL,,,
ERR12057359,ERR12057359_31701_2,FOSFOMYCIN,phosphonic acid antibiotic,FOSFOMYCIN,FULL,,,
ERR12057359,ERR12057359_178818_1,QUATERNARY AMMONIUM,disinfecting agents and antiseptics,QUATERNARY AMMONIUM,FULL,,,
ERR12057359,ERR12057359_261721_1,QUATERNARY AMMONIUM,disinfecting agents and antiseptics,QUATERNARY AMMONIUM,FULL,,,
ERR12057359,ERR12057359_313994_1,FOSFOMYCIN,phosphonic acid antibiotic,FOSFOMYCIN,FULL,,,
ERR12057363,ERR12057363_527005_1,FOSFOMYCIN,phosphonic acid antibiotic,FOSFOMYCIN,FULL,,,
ERR12057364,ERR12057364_274154_3,FOSFOMYCIN,phosphonic acid antibiotic,FOSFOMYCIN,FULL,,,
ERR12057364,ERR12057364_383090_1,QUATERNARY AMMONIUM,disinfecting agents and antiseptics,QUATERNARY AMMONIUM,FULL,,,
ERR12057365,ERR12057365_3294_1,QUATERNARY AMMONIUM,disinfecting agents and antiseptics,QUATERNARY AMMONIUM,FULL,,,
ERR12057365,ERR12057365_16934_2,FOSFOMYCIN,phosphonic acid antibiotic,FOSFOMYCIN,FULL,,,
ERR12057365,ERR12057365_66060_2,TETRACYCLINE,tetracycline antibiotic,TETRACYCLINE,FULL,,,
ERR12057366,ERR12057366_262827_3,FOSFOMYCIN,phosphonic acid antibiotic,FOSFOMYCIN,FULL,,,
ERR12057366,ERR12057366_353637_1,QUATERNARY AMMONIUM,disinfecting agents and antiseptics,QUATERNARY AMMONIUM,FULL,,,
ERR12057366,ERR12057366_403174_1,QUATERNARY AMMONIUM,disinfecting agents and antiseptics,QUATERNARY AMMONIUM,FULL,,,
ERR12057367,ERR12057367_137558_3,FOSFOMYCIN,phosphonic acid antibiotic,FOSFOMYCIN,FULL,,,
ERR12057367,ERR12057367_152889_1,QUATERNARY AMMONIUM,disinfecting agents and antiseptics,QUATERNARY AMMONIUM,FULL,,,
ERR12057367,ERR12057367_333757_1,QUATERNARY AMMONIUM,disinfecting agents and antiseptics,QUATERNARY AMMONIUM,FULL,,,
ERR12057368,ERR12057368_341150_1,QUATERNARY AMMONIUM,disinfecting agents and antiseptics,QUATERNARY AMMONIUM,FULL,,,
ERR12057368,ERR12057368_341341_2,FOSFOMYCIN,phosphonic acid antibiotic,FOSFOMYCIN,FULL,,,
ERR12057369,ERR12057369_290651_1,FOSFOMYCIN,phosphonic acid antibiotic,FOSFOMYCIN,FULL,,,
ERR12057370,ERR12057370_13910_2,LINCOSAMIDE/MACROLIDE/STREPTOGRAMIN,macrolide antibiotic; lincosamide antibiotic; streptogramin antibiotic; streptogramin A antibiotic; streptogramin B antibiotic,LINCOSAMIDE/MACROLIDE/STREPTOGRAMIN,FULL,,,
ERR12057370,ERR12057370_21861_4,AMINOGLYCOSIDE,aminoglycoside antibiotic,AMINOGLYCOSIDE,FULL,,,
ERR12057370,ERR12057370_21861_5,STREPTOTHRICIN,nucleoside antibiotic,STREPTOTHRICIN,FULL,,,
ERR12057370,ERR12057370_21861_6,AMINOGLYCOSIDE,aminoglycoside antibiotic,AMINOGLYCOSIDE,FULL,,,
ERR12057370,ERR12057370_31534_3,FOSFOMYCIN,phosphonic acid antibiotic,FOSFOMYCIN,FULL,,,
ERR12057370,ERR12057370_314659_1,TETRACYCLINE,tetracycline antibiotic,TETRACYCLINE,FULL,,,
ERR12057371,ERR12057371_180327_1,FOSFOMYCIN,phosphonic acid antibiotic,FOSFOMYCIN,FULL,,,
ERR12057372,ERR12057372_76753_1,PHENICOL,phenicol antibiotic,PHENICOL,FULL,,,
ERR12057372,ERR12057372_118141_1,QUATERNARY AMMONIUM,disinfecting agents and antiseptics,QUATERNARY AMMONIUM,FULL,,,
ERR12057372,ERR12057372_123929_1,FOSFOMYCIN,phosphonic acid antibiotic,FOSFOMYCIN,FULL,,,
ERR12057373,ERR12057373_48817_1,QUATERNARY AMMONIUM,disinfecting agents and antiseptics,QUATERNARY AMMONIUM,FULL,,,
ERR12057373,ERR12057373_88059_1,QUATERNARY AMMONIUM,disinfecting agents and antiseptics,QUATERNARY AMMONIUM,FULL,,,
ERR12057374,ERR12057374_155813_1,FOSFOMYCIN,phosphonic acid antibiotic,FOSFOMYCIN,FULL,,,
ERR12057375,ERR12057375_18382_1,BETA-LACTAM,penicillin beta-lactam,BETA-LACTAM,FULL,,,
ERR12057375,ERR12057375_31467_1,QUATERNARY AMMONIUM,disinfecting agents and antiseptics,QUATERNARY AMMONIUM,FULL,,,
ERR12057375,ERR12057375_263999_1,TETRACYCLINE,tetracycline antibiotic,TETRACYCLINE,FULL,,,
ERR12057375,ERR12057375_347370_1,PHENICOL,phenicol antibiotic,PHENICOL,FULL,,,
ERR12057376,ERR12057376_33665_1,TETRACYCLINE,tetracycline antibiotic,TETRACYCLINE,FULL,,,
ERR12057376,ERR12057376_80816_1,PHENICOL,phenicol antibiotic,PHENICOL,FULL,,,
ERR12057376,ERR12057376_131993_1,TETRACYCLINE,tetracycline antibiotic,TETRACYCLINE,FULL,,,
ERR12057377,ERR12057377_9215_2,FOSFOMYCIN,phosphonic acid antibiotic,FOSFOMYCIN,FULL,,,
ERR12057377,ERR12057377_104386_1,QUATERNARY AMMONIUM,disinfecting agents and antiseptics,QUATERNARY AMMONIUM,FULL,,,
ERR12057378,ERR12057378_3016_1,FOSFOMYCIN,phosphonic acid antibiotic,FOSFOMYCIN,FULL,,,
ERR12057378,ERR12057378_61265_1,QUATERNARY AMMONIUM,disinfecting agents and antiseptics,QUATERNARY AMMONIUM,FULL,,,
ERR12057378,ERR12057378_83353_1,AMINOGLYCOSIDE,aminoglycoside antibiotic,AMINOGLYCOSIDE,FULL,,,
ERR12057378,ERR12057378_83353_2,AMINOGLYCOSIDE,aminoglycoside antibiotic,AMINOGLYCOSIDE,FULL,,,
ERR12057380,ERR12057380_1050_1,TETRACYCLINE,tetracycline antibiotic,TETRACYCLINE,FULL,,,
ERR12057380,ERR12057380_2891_2,MACROLIDE/STREPTOGRAMIN,macrolide antibiotic; streptogramin antibiotic; streptogramin B antibiotic,MACROLIDE/STREPTOGRAMIN,FULL,,,
ERR12057380,ERR12057380_26886_2,STREPTOTHRICIN,nucleoside antibiotic,STREPTOTHRICIN,FULL,,,
ERR12057380,ERR12057380_26886_3,AMINOGLYCOSIDE,aminoglycoside antibiotic,AMINOGLYCOSIDE,FULL,,,
ERR12057380,ERR12057380_52185_1,TETRACYCLINE,tetracycline antibiotic,TETRACYCLINE,FULL,,,
ERR12057380,ERR12057380_80362_1,QUATERNARY AMMONIUM,disinfecting agents and antiseptics,QUATERNARY AMMONIUM,FULL,,,
ERR12057380,ERR12057380_126789_1,QUATERNARY AMMONIUM,disinfecting agents and antiseptics,QUATERNARY AMMONIUM,FULL,,,
ERR12057380,ERR12057380_197026_2,QUATERNARY AMMONIUM,disinfecting agents and antiseptics,QUATERNARY AMMONIUM,FULL,,,
ERR12057380,ERR12057380_376025_1,FOSFOMYCIN,phosphonic acid antibiotic,FOSFOMYCIN,FULL,,,
ERR12057381,ERR12057381_39787_3,BETA-LACTAM,penicillin beta-lactam,BETA-LACTAM,FULL,,,
ERR12057381,ERR12057381_131173_1,QUATERNARY AMMONIUM,disinfecting agents and antiseptics,QUATERNARY AMMONIUM,FULL,,,
ERR12057381,ERR12057381_543516_1,QUATERNARY AMMONIUM,disinfecting agents and antiseptics,QUATERNARY AMMONIUM,FULL,,,
ERR12057382,ERR12057382_41978_1,FOSFOMYCIN,phosphonic acid antibiotic,FOSFOMYCIN,FULL,,,
ERR12057382,ERR12057382_159165_1,QUATERNARY AMMONIUM,disinfecting agents and antiseptics,QUATERNARY AMMONIUM,FULL,,,
ERR12057383,ERR12057383_89580_3,FOSFOMYCIN,phosphonic acid antibiotic,FOSFOMYCIN,FULL,,,
ERR12057383,ERR12057383_92478_2,TETRACYCLINE,tetracycline antibiotic,TETRACYCLINE,FULL,,,
ERR12057383,ERR12057383_135750_1,QUATERNARY AMMONIUM,disinfecting agents and antiseptics,QUATERNARY AMMONIUM,FULL,,,
ERR12057384,ERR12057384_296526_1,QUATERNARY AMMONIUM,disinfecting agents and antiseptics,QUATERNARY AMMONIUM,FULL,,,
ERR12057384,ERR12057384_342976_2,FOSFOMYCIN,phosphonic acid antibiotic,FOSFOMYCIN,FULL,,,
ERR12057385,ERR12057385_164310_2,FOSFOMYCIN,phosphonic acid antibiotic,FOSFOMYCIN,FULL,,,
ERR12057385,ERR12057385_200025_1,QUATERNARY AMMONIUM,disinfecting agents and antiseptics,QUATERNARY AMMONIUM,FULL,,,
ERR12057387,ERR12057387_22130_4,TETRACYCLINE,tetracycline antibiotic,TETRACYCLINE,FULL,,,
ERR12057388,ERR12057388_87567_2,FOSFOMYCIN,phosphonic acid antibiotic,FOSFOMYCIN,FULL,,,
ERR12057389,ERR12057389_15305_1,TETRACYCLINE,tetracycline antibiotic,TETRACYCLINE,FULL,,,
ERR12057389,ERR12057389_23085_1,PHENICOL,phenicol antibiotic,PHENICOL,FULL,,,
ERR12057389,ERR12057389_31550_2,FOSFOMYCIN,phosphonic acid antibiotic,FOSFOMYCIN,FULL,,,
ERR12057393,ERR12057393_29958_1,TETRACYCLINE,tetracycline antibiotic,TETRACYCLINE,FULL,,,
ERR12057393,ERR12057393_49239_2,FOSFOMYCIN,phosphonic acid antibiotic,FOSFOMYCIN,FULL,,,
ERR12057393,ERR12057393_70548_2,PHENICOL,phenicol antibiotic,PHENICOL,FULL,,,
ERR12057394,ERR12057394_8759_5,AMINOGLYCOSIDE,aminoglycoside antibiotic,AMINOGLYCOSIDE,FULL,,,
ERR12057394,ERR12057394_8759_6,AMINOGLYCOSIDE,aminoglycoside antibiotic,AMINOGLYCOSIDE,FULL,,,
ERR12057394,ERR12057394_180540_1,TETRACYCLINE,tetracycline antibiotic,TETRACYCLINE,FULL,,,
ERR12057394,ERR12057394_386484_1,PHENICOL,phenicol antibiotic,PHENICOL,FULL,,,
ERR12057394,ERR12057394_420541_1,FOSFOMYCIN,phosphonic acid antibiotic,FOSFOMYCIN,FULL,,,
ERR12057395,ERR12057395_92106_1,MACROLIDE,macrolide antibiotic,MACROLIDE,FULL,,,
ERR12057395,ERR12057395_158610_1,QUATERNARY AMMONIUM,disinfecting agents and antiseptics,QUATERNARY AMMONIUM,FULL,,,
ERR12057396,ERR12057396_207092_2,FOSFOMYCIN,phosphonic acid antibiotic,FOSFOMYCIN,FULL,,,
ERR12057397,ERR12057397_53269_2,FOSFOMYCIN,phosphonic acid antibiotic,FOSFOMYCIN,FULL,,,
ERR12057398,ERR12057398_68435_2,AMINOGLYCOSIDE,aminoglycoside antibiotic,AMINOGLYCOSIDE,FULL,,,
ERR12057398,ERR12057398_68435_3,STREPTOTHRICIN,nucleoside antibiotic,STREPTOTHRICIN,FULL,,,
ERR12057398,ERR12057398_68435_4,AMINOGLYCOSIDE,aminoglycoside antibiotic,AMINOGLYCOSIDE,FULL,,,
ERR12057400,ERR12057400_25512_2,QUATERNARY AMMONIUM,disinfecting agents and antiseptics,QUATERNARY AMMONIUM,FULL,,,
ERR12057400,ERR12057400_46131_1,QUATERNARY AMMONIUM,disinfecting agents and antiseptics,QUATERNARY AMMONIUM,FULL,,,
ERR12057404,ERR12057404_4926_2,AMINOGLYCOSIDE,aminoglycoside antibiotic,AMINOGLYCOSIDE,FULL,,,
ERR12057404,ERR12057404_4926_3,STREPTOTHRICIN,nucleoside antibiotic,STREPTOTHRICIN,FULL,,,
ERR12057404,ERR12057404_4926_4,AMINOGLYCOSIDE,aminoglycoside antibiotic,AMINOGLYCOSIDE,FULL,,,
ERR12057404,ERR12057404_11390_2,TETRACYCLINE,tetracycline antibiotic,TETRACYCLINE,FULL,,,
ERR12057405,ERR12057405_8564_2,AMINOGLYCOSIDE,aminoglycoside antibiotic,AMINOGLYCOSIDE,FULL,,,
ERR12057405,ERR12057405_8564_3,STREPTOTHRICIN,nucleoside antibiotic,STREPTOTHRICIN,FULL,,,
ERR12057405,ERR12057405_8564_4,AMINOGLYCOSIDE,aminoglycoside antibiotic,AMINOGLYCOSIDE,FULL,,,
ERR12057405,ERR12057405_24437_1,TETRACYCLINE,tetracycline antibiotic,TETRACYCLINE,FULL,,,
ERR12057407,ERR12057407_116375_2,QUATERNARY AMMONIUM,disinfecting agents and antiseptics,QUATERNARY AMMONIUM,FULL,,,
ERR12057408,ERR12057408_116_1,TETRACYCLINE,tetracycline antibiotic,TETRACYCLINE,FULL,,,
ERR12057412,ERR12057412_15301_2,AMINOGLYCOSIDE,aminoglycoside antibiotic,AMINOGLYCOSIDE,FULL,,,
ERR12057412,ERR12057412_15301_3,STREPTOTHRICIN,nucleoside antibiotic,STREPTOTHRICIN,FULL,,,
ERR12057412,ERR12057412_15301_4,AMINOGLYCOSIDE,aminoglycoside antibiotic,AMINOGLYCOSIDE,FULL,,,
ERR12057414,ERR12057414_2971_3,AMINOGLYCOSIDE,aminoglycoside antibiotic,AMINOGLYCOSIDE,FULL,,,
ERR12057414,ERR12057414_2971_4,AMINOGLYCOSIDE,aminoglycoside antibiotic,AMINOGLYCOSIDE,FULL,,,
ERR12057415,ERR12057415_10050_1,AMINOGLYCOSIDE,aminoglycoside antibiotic,AMINOGLYCOSIDE,FULL,,,
ERR12057415,ERR12057415_10050_2,AMINOGLYCOSIDE,aminoglycoside antibiotic,AMINOGLYCOSIDE,FULL,,,
ERR12057415,ERR12057415_37419_1,TETRACYCLINE,tetracycline antibiotic,TETRACYCLINE,FULL,,,
ERR12057415,ERR12057415_76260_1,AMINOGLYCOSIDE,aminoglycoside antibiotic,AMINOGLYCOSIDE,FULL,,,
ERR12057420,ERR12057420_391_3,AMINOGLYCOSIDE,aminoglycoside antibiotic,AMINOGLYCOSIDE,FULL,,,
ERR12057420,ERR12057420_391_4,AMINOGLYCOSIDE,aminoglycoside antibiotic,AMINOGLYCOSIDE,FULL,,,
ERR13590170,ERR13590170_704260_2,AMINOGLYCOSIDE,aminoglycoside antibiotic,AMINOGLYCOSIDE,FULL,,,
ERR13737143,ERR13737143_1150_5,SULFONAMIDE,sulfonamide antibiotic,SULFONAMIDE,FULL,,,
ERR13737143,ERR13737143_1150_6,QUATERNARY AMMONIUM,disinfecting agents and antiseptics,QUATERNARY AMMONIUM,FULL,,,
ERR13737143,ERR13737143_1150_7,AMINOGLYCOSIDE,aminoglycoside antibiotic,AMINOGLYCOSIDE,FULL,,,
ERR13737143,ERR13737143_56127_3,LINCOSAMIDE,lincosamide antibiotic,LINCOSAMIDE,FULL,,,
ERR13737167,ERR13737167_915_4,AMINOGLYCOSIDE,aminoglycoside antibiotic,AMINOGLYCOSIDE,FULL,,,
ERR13737167,ERR13737167_2136_2,QUATERNARY AMMONIUM,disinfecting agents and antiseptics,QUATERNARY AMMONIUM,FULL,,,
ERR13737167,ERR13737167_9393_4,SULFONAMIDE,sulfonamide antibiotic,SULFONAMIDE,FULL,,,
ERR13737167,ERR13737167_9393_5,QUATERNARY AMMONIUM,disinfecting agents and antiseptics,QUATERNARY AMMONIUM,FULL,,,
ERR13737167,ERR13737167_12207_3,TETRACYCLINE,tetracycline antibiotic,TETRACYCLINE,FULL,,,
ERR13737167,ERR13737167_12350_1,AMINOGLYCOSIDE,aminoglycoside antibiotic,AMINOGLYCOSIDE,FULL,,,
ERR13737167,ERR13737167_13555_2,SULFONAMIDE,sulfonamide antibiotic,SULFONAMIDE,FULL,,,
ERR13737167,ERR13737167_21086_1,MACROLIDE,macrolide antibiotic,MACROLIDE,FULL,,,
ERR13737167,ERR13737167_21086_2,MACROLIDE/STREPTOGRAMIN,macrolide antibiotic; streptogramin antibiotic,MACROLIDE/STREPTOGRAMIN,FULL,,,
ERR13763359,ERR13763359_20017_1,TETRACYCLINE,tetracycline antibiotic,TETRACYCLINE,FULL,,,
ERR13763384,ERR13763384_1227_2,AMINOGLYCOSIDE,aminoglycoside antibiotic,AMINOGLYCOSIDE,FULL,,,
ERR13763384,ERR13763384_11602_2,PHENICOL,phenicol antibiotic,PHENICOL,FULL,,,
ERR13763384,ERR13763384_82936_1,AMINOGLYCOSIDE,aminoglycoside antibiotic,AMINOGLYCOSIDE,FULL,,,
ERR13763384,ERR13763384_82936_3,AMINOGLYCOSIDE,aminoglycoside antibiotic,AMINOGLYCOSIDE,FULL,,,
ERR13763384,ERR13763384_124383_4,TETRACYCLINE,glycylcycline; tetracycline antibiotic,TETRACYCLINE,FULL,,,
ERR13763384,ERR13763384_237788_1,AMINOGLYCOSIDE,aminoglycoside antibiotic,AMINOGLYCOSIDE,FULL,,,
ERR13763384,ERR13763384_252444_3,BETA-LACTAM,monobactam; cephalosporin; penicillin beta-lactam,BETA-LACTAM,FULL,,,
ERR13763384,ERR13763384_286436_1,BETA-LACTAM,penicillin beta-lactam,BETA-LACTAM,FULL,,,
ERR13763384,ERR13763384_465462_1,QUATERNARY AMMONIUM,disinfecting agents and antiseptics,QUATERNARY AMMONIUM,FULL,,,
ERR13763416,ERR13763416_32617_1,BETA-LACTAM,penicillin beta-lactam,BETA-LACTAM,FULL,,,
ERR13763416,ERR13763416_40764_2,AMINOGLYCOSIDE,aminoglycoside antibiotic,AMINOGLYCOSIDE,FULL,,,
ERR13763416,ERR13763416_40764_3,BETA-LACTAM,monobactam; cephalosporin; penicillin beta-lactam,BETA-LACTAM,FULL,,,
ERR13763416,ERR13763416_60044_2,TETRACYCLINE,tetracycline antibiotic,TETRACYCLINE,FULL,,,
ERR13763416,ERR13763416_64507_1,BETA-LACTAM,carbapenem; penicillin beta-lactam,BETA-LACTAM,FULL,,,
ERR13763416,ERR13763416_82702_1,BETA-LACTAM,penicillin beta-lactam,BETA-LACTAM,FULL,,,
ERR13763416,ERR13763416_107877_1,MACROLIDE,macrolide antibiotic,MACROLIDE,FULL,,,
ERR13763416,ERR13763416_107877_2,MACROLIDE/STREPTOGRAMIN,macrolide antibiotic; streptogramin antibiotic,MACROLIDE/STREPTOGRAMIN,FULL,,,
ERR13763416,ERR13763416_117744_1,LINCOSAMIDE,lincosamide antibiotic,LINCOSAMIDE,FULL,,,
ERR13763416,ERR13763416_117793_2,LINCOSAMIDE/MACROLIDE/STREPTOGRAMIN,macrolide antibiotic; lincosamide antibiotic; streptogramin antibiotic; streptogramin A antibiotic; streptogramin B antibiotic,LINCOSAMIDE/MACROLIDE/STREPTOGRAMIN,FULL,,,
ERR13763416,ERR13763416_120207_1,LINCOSAMIDE/STREPTOGRAMIN,lincosamide antibiotic; streptogramin antibiotic; pleuromutilin antibiotic,LINCOSAMIDE/STREPTOGRAMIN,PARTIAL,,PLEUROMUTILIN,
ERR13763416,ERR13763416_125521_1,AMINOGLYCOSIDE,aminoglycoside antibiotic,AMINOGLYCOSIDE,FULL,,,
ERR13763416,ERR13763416_125521_3,AMINOGLYCOSIDE,aminoglycoside antibiotic,AMINOGLYCOSIDE,FULL,,,
ERR13763416,ERR13763416_140600_2,AMINOGLYCOSIDE,aminoglycoside antibiotic,AMINOGLYCOSIDE,FULL,,,
ERR13763416,ERR13763416_166812_1,TRIMETHOPRIM,diaminopyrimidine antibiotic,TRIMETHOPRIM,FULL,,,
ERR13763416,ERR13763416_168196_1,AMINOGLYCOSIDE,aminoglycoside antibiotic,AMINOGLYCOSIDE,FULL,,,
ERR13763416,ERR13763416_186090_2,STREPTOTHRICIN,nucleoside antibiotic,STREPTOTHRICIN,FULL,,,
ERR13763416,ERR13763416_186090_3,AMINOGLYCOSIDE,aminoglycoside antibiotic,AMINOGLYCOSIDE,FULL,,,
ERR13763416,ERR13763416_203728_1,AMINOGLYCOSIDE,aminoglycoside antibiotic,AMINOGLYCOSIDE,FULL,,,
ERR13763416,ERR13763416_208978_1,LINCOSAMIDE/MACROLIDE/STREPTOGRAMIN,macrolide antibiotic; lincosamide antibiotic; streptogramin antibiotic; streptogramin A antibiotic; streptogramin B antibiotic,LINCOSAMIDE/MACROLIDE/STREPTOGRAMIN,FULL,,,
ERR13763416,ERR13763416_233202_1,TRIMETHOPRIM,diaminopyrimidine antibiotic,TRIMETHOPRIM,FULL,,,
ERR13763416,ERR13763416_237469_2,AMINOGLYCOSIDE,aminoglycoside antibiotic,AMINOGLYCOSIDE,FULL,,,
ERR13763416,ERR13763416_267587_2,AMINOGLYCOSIDE,aminoglycoside antibiotic,AMINOGLYCOSIDE,FULL,,,
ERR13763416,ERR13763416_271365_1,AMINOGLYCOSIDE,aminoglycoside antibiotic,AMINOGLYCOSIDE,FULL,,,
ERR13763416,ERR13763416_315009_2,SULFONAMIDE,sulfonamide antibiotic,SULFONAMIDE,FULL,,,
ERR13763416,ERR13763416_331680_1,LINCOSAMIDE,lincosamide antibiotic,LINCOSAMIDE,FULL,,,
ERR13763416,ERR13763416_375639_1,QUATERNARY AMMONIUM,disinfecting agents and antiseptics,QUATERNARY AMMONIUM,FULL,,,
ERR13763416,ERR13763416_375639_2,SULFONAMIDE,sulfonamide antibiotic,SULFONAMIDE,FULL,,,
ERR13763416,ERR13763416_696394_1,AMINOGLYCOSIDE,aminoglycoside antibiotic,AMINOGLYCOSIDE,FULL,,,
ERR13763433,ERR13763433_15795_2,AMINOGLYCOSIDE,aminoglycoside antibiotic,AMINOGLYCOSIDE,FULL,,,
ERR13763433,ERR13763433_16340_3,TETRACYCLINE,tetracycline antibiotic,TETRACYCLINE,FULL,,,
ERR13763433,ERR13763433_17778_3,AMINOGLYCOSIDE,aminoglycoside antibiotic,AMINOGLYCOSIDE,FULL,,,
ERR13763433,ERR13763433_81711_1,TRIMETHOPRIM,diaminopyrimidine antibiotic,TRIMETHOPRIM,FULL,,,
ERR13763433,ERR13763433_90466_1,AMINOGLYCOSIDE,aminoglycoside antibiotic,AMINOGLYCOSIDE,FULL,,,
ERR13763433,ERR13763433_90466_3,AMINOGLYCOSIDE,aminoglycoside antibiotic,AMINOGLYCOSIDE,FULL,,,
ERR13763433,ERR13763433_96162_1,AMINOGLYCOSIDE,aminoglycoside antibiotic,AMINOGLYCOSIDE,FULL,,,
ERR13763433,ERR13763433_402819_1,BETA-LACTAM,penicillin beta-lactam,BETA-LACTAM,FULL,,,
ERR13763433,ERR13763433_426154_2,LINCOSAMIDE,lincosamide antibiotic,LINCOSAMIDE,FULL,,,
ERR13763451,ERR13763451_148_1,LINCOSAMIDE,lincosamide antibiotic,LINCOSAMIDE,FULL,,,
ERR13763451,ERR13763451_19179_1,LINCOSAMIDE/MACROLIDE/STREPTOGRAMIN,macrolide antibiotic; lincosamide antibiotic; streptogramin antibiotic; streptogramin A antibiotic; streptogramin B antibiotic,LINCOSAMIDE/MACROLIDE/STREPTOGRAMIN,FULL,,,
ERR13763451,ERR13763451_28819_1,TETRACYCLINE,tetracycline antibiotic,TETRACYCLINE,FULL,,,
ERR13763451,ERR13763451_68691_2,PHENICOL,phenicol antibiotic,PHENICOL,FULL,,,
ERR13763452,ERR13763452_2646_1,TETRACYCLINE,tetracycline antibiotic,TETRACYCLINE,FULL,,,
ERR13763452,ERR13763452_7531_1,PHENICOL,phenicol antibiotic,PHENICOL,FULL,,,
ERR13763452,ERR13763452_23787_1,LINCOSAMIDE,lincosamide antibiotic,LINCOSAMIDE,FULL,,,
ERR13763452,ERR13763452_92550_2,LINCOSAMIDE/MACROLIDE/STREPTOGRAMIN,macrolide antibiotic; lincosamide antibiotic; streptogramin antibiotic; streptogramin A antibiotic; streptogramin B antibiotic,LINCOSAMIDE/MACROLIDE/STREPTOGRAMIN,FULL,,,
ERR13865353,ERR13865353_2696_1,AMINOGLYCOSIDE,aminoglycoside antibiotic,AMINOGLYCOSIDE,FULL,,,
ERR13865353,ERR13865353_11734_3,MACROLIDE,macrolide antibiotic,MACROLIDE,FULL,,,
ERR13865353,ERR13865353_46415_2,AMINOGLYCOSIDE,aminoglycoside antibiotic,AMINOGLYCOSIDE,FULL,,,
ERR13865353,ERR13865353_57175_1,QUATERNARY AMMONIUM,disinfecting agents and antiseptics,QUATERNARY AMMONIUM,FULL,,,
ERR13865353,ERR13865353_57175_2,SULFONAMIDE,sulfonamide antibiotic,SULFONAMIDE,FULL,,,
ERR13865353,ERR13865353_57362_1,AMINOGLYCOSIDE,aminoglycoside antibiotic,AMINOGLYCOSIDE,FULL,,,
ERR13865353,ERR13865353_58150_1,BETA-LACTAM,cephalosporin; penicillin beta-lactam,BETA-LACTAM,FULL,,,
ERR13865353,ERR13865353_73075_1,PHENICOL,phenicol antibiotic,PHENICOL,FULL,,,
ERR13865353,ERR13865353_73588_1,AMINOGLYCOSIDE,aminoglycoside antibiotic,AMINOGLYCOSIDE,FULL,,,
ERR13865353,ERR13865353_73588_2,AMINOGLYCOSIDE,aminoglycoside antibiotic,AMINOGLYCOSIDE,FULL,,,
ERR13865353,ERR13865353_74443_3,TETRACYCLINE,tetracycline antibiotic,TETRACYCLINE,FULL,,,
ERR13865353,ERR13865353_218027_1,PHENICOL,phenicol antibiotic,PHENICOL,FULL,,,
ERR13865354,ERR13865354_7929_1,QUATERNARY AMMONIUM,disinfecting agents and antiseptics,QUATERNARY AMMONIUM,FULL,,,
ERR13865354,ERR13865354_7929_2,SULFONAMIDE,sulfonamide antibiotic,SULFONAMIDE,FULL,,,
ERR13865354,ERR13865354_57269_1,BETA-LACTAM,cephalosporin; penicillin beta-lactam,BETA-LACTAM,FULL,,,
ERR13865354,ERR13865354_57269_2,AMINOGLYCOSIDE,aminoglycoside antibiotic,AMINOGLYCOSIDE,FULL,,,
ERR13865354,ERR13865354_83867_1,QUATERNARY AMMONIUM,disinfecting agents and antiseptics,QUATERNARY AMMONIUM,FULL,,,
ERR13865355,ERR13865355_49020_1,SULFONAMIDE,sulfonamide antibiotic,SULFONAMIDE,FULL,,,
ERR13865356,ERR13865356_7544_7,MACROLIDE,macrolide antibiotic,MACROLIDE,FULL,,,
ERR13865356,ERR13865356_47681_5,PHENICOL,phenicol antibiotic,PHENICOL,FULL,,,
ERR13865356,ERR13865356_63574_2,TETRACYCLINE,tetracycline antibiotic,TETRACYCLINE,FULL,,,
ERR13865356,ERR13865356_84511_2,AMINOGLYCOSIDE,aminoglycoside antibiotic,AMINOGLYCOSIDE,FULL,,,
ERR13865356,ERR13865356_87413_1,AMINOGLYCOSIDE,aminoglycoside antibiotic,AMINOGLYCOSIDE,FULL,,,
ERR13865356,ERR13865356_87413_2,TRIMETHOPRIM,diaminopyrimidine antibiotic,TRIMETHOPRIM,FULL,,,
ERR13865356,ERR13865356_87413_3,QUATERNARY AMMONIUM,disinfecting agents and antiseptics,QUATERNARY AMMONIUM,FULL,,,
ERR13865356,ERR13865356_107875_1,BETA-LACTAM,cephalosporin; penicillin beta-lactam,BETA-LACTAM,FULL,,,
ERR13865356,ERR13865356_133032_1,BETA-LACTAM,cephalosporin; penicillin beta-lactam,BETA-LACTAM,FULL,,,
ERR13865356,ERR13865356_133032_2,AMINOGLYCOSIDE,aminoglycoside antibiotic,AMINOGLYCOSIDE,FULL,,,
ERR13865356,ERR13865356_133032_3,TRIMETHOPRIM,diaminopyrimidine antibiotic,TRIMETHOPRIM,FULL,,,
ERR13865356,ERR13865356_205673_1,AMINOGLYCOSIDE,aminoglycoside antibiotic,AMINOGLYCOSIDE,FULL,,,
ERR13865356,ERR13865356_205673_2,AMINOGLYCOSIDE,aminoglycoside antibiotic,AMINOGLYCOSIDE,FULL,,,
ERR13865356,ERR13865356_215723_1,PHENICOL,phenicol antibiotic,PHENICOL,FULL,,,
ERR13865356,ERR13865356_268125_1,QUATERNARY AMMONIUM,disinfecting agents and antiseptics,QUATERNARY AMMONIUM,FULL,,,
ERR13865356,ERR13865356_306361_2,QUATERNARY AMMONIUM,disinfecting agents and antiseptics,QUATERNARY AMMONIUM,FULL,,,
ERR13865357,ERR13865357_5411_5,TRIMETHOPRIM,diaminopyrimidine antibiotic,TRIMETHOPRIM,FULL,,,
ERR13865357,ERR13865357_5411_6,QUATERNARY AMMONIUM,disinfecting agents and antiseptics,QUATERNARY AMMONIUM,FULL,,,
ERR13865357,ERR13865357_5411_7,SULFONAMIDE,sulfonamide antibiotic,SULFONAMIDE,FULL,,,
ERR13865358,ERR13865358_24884_2,TETRACYCLINE,tetracycline antibiotic,TETRACYCLINE,FULL,,,
ERR13865358,ERR13865358_52606_3,TETRACYCLINE,tetracycline antibiotic,TETRACYCLINE,FULL,,,
ERR13865358,ERR13865358_53236_5,TETRACYCLINE,tetracycline antibiotic,TETRACYCLINE,FULL,,,
ERR13865358,ERR13865358_66369_1,PHENICOL,phenicol antibiotic,PHENICOL,FULL,,,
ERR13865358,ERR13865358_74788_1,BETA-LACTAM,penicillin beta-lactam,BETA-LACTAM,FULL,,,
ERR13865358,ERR13865358_79216_1,QUATERNARY AMMONIUM,disinfecting agents and antiseptics,QUATERNARY AMMONIUM,FULL,,,
ERR13865358,ERR13865358_79216_2,SULFONAMIDE,sulfonamide antibiotic,SULFONAMIDE,FULL,,,
ERR13865358,ERR13865358_97373_1,PHENICOL,phenicol antibiotic,PHENICOL,FULL,,,
ERR13865358,ERR13865358_155744_1,PHENICOL,phenicol antibiotic,PHENICOL,FULL,,,
ERR13865358,ERR13865358_194587_1,QUATERNARY AMMONIUM,disinfecting agents and antiseptics,QUATERNARY AMMONIUM,FULL,,,
ERR13865358,ERR13865358_198239_1,TRIMETHOPRIM,diaminopyrimidine antibiotic,TRIMETHOPRIM,FULL,,,
ERR13865358,ERR13865358_214522_2,AMINOGLYCOSIDE,aminoglycoside antibiotic,AMINOGLYCOSIDE,FULL,,,
ERR13865358,ERR13865358_278249_1,BETA-LACTAM,cephalosporin; penicillin beta-lactam,BETA-LACTAM,FULL,,,
ERR13865358,ERR13865358_323577_1,AMINOGLYCOSIDE,aminoglycoside antibiotic,AMINOGLYCOSIDE,FULL,,,
ERR13865358,ERR13865358_367488_1,TRIMETHOPRIM,diaminopyrimidine antibiotic,TRIMETHOPRIM,FULL,,,
ERR13865358,ERR13865358_384273_1,TRIMETHOPRIM,diaminopyrimidine antibiotic,TRIMETHOPRIM,FULL,,,
ERR13865359,ERR13865359_43891_1,QUATERNARY AMMONIUM,disinfecting agents and antiseptics,QUATERNARY AMMONIUM,FULL,,,
ERR13865359,ERR13865359_43891_2,SULFONAMIDE,sulfonamide antibiotic,SULFONAMIDE,FULL,,,
ERR13865360,ERR13865360_5507_1,PHENICOL,phenicol antibiotic,PHENICOL,FULL,,,
ERR13865360,ERR13865360_10566_2,TETRACYCLINE,tetracycline antibiotic,TETRACYCLINE,FULL,,,
ERR13865360,ERR13865360_15177_1,QUATERNARY AMMONIUM,disinfecting agents and antiseptics,QUATERNARY AMMONIUM,FULL,,,
ERR13865360,ERR13865360_15177_2,SULFONAMIDE,sulfonamide antibiotic,SULFONAMIDE,FULL,,,
ERR13865360,ERR13865360_17886_1,BETA-LACTAM,carbapenem; cephalosporin,BETA-LACTAM,FULL,,,
ERR13865360,ERR13865360_25085_1,AMINOGLYCOSIDE,aminoglycoside antibiotic,AMINOGLYCOSIDE,FULL,,,
ERR13865360,ERR13865360_30267_1,TETRACYCLINE,tetracycline antibiotic,TETRACYCLINE,FULL,,,
ERR13865360,ERR13865360_45834_1,AMINOGLYCOSIDE,aminoglycoside antibiotic,AMINOGLYCOSIDE,FULL,,,
ERR13865360,ERR13865360_71333_1,TRIMETHOPRIM,diaminopyrimidine antibiotic,TRIMETHOPRIM,FULL,,,
ERR13865360,ERR13865360_92229_1,BETA-LACTAM,cephalosporin; penicillin beta-lactam,BETA-LACTAM,FULL,,,
ERR13865362,ERR13865362_1555_5,TETRACYCLINE,tetracycline antibiotic,TETRACYCLINE,FULL,,,
ERR13865362,ERR13865362_9845_3,SULFONAMIDE,sulfonamide antibiotic,SULFONAMIDE,FULL,,,
ERR13865362,ERR13865362_9845_4,QUATERNARY AMMONIUM,disinfecting agents and antiseptics,QUATERNARY AMMONIUM,FULL,,,
ERR13865362,ERR13865362_12423_1,QUATERNARY AMMONIUM,disinfecting agents and antiseptics,QUATERNARY AMMONIUM,FULL,,,
ERR13865362,ERR13865362_18945_1,AMINOGLYCOSIDE,aminoglycoside antibiotic,AMINOGLYCOSIDE,FULL,,,
ERR13865362,ERR13865362_18945_2,TRIMETHOPRIM,diaminopyrimidine antibiotic,TRIMETHOPRIM,FULL,,,
ERR13865847,ERR13865847_2841_1,BETA-LACTAM,cephalosporin; penicillin beta-lactam,BETA-LACTAM,FULL,,,
ERR13865847,ERR13865847_2841_2,AMINOGLYCOSIDE,aminoglycoside antibiotic,AMINOGLYCOSIDE,FULL,,,
ERR13865847,ERR13865847_11212_1,PHENICOL,phenicol antibiotic,PHENICOL,FULL,,,
ERR13865847,ERR13865847_14507_3,TETRACYCLINE,tetracycline antibiotic,TETRACYCLINE,FULL,,,
ERR13865847,ERR13865847_15776_2,PHENICOL,phenicol antibiotic,PHENICOL,FULL,,,
ERR13865847,ERR13865847_20862_3,AMINOGLYCOSIDE,aminoglycoside antibiotic,AMINOGLYCOSIDE,FULL,,,
ERR13865847,ERR13865847_20862_4,AMINOGLYCOSIDE,aminoglycoside antibiotic,AMINOGLYCOSIDE,FULL,,,
ERR13865847,ERR13865847_26728_1,TRIMETHOPRIM,diaminopyrimidine antibiotic,TRIMETHOPRIM,FULL,,,
ERR13865847,ERR13865847_26728_2,MACROLIDE,macrolide antibiotic,MACROLIDE,FULL,,,
ERR13865847,ERR13865847_47957_1,AMINOGLYCOSIDE,aminoglycoside antibiotic,AMINOGLYCOSIDE,FULL,,,
ERR13865847,ERR13865847_210525_1,BETA-LACTAM,cephalosporin; penicillin beta-lactam,BETA-LACTAM,FULL,,,
ERR13865847,ERR13865847_232541_1,QUATERNARY AMMONIUM,disinfecting agents and antiseptics,QUATERNARY AMMONIUM,FULL,,,
ERR13865848,ERR13865848_10776_3,TETRACYCLINE,tetracycline antibiotic,TETRACYCLINE,FULL,,,
ERR13865848,ERR13865848_22414_1,AMINOGLYCOSIDE,aminoglycoside antibiotic,AMINOGLYCOSIDE,FULL,,,
ERR13865848,ERR13865848_22414_2,AMINOGLYCOSIDE,aminoglycoside antibiotic,AMINOGLYCOSIDE,FULL,,,
ERR13865848,ERR13865848_91609_1,SULFONAMIDE,sulfonamide antibiotic,SULFONAMIDE,FULL,,,
ERR13865848,ERR13865848_108152_1,PHENICOL,phenicol antibiotic,PHENICOL,FULL,,,
ERR13865848,ERR13865848_109482_1,AMINOGLYCOSIDE,aminoglycoside antibiotic,AMINOGLYCOSIDE,FULL,,,
ERR13865848,ERR13865848_111358_1,AMINOGLYCOSIDE,aminoglycoside antibiotic,AMINOGLYCOSIDE,FULL,,,
ERR13865862,ERR13865862_16122_2,TETRACYCLINE,tetracycline antibiotic,TETRACYCLINE,FULL,,,
ERR13865862,ERR13865862_25127_1,BETA-LACTAM,cephalosporin; penicillin beta-lactam,BETA-LACTAM,FULL,,,
ERR13865862,ERR13865862_25127_2,AMINOGLYCOSIDE,aminoglycoside antibiotic,AMINOGLYCOSIDE,FULL,,,
ERR13865862,ERR13865862_75206_1,SULFONAMIDE,sulfonamide antibiotic,SULFONAMIDE,FULL,,,
ERR13865862,ERR13865862_75206_2,QUATERNARY AMMONIUM,disinfecting agents and antiseptics,QUATERNARY AMMONIUM,FULL,,,
ERR13865862,ERR13865862_100817_2,PHENICOL,phenicol antibiotic,PHENICOL,FULL,,,
ERR13865863,ERR13865863_451_3,SULFONAMIDE,sulfonamide antibiotic,SULFONAMIDE,FULL,,,
ERR13865863,ERR13865863_13262_1,AMINOGLYCOSIDE,aminoglycoside antibiotic,AMINOGLYCOSIDE,FULL,,,
ERR13865863,ERR13865863_13262_2,AMINOGLYCOSIDE,aminoglycoside antibiotic,AMINOGLYCOSIDE,FULL,,,
ERR13865863,ERR13865863_26048_1,AMINOGLYCOSIDE,aminoglycoside antibiotic,AMINOGLYCOSIDE,FULL,,,
ERR13865863,ERR13865863_38709_2,TETRACYCLINE,tetracycline antibiotic,TETRACYCLINE,FULL,,,
ERR13865863,ERR13865863_51639_1,SULFONAMIDE,sulfonamide antibiotic,SULFONAMIDE,FULL,,,
ERR13865863,ERR13865863_73935_1,BETA-LACTAM,cephalosporin; penicillin beta-lactam,BETA-LACTAM,FULL,,,
ERR13865863,ERR13865863_73935_2,AMINOGLYCOSIDE,aminoglycoside antibiotic,AMINOGLYCOSIDE,FULL,,,
ERR13865863,ERR13865863_122056_1,PHENICOL,phenicol antibiotic,PHENICOL,FULL,,,
ERR13865863,ERR13865863_302222_1,LINCOSAMIDE,lincosamide antibiotic,LINCOSAMIDE,FULL,,,
ERR13865877,ERR13865877_796_1,SULFONAMIDE,sulfonamide antibiotic,SULFONAMIDE,FULL,,,
ERR13865877,ERR13865877_15573_3,TETRACYCLINE,tetracycline antibiotic,TETRACYCLINE,FULL,,,
ERR13865877,ERR13865877_48637_1,AMINOGLYCOSIDE,aminoglycoside antibiotic,AMINOGLYCOSIDE,FULL,,,
ERR13865877,ERR13865877_54399_1,AMINOGLYCOSIDE,aminoglycoside antibiotic,AMINOGLYCOSIDE,FULL,,,
ERR13865877,ERR13865877_54399_2,AMINOGLYCOSIDE,aminoglycoside antibiotic,AMINOGLYCOSIDE,FULL,,,
ERR13865878,ERR13865878_2629_2,AMINOGLYCOSIDE,aminoglycoside antibiotic,AMINOGLYCOSIDE,FULL,,,
ERR13865878,ERR13865878_10328_1,AMINOGLYCOSIDE,aminoglycoside antibiotic,AMINOGLYCOSIDE,FULL,,,
ERR13865878,ERR13865878_45870_1,LINCOSAMIDE,lincosamide antibiotic,LINCOSAMIDE,FULL,,,
ERR13865878,ERR13865878_69128_1,PHENICOL,phenicol antibiotic,PHENICOL,FULL,,,
ERR13865878,ERR13865878_98582_3,SULFONAMIDE,sulfonamide antibiotic,SULFONAMIDE,FULL,,,
ERR13865878,ERR13865878_98582_4,QUATERNARY AMMONIUM,disinfecting agents and antiseptics,QUATERNARY AMMONIUM,FULL,,,
ERR13865878,ERR13865878_103581_1,TETRACYCLINE,tetracycline antibiotic,TETRACYCLINE,FULL,,,
ERR13865878,ERR13865878_157183_5,LINCOSAMIDE/STREPTOGRAMIN,lincosamide antibiotic; streptogramin antibiotic; pleuromutilin antibiotic,LINCOSAMIDE/STREPTOGRAMIN,PARTIAL,,PLEUROMUTILIN,
ERR13865878,ERR13865878_175166_1,PHENICOL,phenicol antibiotic,PHENICOL,FULL,,,
ERR13865878,ERR13865878_180662_1,LINCOSAMIDE/MACROLIDE/STREPTOGRAMIN,macrolide antibiotic; lincosamide antibiotic; streptogramin antibiotic; streptogramin A antibiotic; streptogramin B antibiotic,LINCOSAMIDE/MACROLIDE/STREPTOGRAMIN,FULL,,,
ERR13865878,ERR13865878_188578_1,AMINOGLYCOSIDE,aminoglycoside antibiotic,AMINOGLYCOSIDE,FULL,,,
ERR13865878,ERR13865878_189538_1,AMINOGLYCOSIDE,aminoglycoside antibiotic,AMINOGLYCOSIDE,FULL,,,
ERR13865878,ERR13865878_199741_2,AMINOGLYCOSIDE,aminoglycoside antibiotic,AMINOGLYCOSIDE,FULL,,,
ERR13865878,ERR13865878_199741_3,AMINOGLYCOSIDE,aminoglycoside antibiotic,AMINOGLYCOSIDE,FULL,,,
ERR13865878,ERR13865878_202794_1,QUATERNARY AMMONIUM,disinfecting agents and antiseptics,QUATERNARY AMMONIUM,FULL,,,
ERR13865878,ERR13865878_229556_1,AMINOGLYCOSIDE,aminoglycoside antibiotic,AMINOGLYCOSIDE,FULL,,,
ERR13865878,ERR13865878_229556_2,TRIMETHOPRIM,diaminopyrimidine antibiotic,TRIMETHOPRIM,FULL,,,
ERR13865878,ERR13865878_239417_1,AMINOGLYCOSIDE,aminoglycoside antibiotic,AMINOGLYCOSIDE,FULL,,,
ERR13865878,ERR13865878_317567_1,TRIMETHOPRIM,diaminopyrimidine antibiotic,TRIMETHOPRIM,FULL,,,
ERR13865878,ERR13865878_331971_1,TRIMETHOPRIM,diaminopyrimidine antibiotic,TRIMETHOPRIM,FULL,,,
ERR13865878,ERR13865878_353363_2,AMINOGLYCOSIDE,aminoglycoside antibiotic,AMINOGLYCOSIDE,FULL,,,
ERR13865878,ERR13865878_473014_1,LINCOSAMIDE/MACROLIDE/STREPTOGRAMIN,macrolide antibiotic; lincosamide antibiotic; streptogramin antibiotic; streptogramin A antibiotic; streptogramin B antibiotic,LINCOSAMIDE/MACROLIDE/STREPTOGRAMIN,FULL,,,
ERR13865878,ERR13865878_481104_1,MACROLIDE,macrolide antibiotic,MACROLIDE,FULL,,,
ERR13865895,ERR13865895_11351_3,SULFONAMIDE,sulfonamide antibiotic,SULFONAMIDE,FULL,,,
ERR13865895,ERR13865895_11351_4,QUATERNARY AMMONIUM,disinfecting agents and antiseptics,QUATERNARY AMMONIUM,FULL,,,
ERR13865895,ERR13865895_38205_1,AMINOGLYCOSIDE,aminoglycoside antibiotic,AMINOGLYCOSIDE,FULL,,,
ERR13865896,ERR13865896_14403_3,SULFONAMIDE,sulfonamide antibiotic,SULFONAMIDE,FULL,,,
ERR13865896,ERR13865896_14403_4,QUATERNARY AMMONIUM,disinfecting agents and antiseptics,QUATERNARY AMMONIUM,FULL,,,
ERR13865896,ERR13865896_44602_2,TRIMETHOPRIM,diaminopyrimidine antibiotic,TRIMETHOPRIM,FULL,,,
ERR13865910,ERR13865910_416_2,TETRACYCLINE,tetracycline antibiotic,TETRACYCLINE,FULL,,,
ERR13865910,ERR13865910_4948_2,AMINOGLYCOSIDE,aminoglycoside antibiotic,AMINOGLYCOSIDE,FULL,,,
ERR13865910,ERR13865910_6906_2,TRIMETHOPRIM,diaminopyrimidine antibiotic,TRIMETHOPRIM,FULL,,,
ERR13865910,ERR13865910_7960_1,AMINOGLYCOSIDE,aminoglycoside antibiotic,AMINOGLYCOSIDE,FULL,,,
ERR13865910,ERR13865910_8302_1,AMINOGLYCOSIDE,aminoglycoside antibiotic,AMINOGLYCOSIDE,FULL,,,
ERR13865910,ERR13865910_10458_1,AMINOGLYCOSIDE,aminoglycoside antibiotic,AMINOGLYCOSIDE,FULL,,,
ERR13865910,ERR13865910_16085_1,TETRACYCLINE,tetracycline antibiotic,TETRACYCLINE,FULL,,,
ERR13865910,ERR13865910_20362_1,AMINOGLYCOSIDE,aminoglycoside antibiotic,AMINOGLYCOSIDE,FULL,,,
ERR13865910,ERR13865910_28492_1,BETA-LACTAM,penicillin beta-lactam,BETA-LACTAM,FULL,,,
ERR13865910,ERR13865910_48835_1,MACROLIDE/STREPTOGRAMIN,macrolide antibiotic; streptogramin antibiotic; streptogramin B antibiotic,MACROLIDE/STREPTOGRAMIN,FULL,,,
ERR13865910,ERR13865910_51778_1,AMINOGLYCOSIDE,aminoglycoside antibiotic,AMINOGLYCOSIDE,FULL,,,
ERR13865910,ERR13865910_59334_1,LINCOSAMIDE/MACROLIDE,macrolide antibiotic; lincosamide antibiotic; streptogramin antibiotic; streptogramin A antibiotic; streptogramin B antibiotic,LINCOSAMIDE/MACROLIDE,PARTIAL,,STREPTOGRAMIN,
ERR13865910,ERR13865910_69797_1,FOSFOMYCIN,phosphonic acid antibiotic,FOSFOMYCIN,FULL,,,
ERR13865910,ERR13865910_124279_1,QUATERNARY AMMONIUM,disinfecting agents and antiseptics,QUATERNARY AMMONIUM,FULL,,,
ERR13865910,ERR13865910_124279_2,SULFONAMIDE,sulfonamide antibiotic,SULFONAMIDE,FULL,,,
ERR13865910,ERR13865910_165995_1,PHENICOL,phenicol antibiotic,PHENICOL,FULL,,,
ERR13865910,ERR13865910_169859_2,TRIMETHOPRIM,diaminopyrimidine antibiotic,TRIMETHOPRIM,FULL,,,
ERR13865910,ERR13865910_201611_1,TRIMETHOPRIM,diaminopyrimidine antibiotic,TRIMETHOPRIM,FULL,,,
ERR13865910,ERR13865910_207916_1,LINCOSAMIDE/MACROLIDE/STREPTOGRAMIN,macrolide antibiotic; lincosamide antibiotic; streptogramin antibiotic; streptogramin A antibiotic; streptogramin B antibiotic,LINCOSAMIDE/MACROLIDE/STREPTOGRAMIN,FULL,,,
ERR13865910,ERR13865910_217390_1,TRIMETHOPRIM,diaminopyrimidine antibiotic,TRIMETHOPRIM,FULL,,,
ERR13865910,ERR13865910_217390_2,AMINOGLYCOSIDE,aminoglycoside antibiotic,AMINOGLYCOSIDE,FULL,,,
ERR13865911,ERR13865911_6544_1,AMINOGLYCOSIDE,aminoglycoside antibiotic,AMINOGLYCOSIDE,FULL,,,
ERR13865911,ERR13865911_9099_1,AMINOGLYCOSIDE,aminoglycoside antibiotic,AMINOGLYCOSIDE,FULL,,,
ERR13865911,ERR13865911_9099_2,TRIMETHOPRIM,diaminopyrimidine antibiotic,TRIMETHOPRIM,FULL,,,
ERR13865911,ERR13865911_23471_1,TETRACYCLINE,tetracycline antibiotic,TETRACYCLINE,FULL,,,
ERR13865911,ERR13865911_52661_1,AMINOGLYCOSIDE,aminoglycoside antibiotic,AMINOGLYCOSIDE,FULL,,,
ERR13865911,ERR13865911_76207_1,SULFONAMIDE,sulfonamide antibiotic,SULFONAMIDE,FULL,,,
ERR13865911,ERR13865911_116420_1,TRIMETHOPRIM,diaminopyrimidine antibiotic,TRIMETHOPRIM,FULL,,,
ERR13865911,ERR13865911_118407_1,TETRACYCLINE,tetracycline antibiotic,TETRACYCLINE,FULL,,,
ERR13865911,ERR13865911_126793_1,AMINOGLYCOSIDE,aminoglycoside antibiotic,AMINOGLYCOSIDE,FULL,,,
ERR13865911,ERR13865911_138930_3,LINCOSAMIDE/MACROLIDE/STREPTOGRAMIN,macrolide antibiotic; lincosamide antibiotic; streptogramin antibiotic; streptogramin A antibiotic; streptogramin B antibiotic,LINCOSAMIDE/MACROLIDE/STREPTOGRAMIN,FULL,,,
ERR13865911,ERR13865911_206617_1,BETA-LACTAM,penicillin beta-lactam,BETA-LACTAM,FULL,,,
ERR13865911,ERR13865911_211849_1,LINCOSAMIDE/MACROLIDE/STREPTOGRAMIN,macrolide antibiotic; lincosamide antibiotic; streptogramin antibiotic; streptogramin B antibiotic,LINCOSAMIDE/MACROLIDE/STREPTOGRAMIN,FULL,,,
ERR13865911,ERR13865911_221694_1,SULFONAMIDE,sulfonamide antibiotic,SULFONAMIDE,FULL,,,
ERR13865911,ERR13865911_248075_1,LINCOSAMIDE,lincosamide antibiotic,LINCOSAMIDE,FULL,,,
ERR13865911,ERR13865911_277957_1,MACROLIDE/STREPTOGRAMIN,macrolide antibiotic; streptogramin antibiotic; streptogramin B antibiotic,MACROLIDE/STREPTOGRAMIN,FULL,,,
ERR13865911,ERR13865911_300764_1,TRIMETHOPRIM,diaminopyrimidine antibiotic,TRIMETHOPRIM,FULL,,,
ERR13865911,ERR13865911_333307_2,AMINOGLYCOSIDE,aminoglycoside antibiotic,AMINOGLYCOSIDE,FULL,,,
ERR13865911,ERR13865911_333307_3,AMINOGLYCOSIDE,aminoglycoside antibiotic,AMINOGLYCOSIDE,FULL,,,
ERR13865911,ERR13865911_366243_1,AMINOGLYCOSIDE,aminoglycoside antibiotic,AMINOGLYCOSIDE,FULL,,,
ERR13865911,ERR13865911_378158_1,FOSFOMYCIN,phosphonic acid antibiotic,FOSFOMYCIN,FULL,,,
ERR13865911,ERR13865911_425122_1,TETRACYCLINE,tetracycline antibiotic,TETRACYCLINE,FULL,,,
ERR13865911,ERR13865911_435599_1,AMINOGLYCOSIDE,aminoglycoside antibiotic,AMINOGLYCOSIDE,FULL,,,
ERR13865911,ERR13865911_521228_1,PHENICOL,phenicol antibiotic,PHENICOL,FULL,,,
ERR13865911,ERR13865911_556159_1,TRIMETHOPRIM,diaminopyrimidine antibiotic,TRIMETHOPRIM,FULL,,,
ERR13865926,ERR13865926_97893_1,TRIMETHOPRIM,diaminopyrimidine antibiotic,TRIMETHOPRIM,FULL,,,
ERR13865926,ERR13865926_105839_2,SULFONAMIDE,sulfonamide antibiotic,SULFONAMIDE,FULL,,,
ERR13865926,ERR13865926_109308_1,TRIMETHOPRIM,diaminopyrimidine antibiotic,TRIMETHOPRIM,FULL,,,
ERR13865926,ERR13865926_109308_2,AMINOGLYCOSIDE,aminoglycoside antibiotic,AMINOGLYCOSIDE,FULL,,,
ERR13865926,ERR13865926_142553_1,LINCOSAMIDE/MACROLIDE,macrolide antibiotic; lincosamide antibiotic; streptogramin antibiotic,LINCOSAMIDE/MACROLIDE,PARTIAL,,STREPTOGRAMIN,
ERR13865926,ERR13865926_165105_1,SULFONAMIDE,sulfonamide antibiotic,SULFONAMIDE,FULL,,,
ERR13865926,ERR13865926_187948_2,AMINOGLYCOSIDE,aminoglycoside antibiotic,AMINOGLYCOSIDE,FULL,,,
ERR13865926,ERR13865926_187948_3,AMINOGLYCOSIDE,aminoglycoside antibiotic,AMINOGLYCOSIDE,FULL,,,
ERR13865926,ERR13865926_217358_1,AMINOGLYCOSIDE,aminoglycoside antibiotic,AMINOGLYCOSIDE,FULL,,,
ERR13865926,ERR13865926_249542_2,PHENICOL,phenicol antibiotic,PHENICOL,FULL,,,
ERR13865926,ERR13865926_317824_1,AMINOGLYCOSIDE,aminoglycoside antibiotic,AMINOGLYCOSIDE,FULL,,,
ERR13865926,ERR13865926_330410_1,AMINOGLYCOSIDE,aminoglycoside antibiotic,AMINOGLYCOSIDE,FULL,,,
ERR13865926,ERR13865926_358268_2,TETRACYCLINE,tetracycline antibiotic,TETRACYCLINE,FULL,,,
ERR13865926,ERR13865926_364489_1,LINCOSAMIDE/MACROLIDE,macrolide antibiotic; lincosamide antibiotic; streptogramin antibiotic; streptogramin A antibiotic; streptogramin B antibiotic,LINCOSAMIDE/MACROLIDE,PARTIAL,,STREPTOGRAMIN,
ERR13865926,ERR13865926_400698_1,AMINOGLYCOSIDE,aminoglycoside antibiotic,AMINOGLYCOSIDE,FULL,,,
ERR13865926,ERR13865926_451506_1,TRIMETHOPRIM,diaminopyrimidine antibiotic,TRIMETHOPRIM,FULL,,,
ERR13865926,ERR13865926_621935_1,MACROLIDE/STREPTOGRAMIN,macrolide antibiotic; streptogramin antibiotic; streptogramin B antibiotic,MACROLIDE/STREPTOGRAMIN,FULL,,,
ERR13865926,ERR13865926_643742_2,LINCOSAMIDE/MACROLIDE/STREPTOGRAMIN,macrolide antibiotic; lincosamide antibiotic; streptogramin antibiotic; streptogramin A antibiotic; streptogramin B antibiotic,LINCOSAMIDE/MACROLIDE/STREPTOGRAMIN,FULL,,,
ERR13865926,ERR13865926_676938_1,BETA-LACTAM,penicillin beta-lactam,BETA-LACTAM,FULL,,,
ERR13865927,ERR13865927_2072_1,TETRACYCLINE,tetracycline antibiotic,TETRACYCLINE,FULL,,,
ERR13865927,ERR13865927_8417_1,TETRACYCLINE,tetracycline antibiotic,TETRACYCLINE,FULL,,,
ERR13865927,ERR13865927_14329_1,QUATERNARY AMMONIUM,disinfecting agents and antiseptics,QUATERNARY AMMONIUM,FULL,,,
ERR13865927,ERR13865927_14329_2,SULFONAMIDE,sulfonamide antibiotic,SULFONAMIDE,FULL,,,
ERR13865927,ERR13865927_74464_1,AMINOGLYCOSIDE,aminoglycoside antibiotic,AMINOGLYCOSIDE,FULL,,,
ERR13865927,ERR13865927_74464_2,AMINOGLYCOSIDE,aminoglycoside antibiotic,AMINOGLYCOSIDE,FULL,,,
ERR13865927,ERR13865927_112729_1,PHENICOL,phenicol antibiotic,PHENICOL,FULL,,,
ERR13865927,ERR13865927_117380_1,LINCOSAMIDE/MACROLIDE,macrolide antibiotic; lincosamide antibiotic; streptogramin antibiotic; streptogramin A antibiotic; streptogramin B antibiotic,LINCOSAMIDE/MACROLIDE,PARTIAL,,STREPTOGRAMIN,
ERR13865927,ERR13865927_132550_1,AMINOGLYCOSIDE,aminoglycoside antibiotic,AMINOGLYCOSIDE,FULL,,,
ERR13865927,ERR13865927_132550_2,TRIMETHOPRIM,diaminopyrimidine antibiotic,TRIMETHOPRIM,FULL,,,
ERR13865927,ERR13865927_135931_1,AMINOGLYCOSIDE,aminoglycoside antibiotic,AMINOGLYCOSIDE,FULL,,,
ERR13865927,ERR13865927_309893_2,PHENICOL,phenicol antibiotic,PHENICOL,FULL,,,
ERR13865927,ERR13865927_310838_1,AMINOGLYCOSIDE,aminoglycoside antibiotic,AMINOGLYCOSIDE,FULL,,,
ERR13865927,ERR13865927_315182_1,AMINOGLYCOSIDE,aminoglycoside antibiotic,AMINOGLYCOSIDE,FULL,,,
ERR13865927,ERR13865927_333124_1,TRIMETHOPRIM,diaminopyrimidine antibiotic,TRIMETHOPRIM,FULL,,,
ERR13865927,ERR13865927_347426_1,TRIMETHOPRIM,diaminopyrimidine antibiotic,TRIMETHOPRIM,FULL,,,
ERR13865927,ERR13865927_387182_1,AMINOGLYCOSIDE,aminoglycoside antibiotic,AMINOGLYCOSIDE,FULL,,,
ERR13865927,ERR13865927_399599_1,MACROLIDE/STREPTOGRAMIN,macrolide antibiotic; streptogramin antibiotic; streptogramin B antibiotic,MACROLIDE/STREPTOGRAMIN,FULL,,,
ERR13865927,ERR13865927_420690_2,TETRACYCLINE,tetracycline antibiotic,TETRACYCLINE,FULL,,,
ERR13865927,ERR13865927_441719_1,PHENICOL,phenicol antibiotic,PHENICOL,FULL,,,
ERR13865927,ERR13865927_470658_1,LINCOSAMIDE/MACROLIDE/STREPTOGRAMIN,macrolide antibiotic; lincosamide antibiotic; streptogramin antibiotic; streptogramin A antibiotic; streptogramin B antibiotic,LINCOSAMIDE/MACROLIDE/STREPTOGRAMIN,FULL,,,
ERR13865927,ERR13865927_474161_2,TRIMETHOPRIM,diaminopyrimidine antibiotic,TRIMETHOPRIM,FULL,,,
ERR13865927,ERR13865927_580777_2,BETA-LACTAM,penicillin beta-lactam,BETA-LACTAM,FULL,,,
ERR15089282,ERR15089282_184600_1,LINCOSAMIDE,lincosamide antibiotic,LINCOSAMIDE,FULL,,,
ERR15089283,ERR15089283_31979_1,LINCOSAMIDE,lincosamide antibiotic,LINCOSAMIDE,FULL,,,
ERR15089288,ERR15089288_29643_1,LINCOSAMIDE,lincosamide antibiotic,LINCOSAMIDE,FULL,,,
ERR15089289,ERR15089289_8358_1,LINCOSAMIDE,lincosamide antibiotic,LINCOSAMIDE,FULL,,,
ERR15500825,ERR15500825_211_2,AMINOGLYCOSIDE,aminoglycoside antibiotic,AMINOGLYCOSIDE,FULL,,,
ERR15500829,ERR15500829_118_2,BETA-LACTAM,monobactam; cephalosporin; penicillin beta-lactam,BETA-LACTAM,FULL,,,
ERR15500829,ERR15500829_146_2,AMINOGLYCOSIDE,aminoglycoside antibiotic,AMINOGLYCOSIDE,FULL,,,
ERR15500829,ERR15500829_5576_1,TETRACYCLINE,tetracycline antibiotic,TETRACYCLINE,FULL,,,
ERR15500829,ERR15500829_6532_2,LINCOSAMIDE/MACROLIDE/STREPTOGRAMIN,macrolide antibiotic; lincosamide antibiotic; streptogramin antibiotic; streptogramin A antibiotic; streptogramin B antibiotic,LINCOSAMIDE/MACROLIDE/STREPTOGRAMIN,FULL,,,
ERR15500830,ERR15500830_56_2,LINCOSAMIDE/MACROLIDE/STREPTOGRAMIN,macrolide antibiotic; lincosamide antibiotic; streptogramin antibiotic; streptogramin A antibiotic; streptogramin B antibiotic,LINCOSAMIDE/MACROLIDE/STREPTOGRAMIN,FULL,,,
ERR15500830,ERR15500830_696_2,AMINOGLYCOSIDE,aminoglycoside antibiotic,AMINOGLYCOSIDE,FULL,,,
ERR15500830,ERR15500830_756_1,BETA-LACTAM,monobactam; cephalosporin; penicillin beta-lactam,BETA-LACTAM,FULL,,,
ERR15500830,ERR15500830_1291_1,TETRACYCLINE,tetracycline antibiotic,TETRACYCLINE,FULL,,,
ERR15500832,ERR15500832_1034_2,LINCOSAMIDE/MACROLIDE/STREPTOGRAMIN,macrolide antibiotic; lincosamide antibiotic; streptogramin antibiotic; streptogramin A antibiotic; streptogramin B antibiotic,LINCOSAMIDE/MACROLIDE/STREPTOGRAMIN,FULL,,,
ERR15500832,ERR15500832_1339_2,AMINOGLYCOSIDE,aminoglycoside antibiotic,AMINOGLYCOSIDE,FULL,,,
ERR15500832,ERR15500832_3470_1,TETRACYCLINE,tetracycline antibiotic,TETRACYCLINE,FULL,,,
ERR15500832,ERR15500832_3490_2,BETA-LACTAM,monobactam; cephalosporin; penicillin beta-lactam,BETA-LACTAM,FULL,,,
ERR15500836,ERR15500836_237_1,TETRACYCLINE,tetracycline antibiotic,TETRACYCLINE,FULL,,,
ERR15500836,ERR15500836_1667_2,AMINOGLYCOSIDE,aminoglycoside antibiotic,AMINOGLYCOSIDE,FULL,,,
ERR15500836,ERR15500836_3788_2,LINCOSAMIDE/MACROLIDE/STREPTOGRAMIN,macrolide antibiotic; lincosamide antibiotic; streptogramin antibiotic; streptogramin A antibiotic; streptogramin B antibiotic,LINCOSAMIDE/MACROLIDE/STREPTOGRAMIN,FULL,,,
ERR15500836,ERR15500836_4742_1,BETA-LACTAM,monobactam; cephalosporin; penicillin beta-lactam,BETA-LACTAM,FULL,,,
ERR15500837,ERR15500837_174_1,LINCOSAMIDE/MACROLIDE/STREPTOGRAMIN,macrolide antibiotic; lincosamide antibiotic; streptogramin antibiotic; streptogramin A antibiotic; streptogramin B antibiotic,LINCOSAMIDE/MACROLIDE/STREPTOGRAMIN,FULL,,,
ERR15500837,ERR15500837_4530_2,BETA-LACTAM,monobactam; cephalosporin; penicillin beta-lactam,BETA-LACTAM,FULL,,,
ERR15500837,ERR15500837_6895_1,TETRACYCLINE,tetracycline antibiotic,TETRACYCLINE,FULL,,,
ERR15500837,ERR15500837_11273_2,AMINOGLYCOSIDE,aminoglycoside antibiotic,AMINOGLYCOSIDE,FULL,,,
ERR15500869,ERR15500869_4705_2,LINCOSAMIDE/MACROLIDE/STREPTOGRAMIN,macrolide antibiotic; lincosamide antibiotic; streptogramin antibiotic; streptogramin A antibiotic; streptogramin B antibiotic,LINCOSAMIDE/MACROLIDE/STREPTOGRAMIN,FULL,,,
ERR15501283,ERR15501283_2053_1,LINCOSAMIDE/MACROLIDE/STREPTOGRAMIN,macrolide antibiotic; lincosamide antibiotic; streptogramin antibiotic; streptogramin A antibiotic; streptogramin B antibiotic,LINCOSAMIDE/MACROLIDE/STREPTOGRAMIN,FULL,,,
ERR15501283,ERR15501283_5639_2,BETA-LACTAM,monobactam; cephalosporin; penicillin beta-lactam,BETA-LACTAM,FULL,,,
ERR15501283,ERR15501283_6062_1,TETRACYCLINE,tetracycline antibiotic,TETRACYCLINE,FULL,,,
ERR15501283,ERR15501283_6156_2,AMINOGLYCOSIDE,aminoglycoside antibiotic,AMINOGLYCOSIDE,FULL,,,
ERR15501293,ERR15501293_160_2,BETA-LACTAM,monobactam; cephalosporin; penicillin beta-lactam,BETA-LACTAM,FULL,,,
ERR15501293,ERR15501293_195_1,LINCOSAMIDE/MACROLIDE/STREPTOGRAMIN,macrolide antibiotic; lincosamide antibiotic; streptogramin antibiotic; streptogramin A antibiotic; streptogramin B antibiotic,LINCOSAMIDE/MACROLIDE/STREPTOGRAMIN,FULL,,,
ERR15501293,ERR15501293_238_1,TETRACYCLINE,tetracycline antibiotic,TETRACYCLINE,FULL,,,
ERR15501293,ERR15501293_259_2,AMINOGLYCOSIDE,aminoglycoside antibiotic,AMINOGLYCOSIDE,FULL,,,
ERR15501294,ERR15501294_90_1,TETRACYCLINE,tetracycline antibiotic,TETRACYCLINE,FULL,,,
ERR15501294,ERR15501294_144_2,AMINOGLYCOSIDE,aminoglycoside antibiotic,AMINOGLYCOSIDE,FULL,,,
ERR15501294,ERR15501294_202_2,BETA-LACTAM,monobactam; cephalosporin; penicillin beta-lactam,BETA-LACTAM,FULL,,,
ERR15501294,ERR15501294_213_1,LINCOSAMIDE/MACROLIDE/STREPTOGRAMIN,macrolide antibiotic; lincosamide antibiotic; streptogramin antibiotic; streptogramin A antibiotic; streptogramin B antibiotic,LINCOSAMIDE/MACROLIDE/STREPTOGRAMIN,FULL,,,
ERR15501295,ERR15501295_46_2,BETA-LACTAM,monobactam; cephalosporin; penicillin beta-lactam,BETA-LACTAM,FULL,,,
ERR15501295,ERR15501295_249_2,AMINOGLYCOSIDE,aminoglycoside antibiotic,AMINOGLYCOSIDE,FULL,,,
ERR15501295,ERR15501295_352_1,TETRACYCLINE,tetracycline antibiotic,TETRACYCLINE,FULL,,,
ERR15501295,ERR15501295_488_1,LINCOSAMIDE/MACROLIDE/STREPTOGRAMIN,macrolide antibiotic; lincosamide antibiotic; streptogramin antibiotic; streptogramin A antibiotic; streptogramin B antibiotic,LINCOSAMIDE/MACROLIDE/STREPTOGRAMIN,FULL,,,
ERR15501297,ERR15501297_49_1,BETA-LACTAM,monobactam; cephalosporin; penicillin beta-lactam,BETA-LACTAM,FULL,,,
ERR15501297,ERR15501297_537_2,LINCOSAMIDE/MACROLIDE/STREPTOGRAMIN,macrolide antibiotic; lincosamide antibiotic; streptogramin antibiotic; streptogramin A antibiotic; streptogramin B antibiotic,LINCOSAMIDE/MACROLIDE/STREPTOGRAMIN,FULL,,,
ERR15501297,ERR15501297_572_2,AMINOGLYCOSIDE,aminoglycoside antibiotic,AMINOGLYCOSIDE,FULL,,,
ERR15501297,ERR15501297_1128_1,TETRACYCLINE,tetracycline antibiotic,TETRACYCLINE,FULL,,,
ERR15501298,ERR15501298_245_1,TETRACYCLINE,tetracycline antibiotic,TETRACYCLINE,FULL,,,
ERR15501298,ERR15501298_2599_1,BETA-LACTAM,monobactam; cephalosporin; penicillin beta-lactam,BETA-LACTAM,FULL,,,
ERR15501298,ERR15501298_4574_2,LINCOSAMIDE/MACROLIDE/STREPTOGRAMIN,macrolide antibiotic; lincosamide antibiotic; streptogramin antibiotic; streptogramin A antibiotic; streptogramin B antibiotic,LINCOSAMIDE/MACROLIDE/STREPTOGRAMIN,FULL,,,
ERR15501298,ERR15501298_11946_2,AMINOGLYCOSIDE,aminoglycoside antibiotic,AMINOGLYCOSIDE,FULL,,,
ERR1869528,ERR1869528_6478_3,SULFONAMIDE,sulfonamide antibiotic,SULFONAMIDE,FULL,,,
ERR1869528,ERR1869528_20796_1,AMINOGLYCOSIDE,aminoglycoside antibiotic,AMINOGLYCOSIDE,FULL,,,
ERR1869528,ERR1869528_44044_5,AMINOGLYCOSIDE,aminoglycoside antibiotic,AMINOGLYCOSIDE,FULL,,,
ERR1869528,ERR1869528_44044_6,AMINOGLYCOSIDE,aminoglycoside antibiotic,AMINOGLYCOSIDE,FULL,,,
ERR1869528,ERR1869528_160760_2,BETA-LACTAM,monobactam; cephalosporin; penicillin beta-lactam,BETA-LACTAM,FULL,,,
ERR2014805,ERR2014805_5189_2,TETRACYCLINE,tetracycline antibiotic,TETRACYCLINE,FULL,,,
ERR2014805,ERR2014805_5317_4,TETRACYCLINE,tetracycline antibiotic,TETRACYCLINE,FULL,,,
ERR2014805,ERR2014805_7626_1,BETA-LACTAM,monobactam; cephalosporin; penicillin beta-lactam,BETA-LACTAM,FULL,,,
ERR2014806,ERR2014806_2517_1,BETA-LACTAM,monobactam; cephalosporin; penicillin beta-lactam,BETA-LACTAM,FULL,,,
ERR2014806,ERR2014806_4044_2,TETRACYCLINE,tetracycline antibiotic,TETRACYCLINE,FULL,,,
ERR2014806,ERR2014806_12276_2,TETRACYCLINE,tetracycline antibiotic,TETRACYCLINE,FULL,,,
ERR2014806,ERR2014806_19294_1,PHENICOL,phenicol antibiotic,PHENICOL,FULL,,,
ERR2014806,ERR2014806_34180_2,TETRACYCLINE,tetracycline antibiotic,TETRACYCLINE,FULL,,,
ERR2014807,ERR2014807_2087_3,TETRACYCLINE,tetracycline antibiotic,TETRACYCLINE,FULL,,,
ERR2014807,ERR2014807_2178_3,TETRACYCLINE,tetracycline antibiotic,TETRACYCLINE,FULL,,,
ERR2014807,ERR2014807_2761_2,AMINOGLYCOSIDE,aminoglycoside antibiotic,AMINOGLYCOSIDE,FULL,,,
ERR2014807,ERR2014807_5854_2,TETRACYCLINE,tetracycline antibiotic,TETRACYCLINE,FULL,,,
ERR2014807,ERR2014807_6932_1,BETA-LACTAM,monobactam; cephalosporin; penicillin beta-lactam,BETA-LACTAM,FULL,,,
ERR2014807,ERR2014807_17579_1,TRIMETHOPRIM,diaminopyrimidine antibiotic,TRIMETHOPRIM,FULL,,,
ERR2014808,ERR2014808_512_1,BETA-LACTAM,monobactam; cephalosporin; penicillin beta-lactam,BETA-LACTAM,FULL,,,
ERR2014808,ERR2014808_3309_1,TETRACYCLINE,tetracycline antibiotic,TETRACYCLINE,FULL,,,
ERR2014808,ERR2014808_5459_1,TETRACYCLINE,tetracycline antibiotic,TETRACYCLINE,FULL,,,
ERR2014809,ERR2014809_232_1,BETA-LACTAM,monobactam; cephalosporin; penicillin beta-lactam,BETA-LACTAM,FULL,,,
ERR2014809,ERR2014809_4534_1,TETRACYCLINE,tetracycline antibiotic,TETRACYCLINE,FULL,,,
ERR2014811,ERR2014811_427_1,BETA-LACTAM,monobactam; cephalosporin; penicillin beta-lactam,BETA-LACTAM,FULL,,,
ERR2014811,ERR2014811_4524_2,TETRACYCLINE,tetracycline antibiotic,TETRACYCLINE,FULL,,,
ERR2014812,ERR2014812_291_2,TETRACYCLINE,tetracycline antibiotic,TETRACYCLINE,FULL,,,
ERR2014812,ERR2014812_1151_1,BETA-LACTAM,monobactam; cephalosporin; penicillin beta-lactam,BETA-LACTAM,FULL,,,
ERR2014812,ERR2014812_10027_3,TETRACYCLINE,tetracycline antibiotic,TETRACYCLINE,FULL,,,
ERR2014814,ERR2014814_3311_1,TETRACYCLINE,tetracycline antibiotic,TETRACYCLINE,FULL,,,
ERR2014814,ERR2014814_7369_1,BETA-LACTAM,monobactam; cephalosporin; penicillin beta-lactam,BETA-LACTAM,FULL,,,
ERR2212268,ERR2212268_33181_1,QUATERNARY AMMONIUM,disinfecting agents and antiseptics,QUATERNARY AMMONIUM,FULL,,,
ERR2212269,ERR2212269_448_1,TETRACYCLINE,tetracycline antibiotic,TETRACYCLINE,FULL,,,
ERR2212269,ERR2212269_9052_1,QUATERNARY AMMONIUM,disinfecting agents and antiseptics,QUATERNARY AMMONIUM,FULL,,,
ERR2212270,ERR2212270_8444_1,QUATERNARY AMMONIUM,disinfecting agents and antiseptics,QUATERNARY AMMONIUM,FULL,,,
ERR2212270,ERR2212270_18234_1,TETRACYCLINE,tetracycline antibiotic,TETRACYCLINE,FULL,,,
ERR2212273,ERR2212273_6942_1,QUATERNARY AMMONIUM,disinfecting agents and antiseptics,QUATERNARY AMMONIUM,FULL,,,
ERR2212274,ERR2212274_2504_1,TETRACYCLINE,tetracycline antibiotic,TETRACYCLINE,FULL,,,
ERR2212275,ERR2212275_687_1,TETRACYCLINE,tetracycline antibiotic,TETRACYCLINE,FULL,,,
ERR2212276,ERR2212276_459_1,TETRACYCLINE,tetracycline antibiotic,TETRACYCLINE,FULL,,,
ERR2212277,ERR2212277_2645_1,QUATERNARY AMMONIUM,disinfecting agents and antiseptics,QUATERNARY AMMONIUM,FULL,,,
ERR2212278,ERR2212278_5464_1,QUATERNARY AMMONIUM,disinfecting agents and antiseptics,QUATERNARY AMMONIUM,FULL,,,
ERR2212278,ERR2212278_5511_1,TETRACYCLINE,tetracycline antibiotic,TETRACYCLINE,FULL,,,
ERR2212280,ERR2212280_705_1,QUATERNARY AMMONIUM,disinfecting agents and antiseptics,QUATERNARY AMMONIUM,FULL,,,
ERR2212281,ERR2212281_7941_1,QUATERNARY AMMONIUM,disinfecting agents and antiseptics,QUATERNARY AMMONIUM,FULL,,,
ERR2212281,ERR2212281_9383_1,TETRACYCLINE,tetracycline antibiotic,TETRACYCLINE,FULL,,,
ERR2212282,ERR2212282_44757_1,QUATERNARY AMMONIUM,disinfecting agents and antiseptics,QUATERNARY AMMONIUM,FULL,,,
ERR2212282,ERR2212282_49201_1,TETRACYCLINE,tetracycline antibiotic,TETRACYCLINE,FULL,,,
ERR2212284,ERR2212284_1949_1,QUATERNARY AMMONIUM,disinfecting agents and antiseptics,QUATERNARY AMMONIUM,FULL,,,
ERR2212285,ERR2212285_24083_1,QUATERNARY AMMONIUM,disinfecting agents and antiseptics,QUATERNARY AMMONIUM,FULL,,,
ERR2212286,ERR2212286_20053_1,QUATERNARY AMMONIUM,disinfecting agents and antiseptics,QUATERNARY AMMONIUM,FULL,,,
ERR2212287,ERR2212287_826_1,TETRACYCLINE,tetracycline antibiotic,TETRACYCLINE,FULL,,,
ERR2212289,ERR2212289_2078_1,TETRACYCLINE,tetracycline antibiotic,TETRACYCLINE,FULL,,,
ERR2212289,ERR2212289_9408_1,QUATERNARY AMMONIUM,disinfecting agents and antiseptics,QUATERNARY AMMONIUM,FULL,,,
ERR2212290,ERR2212290_78059_1,QUATERNARY AMMONIUM,disinfecting agents and antiseptics,QUATERNARY AMMONIUM,FULL,,,
ERR2212292,ERR2212292_2809_2,FOSFOMYCIN,phosphonic acid antibiotic,FOSFOMYCIN,FULL,,,
ERR2212292,ERR2212292_3165_2,TETRACYCLINE,tetracycline antibiotic,TETRACYCLINE,FULL,,,
ERR2212292,ERR2212292_22928_1,TETRACYCLINE,tetracycline antibiotic,TETRACYCLINE,FULL,,,
ERR2212293,ERR2212293_241_2,TETRACYCLINE,tetracycline antibiotic,TETRACYCLINE,FULL,,,
ERR2212294,ERR2212294_14969_2,FOSFOMYCIN,phosphonic acid antibiotic,FOSFOMYCIN,FULL,,,
ERR2212294,ERR2212294_18506_2,TETRACYCLINE,tetracycline antibiotic,TETRACYCLINE,FULL,,,
ERR2212295,ERR2212295_61_1,TETRACYCLINE,tetracycline antibiotic,TETRACYCLINE,FULL,,,
ERR2212296,ERR2212296_5459_2,TETRACYCLINE,tetracycline antibiotic,TETRACYCLINE,FULL,,,
ERR2212297,ERR2212297_11234_2,TETRACYCLINE,tetracycline antibiotic,TETRACYCLINE,FULL,,,
ERR2212298,ERR2212298_2803_2,TETRACYCLINE,tetracycline antibiotic,TETRACYCLINE,FULL,,,
ERR2212300,ERR2212300_963_2,TETRACYCLINE,tetracycline antibiotic,TETRACYCLINE,FULL,,,
ERR2212300,ERR2212300_18403_1,FOSFOMYCIN,phosphonic acid antibiotic,FOSFOMYCIN,FULL,,,
ERR2212302,ERR2212302_26696_1,FOSFOMYCIN,phosphonic acid antibiotic,FOSFOMYCIN,FULL,,,
ERR2212302,ERR2212302_26761_1,TETRACYCLINE,tetracycline antibiotic,TETRACYCLINE,FULL,,,
ERR2231568,ERR2231568_10179_4,TETRACYCLINE,tetracycline antibiotic,TETRACYCLINE,FULL,,,
ERR2231568,ERR2231568_676220_1,BETA-LACTAM,cephalosporin,BETA-LACTAM,FULL,,,
ERR2231571,ERR2231571_142833_1,LINCOSAMIDE,lincosamide antibiotic,LINCOSAMIDE,FULL,,,
ERR2231571,ERR2231571_157944_1,TETRACYCLINE,tetracycline antibiotic,TETRACYCLINE,FULL,,,
ERR2231572,ERR2231572_17191_2,LINCOSAMIDE,lincosamide antibiotic,LINCOSAMIDE,FULL,,,
ERR2231572,ERR2231572_139398_2,TETRACYCLINE,tetracycline antibiotic,TETRACYCLINE,FULL,,,
ERR3094542,ERR3094542_89531_1,BETA-LACTAM,monobactam; cephalosporin; penicillin beta-lactam,BETA-LACTAM,FULL,,,
ERR3094546,ERR3094546_113926_1,BETA-LACTAM,monobactam; cephalosporin; penicillin beta-lactam,BETA-LACTAM,FULL,,,
ERR3143461,ERR3143461_4017_2,AMINOGLYCOSIDE,aminoglycoside antibiotic,AMINOGLYCOSIDE,FULL,,,
ERR3143462,ERR3143462_8763_3,AMINOGLYCOSIDE,aminoglycoside antibiotic,AMINOGLYCOSIDE,FULL,,,
ERR3143468,ERR3143468_11648_2,AMINOGLYCOSIDE,aminoglycoside antibiotic,AMINOGLYCOSIDE,FULL,,,
ERR3143469,ERR3143469_1915_1,MACROLIDE,macrolide antibiotic,MACROLIDE,FULL,,,
ERR3143469,ERR3143469_12404_2,AMINOGLYCOSIDE,aminoglycoside antibiotic,AMINOGLYCOSIDE,FULL,,,
ERR3143469,ERR3143469_36683_1,MACROLIDE/STREPTOGRAMIN,macrolide antibiotic; streptogramin antibiotic,MACROLIDE/STREPTOGRAMIN,FULL,,,
ERR3143473,ERR3143473_59127_1,AMINOGLYCOSIDE,aminoglycoside antibiotic,AMINOGLYCOSIDE,FULL,,,
ERR3143475,ERR3143475_102724_1,AMINOGLYCOSIDE,aminoglycoside antibiotic,AMINOGLYCOSIDE,FULL,,,
ERR3173492,ERR3173492_259844_1,BETA-LACTAM,cephalosporin,BETA-LACTAM,FULL,,,
ERR3173492,ERR3173492_438574_1,LINCOSAMIDE/MACROLIDE/STREPTOGRAMIN,macrolide antibiotic; lincosamide antibiotic; streptogramin antibiotic; streptogramin A antibiotic; streptogramin B antibiotic,LINCOSAMIDE/MACROLIDE/STREPTOGRAMIN,FULL,,,
ERR3173514,ERR3173514_356233_2,BETA-LACTAM,cephalosporin,BETA-LACTAM,FULL,,,
ERR3173699,ERR3173699_11943_2,BETA-LACTAM,cephalosporin,BETA-LACTAM,FULL,,,
ERR3173699,ERR3173699_63284_10,MACROLIDE,macrolide antibiotic; streptogramin antibiotic; phosphonic acid antibiotic,MACROLIDE,PARTIAL,,FOSFOMYCIN/STREPTOGRAMIN,
ERR3173722,ERR3173722_465740_1,BETA-LACTAM,cephalosporin,BETA-LACTAM,FULL,,,
ERR3173723,ERR3173723_115965_1,LINCOSAMIDE/MACROLIDE/STREPTOGRAMIN,macrolide antibiotic; lincosamide antibiotic; streptogramin antibiotic; streptogramin A antibiotic; streptogramin B antibiotic,LINCOSAMIDE/MACROLIDE/STREPTOGRAMIN,FULL,,,
ERR3173723,ERR3173723_1208659_1,BETA-LACTAM,cephalosporin,BETA-LACTAM,FULL,,,
ERR3340749,ERR3340749_12166_1,BETA-LACTAM,monobactam; cephalosporin; penicillin beta-lactam,BETA-LACTAM,FULL,,,
ERR3340750,ERR3340750_497_1,AMINOGLYCOSIDE,aminoglycoside antibiotic,AMINOGLYCOSIDE,FULL,,,
ERR3340750,ERR3340750_4705_1,BETA-LACTAM,monobactam; cephalosporin; penicillin beta-lactam,BETA-LACTAM,FULL,,,
ERR3340753,ERR3340753_3813_1,AMINOGLYCOSIDE,aminoglycoside antibiotic,AMINOGLYCOSIDE,FULL,,,
ERR3340753,ERR3340753_15308_1,BETA-LACTAM,monobactam; cephalosporin; penicillin beta-lactam,BETA-LACTAM,FULL,,,
ERR3340755,ERR3340755_4259_1,BETA-LACTAM,monobactam; cephalosporin; penicillin beta-lactam,BETA-LACTAM,FULL,,,
ERR3340766,ERR3340766_5738_1,AMINOGLYCOSIDE,aminoglycoside antibiotic,AMINOGLYCOSIDE,FULL,,,
ERR3340769,ERR3340769_15183_1,QUATERNARY AMMONIUM,disinfecting agents and antiseptics,QUATERNARY AMMONIUM,FULL,,,
ERR3340771,ERR3340771_1481_1,BETA-LACTAM,monobactam; cephalosporin; penicillin beta-lactam,BETA-LACTAM,FULL,,,
ERR3340771,ERR3340771_3581_1,AMINOGLYCOSIDE,aminoglycoside antibiotic,AMINOGLYCOSIDE,FULL,,,
ERR3340775,ERR3340775_907_1,TETRACYCLINE,tetracycline antibiotic,TETRACYCLINE,FULL,,,
ERR3340782,ERR3340782_11211_2,BETA-LACTAM,monobactam; cephalosporin; penicillin beta-lactam,BETA-LACTAM,FULL,,,
ERR3340783,ERR3340783_5532_1,AMINOGLYCOSIDE,aminoglycoside antibiotic,AMINOGLYCOSIDE,FULL,,,
ERR3340786,ERR3340786_21770_1,BETA-LACTAM,monobactam; cephalosporin; penicillin beta-lactam,BETA-LACTAM,FULL,,,
ERR3340789,ERR3340789_1942_1,BETA-LACTAM,monobactam; cephalosporin; penicillin beta-lactam,BETA-LACTAM,FULL,,,
ERR3340791,ERR3340791_6047_1,BETA-LACTAM,monobactam; cephalosporin; penicillin beta-lactam,BETA-LACTAM,FULL,,,
ERR3340792,ERR3340792_6726_1,AMINOGLYCOSIDE,aminoglycoside antibiotic,AMINOGLYCOSIDE,FULL,,,
ERR3340793,ERR3340793_8471_1,BETA-LACTAM,monobactam; cephalosporin; penicillin beta-lactam,BETA-LACTAM,FULL,,,
ERR3340794,ERR3340794_673_2,BETA-LACTAM,monobactam; cephalosporin; penicillin beta-lactam,BETA-LACTAM,FULL,,,
ERR3340795,ERR3340795_599_1,BETA-LACTAM,monobactam; cephalosporin; penicillin beta-lactam,BETA-LACTAM,FULL,,,
ERR3340797,ERR3340797_617_1,BETA-LACTAM,monobactam; cephalosporin; penicillin beta-lactam,BETA-LACTAM,FULL,,,
ERR3340797,ERR3340797_6256_1,AMINOGLYCOSIDE,aminoglycoside antibiotic,AMINOGLYCOSIDE,FULL,,,
ERR3340798,ERR3340798_7165_1,BETA-LACTAM,monobactam; cephalosporin; penicillin beta-lactam,BETA-LACTAM,FULL,,,
ERR3340799,ERR3340799_2213_8,MACROLIDE/STREPTOGRAMIN,macrolide antibiotic; streptogramin antibiotic; streptogramin B antibiotic,MACROLIDE/STREPTOGRAMIN,FULL,,,
ERR3340799,ERR3340799_2213_9,MACROLIDE,macrolide antibiotic,MACROLIDE,FULL,,,
ERR3340799,ERR3340799_10415_1,BETA-LACTAM,monobactam; cephalosporin; penicillin beta-lactam,BETA-LACTAM,FULL,,,
ERR3340801,ERR3340801_1294_1,BETA-LACTAM,monobactam; cephalosporin; penicillin beta-lactam,BETA-LACTAM,FULL,,,
ERR3340802,ERR3340802_7095_2,SULFONAMIDE,sulfonamide antibiotic,SULFONAMIDE,FULL,,,
ERR3340804,ERR3340804_54_3,BETA-LACTAM,penicillin beta-lactam,BETA-LACTAM,FULL,,,
ERR3340804,ERR3340804_3247_1,FOSFOMYCIN,phosphonic acid antibiotic,FOSFOMYCIN,FULL,,,
ERR3340804,ERR3340804_11106_2,AMINOGLYCOSIDE,aminoglycoside antibiotic,AMINOGLYCOSIDE,FULL,,,
ERR3340804,ERR3340804_23683_1,BETA-LACTAM,monobactam; cephalosporin; penicillin beta-lactam,BETA-LACTAM,FULL,,,
ERR3340805,ERR3340805_1489_2,SULFONAMIDE,sulfonamide antibiotic,SULFONAMIDE,FULL,,,
ERR3340806,ERR3340806_4593_2,QUATERNARY AMMONIUM,disinfecting agents and antiseptics,QUATERNARY AMMONIUM,FULL,,,
ERR3340807,ERR3340807_14947_1,AMINOGLYCOSIDE,aminoglycoside antibiotic,AMINOGLYCOSIDE,FULL,,,
ERR3340807,ERR3340807_20915_1,BETA-LACTAM,monobactam; cephalosporin; penicillin beta-lactam,BETA-LACTAM,FULL,,,
ERR3340808,ERR3340808_2466_1,TRIMETHOPRIM,diaminopyrimidine antibiotic,TRIMETHOPRIM,FULL,,,
ERR3340808,ERR3340808_10269_1,SULFONAMIDE,sulfonamide antibiotic,SULFONAMIDE,FULL,,,
ERR3340808,ERR3340808_21591_1,AMINOGLYCOSIDE,aminoglycoside antibiotic,AMINOGLYCOSIDE,FULL,,,
ERR3340808,ERR3340808_21591_2,AMINOGLYCOSIDE,aminoglycoside antibiotic,AMINOGLYCOSIDE,FULL,,,
ERR3340808,ERR3340808_32305_1,BETA-LACTAM,monobactam; cephalosporin; penicillin beta-lactam,BETA-LACTAM,FULL,,,
ERR3340809,ERR3340809_10182_1,BETA-LACTAM,monobactam; cephalosporin; penicillin beta-lactam,BETA-LACTAM,FULL,,,
ERR3340810,ERR3340810_30222_1,AMINOGLYCOSIDE,aminoglycoside antibiotic,AMINOGLYCOSIDE,FULL,,,
ERR3340810,ERR3340810_32081_1,BETA-LACTAM,monobactam; cephalosporin; penicillin beta-lactam,BETA-LACTAM,FULL,,,
ERR3340813,ERR3340813_3315_1,FOSFOMYCIN,phosphonic acid antibiotic,FOSFOMYCIN,FULL,,,
ERR3340813,ERR3340813_17521_1,BETA-LACTAM,monobactam; cephalosporin; penicillin beta-lactam,BETA-LACTAM,FULL,,,
ERR3340813,ERR3340813_21654_1,AMINOGLYCOSIDE,aminoglycoside antibiotic,AMINOGLYCOSIDE,FULL,,,
ERR3340814,ERR3340814_77398_1,BETA-LACTAM,monobactam; cephalosporin; penicillin beta-lactam,BETA-LACTAM,FULL,,,
ERR3340815,ERR3340815_10659_1,BETA-LACTAM,monobactam; cephalosporin; penicillin beta-lactam,BETA-LACTAM,FULL,,,
ERR3340815,ERR3340815_19095_1,AMINOGLYCOSIDE,aminoglycoside antibiotic,AMINOGLYCOSIDE,FULL,,,
ERR3340817,ERR3340817_409_1,BETA-LACTAM,monobactam; cephalosporin; penicillin beta-lactam,BETA-LACTAM,FULL,,,
ERR3340817,ERR3340817_3493_3,TETRACYCLINE,tetracycline antibiotic,TETRACYCLINE,FULL,,,
ERR3340817,ERR3340817_6639_1,AMINOGLYCOSIDE,aminoglycoside antibiotic,AMINOGLYCOSIDE,FULL,,,
ERR3340817,ERR3340817_6639_2,AMINOGLYCOSIDE,aminoglycoside antibiotic,AMINOGLYCOSIDE,FULL,,,
ERR3340818,ERR3340818_7367_1,BETA-LACTAM,monobactam; cephalosporin; penicillin beta-lactam,BETA-LACTAM,FULL,,,
ERR3340819,ERR3340819_52676_1,BETA-LACTAM,monobactam; cephalosporin; penicillin beta-lactam,BETA-LACTAM,FULL,,,
ERR3340819,ERR3340819_56533_1,AMINOGLYCOSIDE,aminoglycoside antibiotic,AMINOGLYCOSIDE,FULL,,,
ERR3340820,ERR3340820_678_1,AMINOGLYCOSIDE,aminoglycoside antibiotic,AMINOGLYCOSIDE,FULL,,,
ERR3340820,ERR3340820_1627_1,BETA-LACTAM,monobactam; cephalosporin; penicillin beta-lactam,BETA-LACTAM,FULL,,,
ERR3340821,ERR3340821_89432_1,QUATERNARY AMMONIUM,disinfecting agents and antiseptics,QUATERNARY AMMONIUM,FULL,,,
ERR3340821,ERR3340821_128208_1,MACROLIDE/STREPTOGRAMIN,macrolide antibiotic; streptogramin antibiotic; streptogramin B antibiotic,MACROLIDE/STREPTOGRAMIN,FULL,,,
ERR3340822,ERR3340822_680_1,TETRACYCLINE,tetracycline antibiotic,TETRACYCLINE,FULL,,,
ERR3340822,ERR3340822_13951_1,FOSFOMYCIN,phosphonic acid antibiotic,FOSFOMYCIN,FULL,,,
ERR3340822,ERR3340822_20011_1,MACROLIDE/STREPTOGRAMIN,macrolide antibiotic; streptogramin antibiotic; streptogramin B antibiotic,MACROLIDE/STREPTOGRAMIN,FULL,,,
ERR3340822,ERR3340822_21073_1,QUATERNARY AMMONIUM,disinfecting agents and antiseptics,QUATERNARY AMMONIUM,FULL,,,
ERR3340822,ERR3340822_31707_1,BETA-LACTAM,monobactam; cephalosporin; penicillin beta-lactam,BETA-LACTAM,FULL,,,
ERR3340822,ERR3340822_35291_1,AMINOGLYCOSIDE,aminoglycoside antibiotic,AMINOGLYCOSIDE,FULL,,,
ERR3413879,ERR3413879_4317_1,BETA-LACTAM,penicillin beta-lactam,BETA-LACTAM,FULL,,,
ERR3413879,ERR3413879_5266_3,TETRACYCLINE,tetracycline antibiotic,TETRACYCLINE,FULL,,,
ERR3413879,ERR3413879_13907_1,AMINOGLYCOSIDE,aminoglycoside antibiotic,AMINOGLYCOSIDE,FULL,,,
ERR3413879,ERR3413879_43465_3,TETRACYCLINE,tetracycline antibiotic,TETRACYCLINE,FULL,,,
ERR3413879,ERR3413879_77038_1,AMINOGLYCOSIDE,aminoglycoside antibiotic,AMINOGLYCOSIDE,FULL,,,
ERR3413879,ERR3413879_77038_2,QUATERNARY AMMONIUM,disinfecting agents and antiseptics,QUATERNARY AMMONIUM,FULL,,,
ERR3413879,ERR3413879_88295_1,SULFONAMIDE,sulfonamide antibiotic,SULFONAMIDE,FULL,,,
ERR3427611,ERR3427611_47393_1,TETRACYCLINE,tetracycline antibiotic,TETRACYCLINE,FULL,,,
ERR3427611,ERR3427611_82507_1,TETRACYCLINE,tetracycline antibiotic,TETRACYCLINE,FULL,,,
ERR3427611,ERR3427611_234458_5,TRIMETHOPRIM,diaminopyrimidine antibiotic,TRIMETHOPRIM,FULL,,,
ERR3427611,ERR3427611_277482_2,TETRACYCLINE,tetracycline antibiotic,TETRACYCLINE,FULL,,,
ERR3427611,ERR3427611_522299_1,AMINOGLYCOSIDE,aminoglycoside antibiotic,AMINOGLYCOSIDE,FULL,,,
ERR3427612,ERR3427612_233814_2,QUINOLONE,fluoroquinolone antibiotic,QUINOLONE,FULL,,,
ERR3427612,ERR3427612_860680_1,TRIMETHOPRIM,diaminopyrimidine antibiotic,TRIMETHOPRIM,FULL,,,
ERR3427613,ERR3427613_306866_1,TETRACYCLINE,tetracycline antibiotic,TETRACYCLINE,FULL,,,
ERR3427613,ERR3427613_410328_1,TETRACYCLINE,tetracycline antibiotic,TETRACYCLINE,FULL,,,
ERR3427613,ERR3427613_608969_1,TETRACYCLINE,tetracycline antibiotic,TETRACYCLINE,FULL,,,
ERR3427614,ERR3427614_76436_3,QUINOLONE,fluoroquinolone antibiotic,QUINOLONE,FULL,,,
ERR3427614,ERR3427614_799723_1,MACROLIDE/STREPTOGRAMIN,macrolide antibiotic; streptogramin antibiotic,MACROLIDE/STREPTOGRAMIN,FULL,,,
ERR3427614,ERR3427614_799723_2,MACROLIDE,macrolide antibiotic,MACROLIDE,FULL,,,
ERR3427616,ERR3427616_4448_2,SULFONAMIDE,sulfonamide antibiotic,SULFONAMIDE,FULL,,,
ERR3427616,ERR3427616_14835_1,TETRACYCLINE,tetracycline antibiotic,TETRACYCLINE,FULL,,,
ERR3427617,ERR3427617_4251_2,AMINOGLYCOSIDE,aminoglycoside antibiotic,AMINOGLYCOSIDE,FULL,,,
ERR3427617,ERR3427617_5596_8,MACROLIDE,macrolide antibiotic,MACROLIDE,FULL,,,
ERR3427617,ERR3427617_5596_9,MACROLIDE/STREPTOGRAMIN,macrolide antibiotic; streptogramin antibiotic,MACROLIDE/STREPTOGRAMIN,FULL,,,
ERR3427617,ERR3427617_9129_1,LINCOSAMIDE,lincosamide antibiotic,LINCOSAMIDE,FULL,,,
ERR3427617,ERR3427617_15926_2,TETRACYCLINE,tetracycline antibiotic,TETRACYCLINE,FULL,,,
ERR3427617,ERR3427617_154802_1,QUATERNARY AMMONIUM,disinfecting agents and antiseptics,QUATERNARY AMMONIUM,FULL,,,
ERR3427618,ERR3427618_19125_2,AMINOGLYCOSIDE,aminoglycoside antibiotic,AMINOGLYCOSIDE,FULL,,,
ERR3427618,ERR3427618_19125_3,AMINOGLYCOSIDE,aminoglycoside antibiotic,AMINOGLYCOSIDE,FULL,,,
ERR3427618,ERR3427618_45900_1,MACROLIDE/STREPTOGRAMIN,macrolide antibiotic; streptogramin antibiotic,MACROLIDE/STREPTOGRAMIN,FULL,,,
ERR3427618,ERR3427618_45900_2,MACROLIDE,macrolide antibiotic,MACROLIDE,FULL,,,
ERR3427618,ERR3427618_46989_1,TETRACYCLINE,tetracycline antibiotic,TETRACYCLINE,FULL,,,
ERR3427618,ERR3427618_185076_1,SULFONAMIDE,sulfonamide antibiotic,SULFONAMIDE,FULL,,,
ERR3427618,ERR3427618_229075_1,QUATERNARY AMMONIUM,disinfecting agents and antiseptics,QUATERNARY AMMONIUM,FULL,,,
ERR3427618,ERR3427618_229075_2,SULFONAMIDE,sulfonamide antibiotic,SULFONAMIDE,FULL,,,
ERR3427618,ERR3427618_395031_1,AMINOGLYCOSIDE,aminoglycoside antibiotic,AMINOGLYCOSIDE,FULL,,,
ERR3427619,ERR3427619_24882_3,AMINOGLYCOSIDE,aminoglycoside antibiotic,AMINOGLYCOSIDE,FULL,,,
ERR3427619,ERR3427619_24882_4,AMINOGLYCOSIDE,aminoglycoside antibiotic,AMINOGLYCOSIDE,FULL,,,
ERR3427619,ERR3427619_41174_1,LINCOSAMIDE,lincosamide antibiotic,LINCOSAMIDE,FULL,,,
ERR3427619,ERR3427619_53314_1,TETRACYCLINE,tetracycline antibiotic,TETRACYCLINE,FULL,,,
ERR3427619,ERR3427619_101245_2,QUATERNARY AMMONIUM,disinfecting agents and antiseptics,QUATERNARY AMMONIUM,FULL,,,
ERR3427619,ERR3427619_318461_2,TETRACYCLINE,tetracycline antibiotic,TETRACYCLINE,FULL,,,
ERR3427620,ERR3427620_42570_2,TETRACYCLINE,tetracycline antibiotic,TETRACYCLINE,FULL,,,
ERR3427621,ERR3427621_21642_1,LINCOSAMIDE/MACROLIDE/STREPTOGRAMIN,macrolide antibiotic; lincosamide antibiotic; streptogramin antibiotic; streptogramin A antibiotic; streptogramin B antibiotic,LINCOSAMIDE/MACROLIDE/STREPTOGRAMIN,FULL,,,
ERR3427621,ERR3427621_317194_1,QUATERNARY AMMONIUM,disinfecting agents and antiseptics,QUATERNARY AMMONIUM,FULL,,,
ERR3427621,ERR3427621_420571_1,AMINOGLYCOSIDE,aminoglycoside antibiotic,AMINOGLYCOSIDE,FULL,,,
ERR3427621,ERR3427621_832324_1,QUINOLONE,fluoroquinolone antibiotic,QUINOLONE,FULL,,,
ERR3427623,ERR3427623_20201_1,TETRACYCLINE,tetracycline antibiotic,TETRACYCLINE,FULL,,,
ERR3427623,ERR3427623_371469_2,TETRACYCLINE,tetracycline antibiotic,TETRACYCLINE,FULL,,,
ERR3427623,ERR3427623_380460_1,AMINOGLYCOSIDE,aminoglycoside antibiotic,AMINOGLYCOSIDE,FULL,,,
ERR3427624,ERR3427624_16516_1,MACROLIDE,macrolide antibiotic,MACROLIDE,FULL,,,
ERR3427626,ERR3427626_9645_2,COLISTIN,peptide antibiotic,COLISTIN,FULL,,,
ERR3427626,ERR3427626_93772_2,TETRACYCLINE,tetracycline antibiotic,TETRACYCLINE,FULL,,,
ERR3427626,ERR3427626_176515_1,FOSFOMYCIN,phosphonic acid antibiotic,FOSFOMYCIN,FULL,,,
ERR3427626,ERR3427626_185968_2,LINCOSAMIDE,lincosamide antibiotic,LINCOSAMIDE,FULL,,,
ERR3479078,ERR3479078_73_5,TETRACYCLINE,tetracycline antibiotic,TETRACYCLINE,FULL,,,
ERR3479079,ERR3479079_91_2,TETRACYCLINE,tetracycline antibiotic,TETRACYCLINE,FULL,,,
ERR3479080,ERR3479080_29_2,QUATERNARY AMMONIUM,disinfecting agents and antiseptics,QUATERNARY AMMONIUM,FULL,,,
ERR3479082,ERR3479082_486_5,QUATERNARY AMMONIUM,disinfecting agents and antiseptics,QUATERNARY AMMONIUM,FULL,,,
ERR3479083,ERR3479083_5616_1,TETRACYCLINE,tetracycline antibiotic,TETRACYCLINE,FULL,,,
ERR4142707,ERR4142707_32035_1,AMINOGLYCOSIDE,aminoglycoside antibiotic,AMINOGLYCOSIDE,FULL,,,
ERR4142707,ERR4142707_68156_1,AMINOGLYCOSIDE,aminoglycoside antibiotic,AMINOGLYCOSIDE,FULL,,,
ERR4142708,ERR4142708_26151_1,AMINOGLYCOSIDE,aminoglycoside antibiotic,AMINOGLYCOSIDE,FULL,,,
ERR4142710,ERR4142710_1847_2,AMINOGLYCOSIDE,aminoglycoside antibiotic,AMINOGLYCOSIDE,FULL,,,
ERR4142710,ERR4142710_7337_2,AMINOGLYCOSIDE,aminoglycoside antibiotic,AMINOGLYCOSIDE,FULL,,,
ERR4142710,ERR4142710_7337_3,AMINOGLYCOSIDE,aminoglycoside antibiotic,AMINOGLYCOSIDE,FULL,,,
ERR4142711,ERR4142711_19557_2,AMINOGLYCOSIDE,aminoglycoside antibiotic,AMINOGLYCOSIDE,FULL,,,
ERR4142711,ERR4142711_213157_2,AMINOGLYCOSIDE,aminoglycoside antibiotic,AMINOGLYCOSIDE,FULL,,,
ERR4142712,ERR4142712_7638_3,AMINOGLYCOSIDE,aminoglycoside antibiotic,AMINOGLYCOSIDE,FULL,,,
ERR4142713,ERR4142713_1782_3,AMINOGLYCOSIDE,aminoglycoside antibiotic,AMINOGLYCOSIDE,FULL,,,
ERR4142713,ERR4142713_99468_1,AMINOGLYCOSIDE,aminoglycoside antibiotic,AMINOGLYCOSIDE,FULL,,,
ERR4142719,ERR4142719_18252_1,AMINOGLYCOSIDE,aminoglycoside antibiotic,AMINOGLYCOSIDE,FULL,,,
ERR4142720,ERR4142720_61974_2,AMINOGLYCOSIDE,aminoglycoside antibiotic,AMINOGLYCOSIDE,FULL,,,
ERR4142721,ERR4142721_1007_2,AMINOGLYCOSIDE,aminoglycoside antibiotic,AMINOGLYCOSIDE,FULL,,,
ERR4142721,ERR4142721_4747_1,AMINOGLYCOSIDE,aminoglycoside antibiotic,AMINOGLYCOSIDE,FULL,,,
ERR4142722,ERR4142722_73_2,TETRACYCLINE,tetracycline antibiotic,TETRACYCLINE,FULL,,,
ERR4142724,ERR4142724_2277_2,TETRACYCLINE,tetracycline antibiotic,TETRACYCLINE,FULL,,,
ERR4757803,ERR4757803_765_2,TETRACYCLINE,tetracycline antibiotic,TETRACYCLINE,FULL,,,
ERR4757803,ERR4757803_819_2,TETRACYCLINE,tetracycline antibiotic,TETRACYCLINE,FULL,,,
ERR4757803,ERR4757803_5299_3,BETA-LACTAM,monobactam; cephalosporin; penicillin beta-lactam,BETA-LACTAM,FULL,,,
ERR4757804,ERR4757804_4123_1,TETRACYCLINE,tetracycline antibiotic,TETRACYCLINE,FULL,,,
ERR4757804,ERR4757804_6586_3,TETRACYCLINE,tetracycline antibiotic,TETRACYCLINE,FULL,,,
ERR4757804,ERR4757804_14247_2,BETA-LACTAM,monobactam; cephalosporin; penicillin beta-lactam,BETA-LACTAM,FULL,,,
ERR4757808,ERR4757808_14526_1,BETA-LACTAM,monobactam; cephalosporin; penicillin beta-lactam,BETA-LACTAM,FULL,,,
ERR4757809,ERR4757809_57919_1,BETA-LACTAM,monobactam; cephalosporin; penicillin beta-lactam,BETA-LACTAM,FULL,,,
ERR4757811,ERR4757811_8345_1,BETA-LACTAM,monobactam; cephalosporin; penicillin beta-lactam,BETA-LACTAM,FULL,,,
ERR4757813,ERR4757813_5525_4,BETA-LACTAM,cephalosporin,BETA-LACTAM,FULL,,,
ERR4757814,ERR4757814_1736_3,NITROFURAN/PHENICOL/QUINOLONE/TETRACYCLINE,fluoroquinolone antibiotic; tetracycline antibiotic,QUINOLONE/TETRACYCLINE,PARTIAL,NITROFURAN/PHENICOL,,
ERR4757814,ERR4757814_42480_1,BETA-LACTAM,monobactam; cephalosporin; penicillin beta-lactam,BETA-LACTAM,FULL,,,
ERR4757816,ERR4757816_10005_1,BETA-LACTAM,monobactam; cephalosporin; penicillin beta-lactam,BETA-LACTAM,FULL,,,
ERR4757817,ERR4757817_659_2,TETRACYCLINE,glycylcycline; tetracycline antibiotic,TETRACYCLINE,FULL,,,
ERR4757818,ERR4757818_15758_1,LINCOSAMIDE/MACROLIDE/STREPTOGRAMIN,macrolide antibiotic; lincosamide antibiotic; streptogramin antibiotic; streptogramin A antibiotic; streptogramin B antibiotic,LINCOSAMIDE/MACROLIDE/STREPTOGRAMIN,FULL,,,
ERR4757818,ERR4757818_78652_1,AMINOGLYCOSIDE,aminoglycoside antibiotic,AMINOGLYCOSIDE,FULL,,,
ERR4757818,ERR4757818_93094_1,BETA-LACTAM,monobactam; cephalosporin; penicillin beta-lactam,BETA-LACTAM,FULL,,,
ERR4757819,ERR4757819_2852_1,AMINOGLYCOSIDE,aminoglycoside antibiotic,AMINOGLYCOSIDE,FULL,,,
ERR4757819,ERR4757819_2852_2,AMINOGLYCOSIDE,aminoglycoside antibiotic,AMINOGLYCOSIDE,FULL,,,
ERR4757819,ERR4757819_14661_2,BETA-LACTAM,monobactam; cephalosporin; penicillin beta-lactam,BETA-LACTAM,FULL,,,
ERR4757819,ERR4757819_15761_2,NITROFURAN/PHENICOL/QUINOLONE/TETRACYCLINE,fluoroquinolone antibiotic; tetracycline antibiotic,QUINOLONE/TETRACYCLINE,PARTIAL,NITROFURAN/PHENICOL,,
ERR4757820,ERR4757820_16990_1,BETA-LACTAM,monobactam; cephalosporin; penicillin beta-lactam,BETA-LACTAM,FULL,,,
ERR4757821,ERR4757821_746_1,LINCOSAMIDE/MACROLIDE/STREPTOGRAMIN,macrolide antibiotic; lincosamide antibiotic; streptogramin antibiotic; streptogramin A antibiotic; streptogramin B antibiotic,LINCOSAMIDE/MACROLIDE/STREPTOGRAMIN,FULL,,,
ERR4757821,ERR4757821_1802_1,BETA-LACTAM,monobactam; cephalosporin; penicillin beta-lactam,BETA-LACTAM,FULL,,,
ERR4757821,ERR4757821_18557_1,AMINOGLYCOSIDE,aminoglycoside antibiotic,AMINOGLYCOSIDE,FULL,,,
ERR4757824,ERR4757824_48415_1,BETA-LACTAM,monobactam; cephalosporin; penicillin beta-lactam,BETA-LACTAM,FULL,,,
ERR4757825,ERR4757825_4860_1,BETA-LACTAM,monobactam; cephalosporin; penicillin beta-lactam,BETA-LACTAM,FULL,,,
ERR4757825,ERR4757825_5524_1,AMINOGLYCOSIDE,aminoglycoside antibiotic,AMINOGLYCOSIDE,FULL,,,
ERR4757826,ERR4757826_6872_4,NITROFURAN/PHENICOL/QUINOLONE/TETRACYCLINE,fluoroquinolone antibiotic; tetracycline antibiotic,QUINOLONE/TETRACYCLINE,PARTIAL,NITROFURAN/PHENICOL,,
ERR4757826,ERR4757826_12577_1,BETA-LACTAM,monobactam; cephalosporin; penicillin beta-lactam,BETA-LACTAM,FULL,,,
ERR4757826,ERR4757826_23506_2,BETA-LACTAM,cephalosporin,BETA-LACTAM,FULL,,,
ERR4757826,ERR4757826_27555_1,AMINOGLYCOSIDE,aminoglycoside antibiotic,AMINOGLYCOSIDE,FULL,,,
ERR4757826,ERR4757826_31704_1,FOSFOMYCIN,phosphonic acid antibiotic,FOSFOMYCIN,FULL,,,
ERR4757827,ERR4757827_53476_1,TETRACYCLINE,tetracycline antibiotic,TETRACYCLINE,FULL,,,
ERR4757828,ERR4757828_16933_1,FOSFOMYCIN,phosphonic acid antibiotic,FOSFOMYCIN,FULL,,,
ERR4757828,ERR4757828_38110_1,BETA-LACTAM,monobactam; cephalosporin; penicillin beta-lactam,BETA-LACTAM,FULL,,,
ERR4757829,ERR4757829_67648_1,BETA-LACTAM,monobactam; cephalosporin; penicillin beta-lactam,BETA-LACTAM,FULL,,,
ERR4757830,ERR4757830_11161_1,BETA-LACTAM,monobactam; cephalosporin; penicillin beta-lactam,BETA-LACTAM,FULL,,,
ERR4757831,ERR4757831_10171_1,BETA-LACTAM,monobactam; cephalosporin; penicillin beta-lactam,BETA-LACTAM,FULL,,,
ERR4757832,ERR4757832_4992_1,BETA-LACTAM,monobactam; cephalosporin; penicillin beta-lactam,BETA-LACTAM,FULL,,,
ERR4757833,ERR4757833_2067_1,BETA-LACTAM,monobactam; cephalosporin; penicillin beta-lactam,BETA-LACTAM,FULL,,,
ERR4757834,ERR4757834_16651_1,AMINOGLYCOSIDE,aminoglycoside antibiotic,AMINOGLYCOSIDE,FULL,,,
ERR4757835,ERR4757835_4469_2,LINCOSAMIDE/MACROLIDE/STREPTOGRAMIN,macrolide antibiotic; lincosamide antibiotic; streptogramin antibiotic; streptogramin A antibiotic; streptogramin B antibiotic,LINCOSAMIDE/MACROLIDE/STREPTOGRAMIN,FULL,,,
ERR4757835,ERR4757835_4588_1,BETA-LACTAM,monobactam; cephalosporin; penicillin beta-lactam,BETA-LACTAM,FULL,,,
ERR4757836,ERR4757836_35186_1,BETA-LACTAM,monobactam; cephalosporin; penicillin beta-lactam,BETA-LACTAM,FULL,,,
ERR4757837,ERR4757837_48070_1,BETA-LACTAM,monobactam; cephalosporin; penicillin beta-lactam,BETA-LACTAM,FULL,,,
ERR4757838,ERR4757838_5076_1,BETA-LACTAM,monobactam; cephalosporin; penicillin beta-lactam,BETA-LACTAM,FULL,,,
ERR4757839,ERR4757839_1320_1,BETA-LACTAM,monobactam; cephalosporin; penicillin beta-lactam,BETA-LACTAM,FULL,,,
ERR4757840,ERR4757840_8349_1,BETA-LACTAM,monobactam; cephalosporin; penicillin beta-lactam,BETA-LACTAM,FULL,,,
ERR4757849,ERR4757849_135383_2,BETA-LACTAM,monobactam; cephalosporin; penicillin beta-lactam,BETA-LACTAM,FULL,,,
ERR4757851,ERR4757851_7952_1,TETRACYCLINE,tetracycline antibiotic,TETRACYCLINE,FULL,,,
ERR4757851,ERR4757851_20973_1,BETA-LACTAM,monobactam; cephalosporin; penicillin beta-lactam,BETA-LACTAM,FULL,,,
ERR4757851,ERR4757851_67063_1,QUATERNARY AMMONIUM,disinfecting agents and antiseptics,QUATERNARY AMMONIUM,FULL,,,
ERR4757852,ERR4757852_359_1,BETA-LACTAM,monobactam; cephalosporin; penicillin beta-lactam,BETA-LACTAM,FULL,,,
ERR4757855,ERR4757855_48747_1,BETA-LACTAM,monobactam; cephalosporin; penicillin beta-lactam,BETA-LACTAM,FULL,,,
ERR4757860,ERR4757860_42907_2,BETA-LACTAM,monobactam; cephalosporin; penicillin beta-lactam,BETA-LACTAM,FULL,,,
ERR4757860,ERR4757860_174119_1,TETRACYCLINE,tetracycline antibiotic,TETRACYCLINE,FULL,,,
ERR7245779,ERR7245779_161119_1,QUATERNARY AMMONIUM,disinfecting agents and antiseptics,QUATERNARY AMMONIUM,FULL,,,
ERR7245779,ERR7245779_162650_1,QUATERNARY AMMONIUM,disinfecting agents and antiseptics,QUATERNARY AMMONIUM,FULL,,,
ERR7245779,ERR7245779_216403_1,FOSFOMYCIN,phosphonic acid antibiotic,FOSFOMYCIN,FULL,,,
ERR7245780,ERR7245780_184756_2,FOSFOMYCIN,phosphonic acid antibiotic,FOSFOMYCIN,FULL,,,
ERR7245780,ERR7245780_221165_1,QUATERNARY AMMONIUM,disinfecting agents and antiseptics,QUATERNARY AMMONIUM,FULL,,,
kefir,kefir_68468_1,AMINOGLYCOSIDE,aminoglycoside antibiotic,AMINOGLYCOSIDE,FULL,,,
kefir,kefir_7315034_2,AMINOGLYCOSIDE,aminoglycoside antibiotic,AMINOGLYCOSIDE,FULL,,,
kefir,kefir_7581716_1,AMINOGLYCOSIDE,aminoglycoside antibiotic,AMINOGLYCOSIDE,FULL,,,
kefir,kefir_7581716_2,AMINOGLYCOSIDE,aminoglycoside antibiotic,AMINOGLYCOSIDE,FULL,,,
SRR10212783,SRR10212783_4137_3,TETRACYCLINE,tetracycline antibiotic,TETRACYCLINE,FULL,,,
SRR10212783,SRR10212783_6574_2,AMINOGLYCOSIDE,aminoglycoside antibiotic,AMINOGLYCOSIDE,FULL,,,
SRR10212783,SRR10212783_7131_1,QUATERNARY AMMONIUM,disinfecting agents and antiseptics,QUATERNARY AMMONIUM,FULL,,,
SRR10212783,SRR10212783_17143_1,AMINOGLYCOSIDE,aminoglycoside antibiotic,AMINOGLYCOSIDE,FULL,,,
SRR10212783,SRR10212783_18446_1,BETA-LACTAM,cephalosporin; penicillin beta-lactam,BETA-LACTAM,FULL,,,
SRR10212783,SRR10212783_31043_1,AMINOGLYCOSIDE,aminoglycoside antibiotic,AMINOGLYCOSIDE,FULL,,,
SRR10212784,SRR10212784_7752_2,TETRACYCLINE,tetracycline antibiotic,TETRACYCLINE,FULL,,,
SRR10212784,SRR10212784_30928_1,QUATERNARY AMMONIUM,disinfecting agents and antiseptics,QUATERNARY AMMONIUM,FULL,,,
SRR10212785,SRR10212785_9235_2,QUATERNARY AMMONIUM,disinfecting agents and antiseptics,QUATERNARY AMMONIUM,FULL,,,
SRR10212787,SRR10212787_4259_27,FOSFOMYCIN,phosphonic acid antibiotic,FOSFOMYCIN,FULL,,,
SRR10212787,SRR10212787_5580_2,AMINOGLYCOSIDE,aminoglycoside antibiotic,AMINOGLYCOSIDE,FULL,,,
SRR10212787,SRR10212787_12951_3,AMINOGLYCOSIDE,aminoglycoside antibiotic,AMINOGLYCOSIDE,FULL,,,
SRR10212788,SRR10212788_4242_2,TETRACYCLINE,tetracycline antibiotic,TETRACYCLINE,FULL,,,
SRR10212789,SRR10212789_6648_2,QUATERNARY AMMONIUM,disinfecting agents and antiseptics,QUATERNARY AMMONIUM,FULL,,,
SRR10212789,SRR10212789_10225_2,STREPTOTHRICIN,nucleoside antibiotic,STREPTOTHRICIN,FULL,,,
SRR10212789,SRR10212789_10225_3,AMINOGLYCOSIDE,aminoglycoside antibiotic,AMINOGLYCOSIDE,FULL,,,
SRR10212789,SRR10212789_21239_2,LINCOSAMIDE/STREPTOGRAMIN,lincosamide antibiotic; streptogramin antibiotic; pleuromutilin antibiotic,LINCOSAMIDE/STREPTOGRAMIN,PARTIAL,,PLEUROMUTILIN,
SRR10212789,SRR10212789_21239_3,LINCOSAMIDE,lincosamide antibiotic,LINCOSAMIDE,FULL,,,
SRR10212789,SRR10212789_24389_2,QUATERNARY AMMONIUM,disinfecting agents and antiseptics,QUATERNARY AMMONIUM,FULL,,,
SRR10212789,SRR10212789_30984_1,AMINOGLYCOSIDE,aminoglycoside antibiotic,AMINOGLYCOSIDE,FULL,,,
SRR10212790,SRR10212790_24237_4,QUATERNARY AMMONIUM,disinfecting agents and antiseptics,QUATERNARY AMMONIUM,FULL,,,
SRR10212791,SRR10212791_1081_1,TETRACYCLINE,tetracycline antibiotic,TETRACYCLINE,FULL,,,
SRR10212794,SRR10212794_1761_3,AMINOGLYCOSIDE,aminoglycoside antibiotic,AMINOGLYCOSIDE,FULL,,,
SRR10212794,SRR10212794_1761_4,AMINOGLYCOSIDE,aminoglycoside antibiotic,AMINOGLYCOSIDE,FULL,,,
SRR10212795,SRR10212795_3320_2,QUATERNARY AMMONIUM,disinfecting agents and antiseptics,QUATERNARY AMMONIUM,FULL,,,
SRR10212795,SRR10212795_20089_3,TETRACYCLINE,tetracycline antibiotic,TETRACYCLINE,FULL,,,
SRR10212795,SRR10212795_31299_1,AMINOGLYCOSIDE,aminoglycoside antibiotic,AMINOGLYCOSIDE,FULL,,,
SRR10212795,SRR10212795_32256_1,BETA-LACTAM,cephalosporin; penicillin beta-lactam,BETA-LACTAM,FULL,,,
SRR10212795,SRR10212795_45566_2,AMINOGLYCOSIDE,aminoglycoside antibiotic,AMINOGLYCOSIDE,FULL,,,
SRR10212795,SRR10212795_58032_1,AMINOGLYCOSIDE,aminoglycoside antibiotic,AMINOGLYCOSIDE,FULL,,,
SRR10212796,SRR10212796_7665_4,AMINOGLYCOSIDE,aminoglycoside antibiotic,AMINOGLYCOSIDE,FULL,,,
SRR10212796,SRR10212796_7665_5,AMINOGLYCOSIDE,aminoglycoside antibiotic,AMINOGLYCOSIDE,FULL,,,
SRR10212797,SRR10212797_61526_1,AMINOGLYCOSIDE,aminoglycoside antibiotic,AMINOGLYCOSIDE,FULL,,,
SRR10212797,SRR10212797_61526_2,AMINOGLYCOSIDE,aminoglycoside antibiotic,AMINOGLYCOSIDE,FULL,,,
SRR10212800,SRR10212800_29723_1,AMINOGLYCOSIDE,aminoglycoside antibiotic,AMINOGLYCOSIDE,FULL,,,
SRR10212800,SRR10212800_32850_1,AMINOGLYCOSIDE,aminoglycoside antibiotic,AMINOGLYCOSIDE,FULL,,,
SRR10212803,SRR10212803_12796_3,AMINOGLYCOSIDE,aminoglycoside antibiotic,AMINOGLYCOSIDE,FULL,,,
SRR10212803,SRR10212803_12796_4,AMINOGLYCOSIDE,aminoglycoside antibiotic,AMINOGLYCOSIDE,FULL,,,
SRR10212805,SRR10212805_9980_2,AMINOGLYCOSIDE,aminoglycoside antibiotic,AMINOGLYCOSIDE,FULL,,,
SRR10212805,SRR10212805_23327_3,TETRACYCLINE,tetracycline antibiotic,TETRACYCLINE,FULL,,,
SRR10212805,SRR10212805_25165_1,AMINOGLYCOSIDE,aminoglycoside antibiotic,AMINOGLYCOSIDE,FULL,,,
SRR10212805,SRR10212805_25165_2,BETA-LACTAM,cephalosporin; penicillin beta-lactam,BETA-LACTAM,FULL,,,
SRR10212805,SRR10212805_25165_4,QUATERNARY AMMONIUM,disinfecting agents and antiseptics,QUATERNARY AMMONIUM,FULL,,,
SRR10212805,SRR10212805_77451_1,AMINOGLYCOSIDE,aminoglycoside antibiotic,AMINOGLYCOSIDE,FULL,,,
SRR10212806,SRR10212806_5375_1,QUATERNARY AMMONIUM,disinfecting agents and antiseptics,QUATERNARY AMMONIUM,FULL,,,
SRR10212806,SRR10212806_21936_2,TETRACYCLINE,tetracycline antibiotic,TETRACYCLINE,FULL,,,
SRR10212808,SRR10212808_20551_3,AMINOGLYCOSIDE,aminoglycoside antibiotic,AMINOGLYCOSIDE,FULL,,,
SRR10212813,SRR10212813_2120_2,QUATERNARY AMMONIUM,disinfecting agents and antiseptics,QUATERNARY AMMONIUM,FULL,,,
SRR10212813,SRR10212813_16289_3,TETRACYCLINE,tetracycline antibiotic,TETRACYCLINE,FULL,,,
SRR10212813,SRR10212813_25646_1,AMINOGLYCOSIDE,aminoglycoside antibiotic,AMINOGLYCOSIDE,FULL,,,
SRR10212813,SRR10212813_52456_1,BETA-LACTAM,cephalosporin; penicillin beta-lactam,BETA-LACTAM,FULL,,,
SRR10212816,SRR10212816_2251_2,QUATERNARY AMMONIUM,disinfecting agents and antiseptics,QUATERNARY AMMONIUM,FULL,,,
SRR10212816,SRR10212816_15944_1,AMINOGLYCOSIDE,aminoglycoside antibiotic,AMINOGLYCOSIDE,FULL,,,
SRR10212816,SRR10212816_32246_1,AMINOGLYCOSIDE,aminoglycoside antibiotic,AMINOGLYCOSIDE,FULL,,,
SRR10212816,SRR10212816_33127_1,AMINOGLYCOSIDE,aminoglycoside antibiotic,AMINOGLYCOSIDE,FULL,,,
SRR10212816,SRR10212816_44592_1,BETA-LACTAM,cephalosporin; penicillin beta-lactam,BETA-LACTAM,FULL,,,
SRR10212825,SRR10212825_485_4,AMINOGLYCOSIDE,aminoglycoside antibiotic,AMINOGLYCOSIDE,FULL,,,
SRR10212825,SRR10212825_485_5,AMINOGLYCOSIDE,aminoglycoside antibiotic,AMINOGLYCOSIDE,FULL,,,
SRR10212826,SRR10212826_292_3,TETRACYCLINE,tetracycline antibiotic,TETRACYCLINE,FULL,,,
SRR10212826,SRR10212826_23304_1,BETA-LACTAM,cephalosporin; penicillin beta-lactam,BETA-LACTAM,FULL,,,
SRR10212826,SRR10212826_40745_1,AMINOGLYCOSIDE,aminoglycoside antibiotic,AMINOGLYCOSIDE,FULL,,,
SRR10212826,SRR10212826_41476_2,QUATERNARY AMMONIUM,disinfecting agents and antiseptics,QUATERNARY AMMONIUM,FULL,,,
SRR10454496,SRR10454496_746_1,LINCOSAMIDE,lincosamide antibiotic,LINCOSAMIDE,FULL,,,
SRR10585495,SRR10585495_270143_3,AMINOGLYCOSIDE,aminoglycoside antibiotic,AMINOGLYCOSIDE,FULL,,,
SRR10585495,SRR10585495_270143_4,AMINOGLYCOSIDE,aminoglycoside antibiotic,AMINOGLYCOSIDE,FULL,,,
SRR10585498,SRR10585498_568804_1,AMINOGLYCOSIDE,aminoglycoside antibiotic,AMINOGLYCOSIDE,FULL,,,
SRR10585499,SRR10585499_435871_2,AMINOGLYCOSIDE,aminoglycoside antibiotic,AMINOGLYCOSIDE,FULL,,,
SRR10585513,SRR10585513_175205_1,SULFONAMIDE,sulfonamide antibiotic,SULFONAMIDE,FULL,,,
SRR10585513,SRR10585513_385111_2,AMINOGLYCOSIDE,aminoglycoside antibiotic,AMINOGLYCOSIDE,FULL,,,
SRR10585513,SRR10585513_385111_3,AMINOGLYCOSIDE,aminoglycoside antibiotic,AMINOGLYCOSIDE,FULL,,,
SRR10585514,SRR10585514_118284_1,QUATERNARY AMMONIUM,disinfecting agents and antiseptics,QUATERNARY AMMONIUM,FULL,,,
SRR10585514,SRR10585514_118284_2,SULFONAMIDE,sulfonamide antibiotic,SULFONAMIDE,FULL,,,
SRR10585514,SRR10585514_331901_2,AMINOGLYCOSIDE,aminoglycoside antibiotic,AMINOGLYCOSIDE,FULL,,,
SRR10585515,SRR10585515_433713_1,SULFONAMIDE,sulfonamide antibiotic,SULFONAMIDE,FULL,,,
SRR10585516,SRR10585516_64110_1,AMINOGLYCOSIDE,aminoglycoside antibiotic,AMINOGLYCOSIDE,FULL,,,
SRR10585516,SRR10585516_64110_2,AMINOGLYCOSIDE,aminoglycoside antibiotic,AMINOGLYCOSIDE,FULL,,,
SRR10585527,SRR10585527_225209_1,SULFONAMIDE,sulfonamide antibiotic,SULFONAMIDE,FULL,,,
SRR10585528,SRR10585528_95553_3,SULFONAMIDE,sulfonamide antibiotic,SULFONAMIDE,FULL,,,
SRR10585558,SRR10585558_144977_2,AMINOGLYCOSIDE,aminoglycoside antibiotic,AMINOGLYCOSIDE,FULL,,,
SRR10585561,SRR10585561_36356_2,AMINOGLYCOSIDE,aminoglycoside antibiotic,AMINOGLYCOSIDE,FULL,,,
SRR10664432,SRR10664432_40906_1,BETA-LACTAM,penicillin beta-lactam,BETA-LACTAM,FULL,,,
SRR11036331,SRR11036331_14213_3,SULFONAMIDE,sulfonamide antibiotic,SULFONAMIDE,FULL,,,
SRR11036331,SRR11036331_14213_4,QUATERNARY AMMONIUM,disinfecting agents and antiseptics,QUATERNARY AMMONIUM,FULL,,,
SRR11036331,SRR11036331_15855_1,AMINOGLYCOSIDE,aminoglycoside antibiotic,AMINOGLYCOSIDE,FULL,,,
SRR11036331,SRR11036331_16257_3,TETRACYCLINE,tetracycline antibiotic,TETRACYCLINE,FULL,,,
SRR11036331,SRR11036331_24518_1,AMINOGLYCOSIDE,aminoglycoside antibiotic,AMINOGLYCOSIDE,FULL,,,
SRR11036331,SRR11036331_63299_3,TETRACYCLINE,tetracycline antibiotic,TETRACYCLINE,FULL,,,
SRR11036331,SRR11036331_66213_2,PHENICOL,phenicol antibiotic,PHENICOL,FULL,,,
SRR11036331,SRR11036331_223484_1,TRIMETHOPRIM,diaminopyrimidine antibiotic,TRIMETHOPRIM,FULL,,,
SRR11602145,SRR11602145_39174_2,LINCOSAMIDE/MACROLIDE/STREPTOGRAMIN,lincosamide antibiotic; streptogramin antibiotic; streptogramin A antibiotic; oxazolidinone antibiotic; phenicol antibiotic; pleuromutilin antibiotic,LINCOSAMIDE/STREPTOGRAMIN,PARTIAL,MACROLIDE,OXAZOLIDINONE/PHENICOL/PLEUROMUTILIN,
SRR11605266,SRR11605266_2542_1,BETA-LACTAM,monobactam; cephalosporin; penicillin beta-lactam,BETA-LACTAM,FULL,,,
SRR13259372,SRR13259372_6106_2,FOSFOMYCIN,phosphonic acid antibiotic,FOSFOMYCIN,FULL,,,
SRR13259372,SRR13259372_6327_1,TETRACYCLINE,tetracycline antibiotic,TETRACYCLINE,FULL,,,
SRR13259372,SRR13259372_22436_1,QUATERNARY AMMONIUM,disinfecting agents and antiseptics,QUATERNARY AMMONIUM,FULL,,,
SRR13259372,SRR13259372_99226_1,QUATERNARY AMMONIUM,disinfecting agents and antiseptics,QUATERNARY AMMONIUM,FULL,,,
SRR13259373,SRR13259373_889_2,LINCOSAMIDE,lincosamide antibiotic,LINCOSAMIDE,FULL,,,
SRR13259373,SRR13259373_36976_1,TETRACYCLINE,tetracycline antibiotic,TETRACYCLINE,FULL,,,
SRR13259373,SRR13259373_40845_2,AMINOGLYCOSIDE,aminoglycoside antibiotic,AMINOGLYCOSIDE,FULL,,,
SRR13259373,SRR13259373_47739_1,LINCOSAMIDE,lincosamide antibiotic,LINCOSAMIDE,FULL,,,
SRR13259373,SRR13259373_55574_3,PHENICOL,phenicol antibiotic,PHENICOL,FULL,,,
SRR13259375,SRR13259375_1779_1,TETRACYCLINE,tetracycline antibiotic,TETRACYCLINE,FULL,,,
SRR13259375,SRR13259375_3759_1,MACROLIDE/STREPTOGRAMIN,macrolide antibiotic; streptogramin antibiotic; streptogramin B antibiotic,MACROLIDE/STREPTOGRAMIN,FULL,,,
SRR13259375,SRR13259375_5378_1,FOSFOMYCIN,phosphonic acid antibiotic,FOSFOMYCIN,FULL,,,
SRR13259375,SRR13259375_14619_2,LINCOSAMIDE/MACROLIDE/STREPTOGRAMIN,macrolide antibiotic; lincosamide antibiotic; streptogramin antibiotic; streptogramin B antibiotic,LINCOSAMIDE/MACROLIDE/STREPTOGRAMIN,FULL,,,
SRR13259375,SRR13259375_38859_1,QUATERNARY AMMONIUM,disinfecting agents and antiseptics,QUATERNARY AMMONIUM,FULL,,,
SRR13259375,SRR13259375_90969_1,QUATERNARY AMMONIUM,disinfecting agents and antiseptics,QUATERNARY AMMONIUM,FULL,,,
SRR13259377,SRR13259377_192_7,FOSFOMYCIN,phosphonic acid antibiotic,FOSFOMYCIN,FULL,,,
SRR13259377,SRR13259377_54119_1,QUATERNARY AMMONIUM,disinfecting agents and antiseptics,QUATERNARY AMMONIUM,FULL,,,
SRR13259377,SRR13259377_156409_2,QUATERNARY AMMONIUM,disinfecting agents and antiseptics,QUATERNARY AMMONIUM,FULL,,,
SRR13259378,SRR13259378_54894_1,BETA-LACTAM,penicillin beta-lactam,BETA-LACTAM,FULL,,,
SRR13259379,SRR13259379_12190_3,BETA-LACTAM,penicillin beta-lactam,BETA-LACTAM,FULL,,,
SRR13259379,SRR13259379_29613_1,TETRACYCLINE,tetracycline antibiotic,TETRACYCLINE,FULL,,,
SRR13259379,SRR13259379_43857_2,FOSFOMYCIN,phosphonic acid antibiotic,FOSFOMYCIN,FULL,,,
SRR13259379,SRR13259379_111506_1,QUATERNARY AMMONIUM,disinfecting agents and antiseptics,QUATERNARY AMMONIUM,FULL,,,
SRR13259379,SRR13259379_134837_1,QUATERNARY AMMONIUM,disinfecting agents and antiseptics,QUATERNARY AMMONIUM,FULL,,,
SRR13308520,SRR13308520_5229_11,AMINOGLYCOSIDE,aminoglycoside antibiotic,AMINOGLYCOSIDE,FULL,,,
SRR13308520,SRR13308520_15477_1,TETRACYCLINE,tetracycline antibiotic,TETRACYCLINE,FULL,,,
SRR13308521,SRR13308521_10679_2,LINCOSAMIDE/MACROLIDE/STREPTOGRAMIN,macrolide antibiotic; lincosamide antibiotic; streptogramin antibiotic; streptogramin A antibiotic; streptogramin B antibiotic,LINCOSAMIDE/MACROLIDE/STREPTOGRAMIN,FULL,,,
SRR13308521,SRR13308521_12688_2,TETRACYCLINE,tetracycline antibiotic,TETRACYCLINE,FULL,,,
SRR13308521,SRR13308521_44388_1,AMINOGLYCOSIDE,aminoglycoside antibiotic,AMINOGLYCOSIDE,FULL,,,
SRR13308521,SRR13308521_44388_2,AMINOGLYCOSIDE,aminoglycoside antibiotic,AMINOGLYCOSIDE,FULL,,,
SRR13308523,SRR13308523_1827_8,MACROLIDE,macrolide antibiotic,MACROLIDE,FULL,,,
SRR13308523,SRR13308523_1827_9,MACROLIDE/STREPTOGRAMIN,macrolide antibiotic; streptogramin antibiotic,MACROLIDE/STREPTOGRAMIN,FULL,,,
SRR13308523,SRR13308523_29411_4,BETA-LACTAM,penicillin beta-lactam,BETA-LACTAM,FULL,,,
SRR13308523,SRR13308523_33434_1,TETRACYCLINE,tetracycline antibiotic,TETRACYCLINE,FULL,,,
SRR13308523,SRR13308523_71807_1,TETRACYCLINE,tetracycline antibiotic,TETRACYCLINE,FULL,,,
SRR13308525,SRR13308525_137_4,AMINOGLYCOSIDE,aminoglycoside antibiotic,AMINOGLYCOSIDE,FULL,,,
SRR13308525,SRR13308525_5811_2,TETRACYCLINE,tetracycline antibiotic,TETRACYCLINE,FULL,,,
SRR13308528,SRR13308528_12542_1,AMINOGLYCOSIDE,aminoglycoside antibiotic,AMINOGLYCOSIDE,FULL,,,
SRR13308528,SRR13308528_12542_2,AMINOGLYCOSIDE,aminoglycoside antibiotic,AMINOGLYCOSIDE,FULL,,,
SRR13308530,SRR13308530_192_2,TETRACYCLINE,tetracycline antibiotic,TETRACYCLINE,FULL,,,
SRR13308530,SRR13308530_4086_4,AMINOGLYCOSIDE,aminoglycoside antibiotic,AMINOGLYCOSIDE,FULL,,,
SRR13308536,SRR13308536_108_2,TETRACYCLINE,tetracycline antibiotic,TETRACYCLINE,FULL,,,
SRR13308536,SRR13308536_26492_3,AMINOGLYCOSIDE,aminoglycoside antibiotic,AMINOGLYCOSIDE,FULL,,,
SRR13308536,SRR13308536_83872_1,AMINOGLYCOSIDE,aminoglycoside antibiotic,AMINOGLYCOSIDE,FULL,,,
SRR13308536,SRR13308536_87587_1,QUATERNARY AMMONIUM,disinfecting agents and antiseptics,QUATERNARY AMMONIUM,FULL,,,
SRR13308536,SRR13308536_87587_2,SULFONAMIDE,sulfonamide antibiotic,SULFONAMIDE,FULL,,,
SRR13308536,SRR13308536_106335_2,AMINOGLYCOSIDE,aminoglycoside antibiotic,AMINOGLYCOSIDE,FULL,,,
SRR13308536,SRR13308536_106335_3,AMINOGLYCOSIDE,aminoglycoside antibiotic,AMINOGLYCOSIDE,FULL,,,
SRR13308537,SRR13308537_1001_2,TETRACYCLINE,tetracycline antibiotic,TETRACYCLINE,FULL,,,
SRR13308537,SRR13308537_7093_3,AMINOGLYCOSIDE,aminoglycoside antibiotic,AMINOGLYCOSIDE,FULL,,,
SRR13308537,SRR13308537_11501_2,BETA-LACTAM,penicillin beta-lactam,BETA-LACTAM,FULL,,,
SRR13308537,SRR13308537_16459_1,AMINOGLYCOSIDE,aminoglycoside antibiotic,AMINOGLYCOSIDE,FULL,,,
SRR13308537,SRR13308537_16459_2,AMINOGLYCOSIDE,aminoglycoside antibiotic,AMINOGLYCOSIDE,FULL,,,
SRR13308537,SRR13308537_25231_2,SULFONAMIDE,sulfonamide antibiotic,SULFONAMIDE,FULL,,,
SRR13308537,SRR13308537_25231_3,QUATERNARY AMMONIUM,disinfecting agents and antiseptics,QUATERNARY AMMONIUM,FULL,,,
SRR13308540,SRR13308540_4422_2,AMINOGLYCOSIDE,aminoglycoside antibiotic,AMINOGLYCOSIDE,FULL,,,
SRR13308540,SRR13308540_16237_6,BETA-LACTAM,penicillin beta-lactam,BETA-LACTAM,FULL,,,
SRR13308540,SRR13308540_24700_2,BETA-LACTAM,penicillin beta-lactam,BETA-LACTAM,FULL,,,
SRR13308540,SRR13308540_26482_7,AMINOGLYCOSIDE,aminoglycoside antibiotic,AMINOGLYCOSIDE,FULL,,,
SRR13308540,SRR13308540_44529_1,TETRACYCLINE,tetracycline antibiotic,TETRACYCLINE,FULL,,,
SRR13308542,SRR13308542_1601_11,AMINOGLYCOSIDE,aminoglycoside antibiotic,AMINOGLYCOSIDE,FULL,,,
SRR13308542,SRR13308542_20421_1,TETRACYCLINE,tetracycline antibiotic,TETRACYCLINE,FULL,,,
SRR13564727,SRR13564727_24850_1,BETA-LACTAM,cephalosporin,BETA-LACTAM,FULL,,,
SRR13564727,SRR13564727_29183_3,BETA-LACTAM,cephalosporin,BETA-LACTAM,FULL,,,
SRR13564728,SRR13564728_5676_5,FOSFOMYCIN,phosphonic acid antibiotic,FOSFOMYCIN,FULL,,,
SRR13638419,SRR13638419_1251_2,SULFONAMIDE,sulfonamide antibiotic,SULFONAMIDE,FULL,,,
SRR13638419,SRR13638419_10254_1,COLISTIN,peptide antibiotic,COLISTIN,FULL,,,
SRR13638419,SRR13638419_11377_1,QUATERNARY AMMONIUM,disinfecting agents and antiseptics,QUATERNARY AMMONIUM,FULL,,,
SRR13638419,SRR13638419_22988_1,AMINOGLYCOSIDE,aminoglycoside antibiotic,AMINOGLYCOSIDE,FULL,,,
SRR13638419,SRR13638419_22988_2,AMINOGLYCOSIDE,aminoglycoside antibiotic,AMINOGLYCOSIDE,FULL,,,
SRR13638419,SRR13638419_25999_2,PHENICOL,phenicol antibiotic,PHENICOL,FULL,,,
SRR13638419,SRR13638419_45398_3,TETRACYCLINE,tetracycline antibiotic,TETRACYCLINE,FULL,,,
SRR13638419,SRR13638419_64126_1,TETRACYCLINE,tetracycline antibiotic,TETRACYCLINE,FULL,,,
SRR13638419,SRR13638419_67585_1,BETA-LACTAM,penicillin beta-lactam,BETA-LACTAM,FULL,,,
SRR13638419,SRR13638419_69657_1,TETRACYCLINE,tetracycline antibiotic,TETRACYCLINE,FULL,,,
SRR13638419,SRR13638419_71727_2,QUINOLONE,fluoroquinolone antibiotic,QUINOLONE,FULL,,,
SRR13638419,SRR13638419_82138_1,LINCOSAMIDE/STREPTOGRAMIN,lincosamide antibiotic; streptogramin antibiotic; pleuromutilin antibiotic,LINCOSAMIDE/STREPTOGRAMIN,PARTIAL,,PLEUROMUTILIN,
SRR13638419,SRR13638419_84522_1,TETRACYCLINE,tetracycline antibiotic,TETRACYCLINE,FULL,,,
SRR13638419,SRR13638419_88442_1,TETRACYCLINE,tetracycline antibiotic,TETRACYCLINE,FULL,,,
SRR13638419,SRR13638419_88766_2,STREPTOTHRICIN,nucleoside antibiotic,STREPTOTHRICIN,FULL,,,
SRR13638419,SRR13638419_88766_3,AMINOGLYCOSIDE,aminoglycoside antibiotic,AMINOGLYCOSIDE,FULL,,,
SRR13638419,SRR13638419_151083_2,LINCOSAMIDE/MACROLIDE/STREPTOGRAMIN,macrolide antibiotic; lincosamide antibiotic; streptogramin antibiotic; streptogramin A antibiotic; streptogramin B antibiotic,LINCOSAMIDE/MACROLIDE/STREPTOGRAMIN,FULL,,,
SRR13638420,SRR13638420_6055_1,TETRACYCLINE,tetracycline antibiotic,TETRACYCLINE,FULL,,,
SRR13638420,SRR13638420_37784_2,TETRACYCLINE,tetracycline antibiotic,TETRACYCLINE,FULL,,,
SRR13638420,SRR13638420_50627_1,LINCOSAMIDE,lincosamide antibiotic,LINCOSAMIDE,FULL,,,
SRR13638420,SRR13638420_55980_1,TETRACYCLINE,tetracycline antibiotic,TETRACYCLINE,FULL,,,
SRR13638421,SRR13638421_4573_2,MACROLIDE/STREPTOGRAMIN,macrolide antibiotic; streptogramin antibiotic,MACROLIDE/STREPTOGRAMIN,FULL,,,
SRR13638421,SRR13638421_6469_4,TETRACYCLINE,tetracycline antibiotic,TETRACYCLINE,FULL,,,
SRR13638421,SRR13638421_15018_2,BETA-LACTAM,penicillin beta-lactam,BETA-LACTAM,FULL,,,
SRR13638421,SRR13638421_16227_2,SULFONAMIDE,sulfonamide antibiotic,SULFONAMIDE,FULL,,,
SRR13638421,SRR13638421_17622_1,COLISTIN,peptide antibiotic,COLISTIN,FULL,,,
SRR13638421,SRR13638421_19519_3,TETRACYCLINE,tetracycline antibiotic,TETRACYCLINE,FULL,,,
SRR13638421,SRR13638421_21537_1,LINCOSAMIDE,lincosamide antibiotic,LINCOSAMIDE,FULL,,,
SRR13638421,SRR13638421_25333_1,QUATERNARY AMMONIUM,disinfecting agents and antiseptics,QUATERNARY AMMONIUM,FULL,,,
SRR13638421,SRR13638421_34457_3,TETRACYCLINE,tetracycline antibiotic,TETRACYCLINE,FULL,,,
SRR13638421,SRR13638421_47528_1,TRIMETHOPRIM,diaminopyrimidine antibiotic,TRIMETHOPRIM,FULL,,,
SRR13638421,SRR13638421_48875_3,PHENICOL,phenicol antibiotic,PHENICOL,FULL,,,
SRR13638421,SRR13638421_126651_1,AMINOGLYCOSIDE,aminoglycoside antibiotic,AMINOGLYCOSIDE,FULL,,,
SRR13638421,SRR13638421_126651_2,AMINOGLYCOSIDE,aminoglycoside antibiotic,AMINOGLYCOSIDE,FULL,,,
SRR13638421,SRR13638421_139067_1,QUINOLONE,fluoroquinolone antibiotic,QUINOLONE,FULL,,,
SRR13638422,SRR13638422_2576_2,COLISTIN,peptide antibiotic,COLISTIN,FULL,,,
SRR13638422,SRR13638422_5244_4,TETRACYCLINE,tetracycline antibiotic,TETRACYCLINE,FULL,,,
SRR13638422,SRR13638422_10831_1,QUATERNARY AMMONIUM,disinfecting agents and antiseptics,QUATERNARY AMMONIUM,FULL,,,
SRR13638422,SRR13638422_14532_1,TETRACYCLINE,tetracycline antibiotic,TETRACYCLINE,FULL,,,
SRR13638422,SRR13638422_14950_2,PHENICOL,phenicol antibiotic,PHENICOL,FULL,,,
SRR13638422,SRR13638422_23567_2,SULFONAMIDE,sulfonamide antibiotic,SULFONAMIDE,FULL,,,
SRR13638422,SRR13638422_35930_1,BETA-LACTAM,cephalosporin,BETA-LACTAM,FULL,,,
SRR13638422,SRR13638422_58934_1,TRIMETHOPRIM,diaminopyrimidine antibiotic,TRIMETHOPRIM,FULL,,,
SRR13638422,SRR13638422_78999_1,QUINOLONE,fluoroquinolone antibiotic,QUINOLONE,FULL,,,
SRR13638422,SRR13638422_139377_1,LINCOSAMIDE,lincosamide antibiotic,LINCOSAMIDE,FULL,,,
SRR13638423,SRR13638423_131_1,TETRACYCLINE,tetracycline antibiotic,TETRACYCLINE,FULL,,,
SRR13638423,SRR13638423_5426_1,TETRACYCLINE,tetracycline antibiotic,TETRACYCLINE,FULL,,,
SRR13638423,SRR13638423_6688_2,PHENICOL,phenicol antibiotic,PHENICOL,FULL,,,
SRR13638423,SRR13638423_51282_1,LINCOSAMIDE,lincosamide antibiotic,LINCOSAMIDE,FULL,,,
SRR13638423,SRR13638423_95131_1,LINCOSAMIDE/MACROLIDE/STREPTOGRAMIN,macrolide antibiotic; lincosamide antibiotic; streptogramin antibiotic; streptogramin A antibiotic; streptogramin B antibiotic,LINCOSAMIDE/MACROLIDE/STREPTOGRAMIN,FULL,,,
SRR13638423,SRR13638423_168766_2,TETRACYCLINE,tetracycline antibiotic,TETRACYCLINE,FULL,,,
SRR13638424,SRR13638424_4807_1,TETRACYCLINE,tetracycline antibiotic,TETRACYCLINE,FULL,,,
SRR13638424,SRR13638424_12245_1,TETRACYCLINE,tetracycline antibiotic,TETRACYCLINE,FULL,,,
SRR13638424,SRR13638424_27046_1,AMINOGLYCOSIDE,aminoglycoside antibiotic,AMINOGLYCOSIDE,FULL,,,
SRR13638424,SRR13638424_33716_1,LINCOSAMIDE,lincosamide antibiotic,LINCOSAMIDE,FULL,,,
SRR13638424,SRR13638424_48822_2,QUINOLONE,fluoroquinolone antibiotic,QUINOLONE,FULL,,,
SRR13638424,SRR13638424_69924_1,TRIMETHOPRIM,diaminopyrimidine antibiotic,TRIMETHOPRIM,FULL,,,
SRR13638424,SRR13638424_87086_4,TETRACYCLINE,tetracycline antibiotic,TETRACYCLINE,FULL,,,
SRR13638424,SRR13638424_171970_2,BETA-LACTAM,monobactam; cephalosporin; penicillin beta-lactam,BETA-LACTAM,FULL,,,
SRR13638425,SRR13638425_1282_1,TETRACYCLINE,tetracycline antibiotic,TETRACYCLINE,FULL,,,
SRR13638425,SRR13638425_6805_3,TETRACYCLINE,tetracycline antibiotic,TETRACYCLINE,FULL,,,
SRR13638425,SRR13638425_8618_5,QUINOLONE,fluoroquinolone antibiotic,QUINOLONE,FULL,,,
SRR13638425,SRR13638425_8966_2,TETRACYCLINE,tetracycline antibiotic,TETRACYCLINE,FULL,,,
SRR13638425,SRR13638425_15033_2,TETRACYCLINE,tetracycline antibiotic,TETRACYCLINE,FULL,,,
SRR13638425,SRR13638425_17823_1,TETRACYCLINE,tetracycline antibiotic,TETRACYCLINE,FULL,,,
SRR13638425,SRR13638425_18591_1,TETRACYCLINE,tetracycline antibiotic,TETRACYCLINE,FULL,,,
SRR13638425,SRR13638425_21081_2,TRIMETHOPRIM,diaminopyrimidine antibiotic,TRIMETHOPRIM,FULL,,,
SRR13638425,SRR13638425_34324_1,QUATERNARY AMMONIUM,disinfecting agents and antiseptics,QUATERNARY AMMONIUM,FULL,,,
SRR13638425,SRR13638425_34324_2,SULFONAMIDE,sulfonamide antibiotic,SULFONAMIDE,FULL,,,
SRR13638425,SRR13638425_36366_2,LINCOSAMIDE/MACROLIDE/STREPTOGRAMIN,macrolide antibiotic; lincosamide antibiotic; streptogramin antibiotic; streptogramin A antibiotic; streptogramin B antibiotic,LINCOSAMIDE/MACROLIDE/STREPTOGRAMIN,FULL,,,
SRR13638425,SRR13638425_91118_1,LINCOSAMIDE,lincosamide antibiotic,LINCOSAMIDE,FULL,,,
SRR13638426,SRR13638426_84855_1,LINCOSAMIDE,lincosamide antibiotic,LINCOSAMIDE,FULL,,,
SRR13638426,SRR13638426_122077_1,QUATERNARY AMMONIUM,disinfecting agents and antiseptics,QUATERNARY AMMONIUM,FULL,,,
SRR13638426,SRR13638426_640419_1,TETRACYCLINE,tetracycline antibiotic,TETRACYCLINE,FULL,,,
SRR13638428,SRR13638428_10406_2,QUATERNARY AMMONIUM,disinfecting agents and antiseptics,QUATERNARY AMMONIUM,FULL,,,
SRR13638428,SRR13638428_10406_3,SULFONAMIDE,sulfonamide antibiotic,SULFONAMIDE,FULL,,,
SRR13638428,SRR13638428_14096_1,LINCOSAMIDE,lincosamide antibiotic,LINCOSAMIDE,FULL,,,
SRR13638428,SRR13638428_14096_2,LINCOSAMIDE/STREPTOGRAMIN,lincosamide antibiotic; streptogramin antibiotic; pleuromutilin antibiotic,LINCOSAMIDE/STREPTOGRAMIN,PARTIAL,,PLEUROMUTILIN,
SRR13638428,SRR13638428_28247_1,QUINOLONE,fluoroquinolone antibiotic,QUINOLONE,FULL,,,
SRR13638428,SRR13638428_78538_1,LINCOSAMIDE,lincosamide antibiotic,LINCOSAMIDE,FULL,,,
SRR13638428,SRR13638428_93873_2,AMINOGLYCOSIDE,aminoglycoside antibiotic,AMINOGLYCOSIDE,FULL,,,
SRR13638428,SRR13638428_108790_1,LINCOSAMIDE/MACROLIDE/STREPTOGRAMIN,macrolide antibiotic; lincosamide antibiotic; streptogramin antibiotic; streptogramin A antibiotic; streptogramin B antibiotic,LINCOSAMIDE/MACROLIDE/STREPTOGRAMIN,FULL,,,
SRR13638428,SRR13638428_187036_2,AMINOGLYCOSIDE,aminoglycoside antibiotic,AMINOGLYCOSIDE,FULL,,,
SRR13638430,SRR13638430_4517_1,LINCOSAMIDE,lincosamide antibiotic,LINCOSAMIDE,FULL,,,
SRR13638430,SRR13638430_10464_3,TETRACYCLINE,tetracycline antibiotic,TETRACYCLINE,FULL,,,
SRR13638430,SRR13638430_31070_1,AMINOGLYCOSIDE,aminoglycoside antibiotic,AMINOGLYCOSIDE,FULL,,,
SRR13638430,SRR13638430_31070_2,AMINOGLYCOSIDE,aminoglycoside antibiotic,AMINOGLYCOSIDE,FULL,,,
SRR13638431,SRR13638431_12913_2,TETRACYCLINE,tetracycline antibiotic,TETRACYCLINE,FULL,,,
SRR13638431,SRR13638431_37771_1,TRIMETHOPRIM,diaminopyrimidine antibiotic,TRIMETHOPRIM,FULL,,,
SRR13638431,SRR13638431_53946_1,LINCOSAMIDE,lincosamide antibiotic,LINCOSAMIDE,FULL,,,
SRR13638431,SRR13638431_102423_1,QUATERNARY AMMONIUM,disinfecting agents and antiseptics,QUATERNARY AMMONIUM,FULL,,,
SRR13638431,SRR13638431_164169_1,QUINOLONE,fluoroquinolone antibiotic,QUINOLONE,FULL,,,
SRR13638431,SRR13638431_399846_1,AMINOGLYCOSIDE,aminoglycoside antibiotic,AMINOGLYCOSIDE,FULL,,,
SRR13638432,SRR13638432_693784_4,LINCOSAMIDE,lincosamide antibiotic,LINCOSAMIDE,FULL,,,
SRR13638433,SRR13638433_8634_1,LINCOSAMIDE,lincosamide antibiotic,LINCOSAMIDE,FULL,,,
SRR13638436,SRR13638436_22938_1,AMINOGLYCOSIDE,aminoglycoside antibiotic,AMINOGLYCOSIDE,FULL,,,
SRR13638436,SRR13638436_22938_2,QUATERNARY AMMONIUM,disinfecting agents and antiseptics,QUATERNARY AMMONIUM,FULL,,,
SRR13638436,SRR13638436_22938_3,SULFONAMIDE,sulfonamide antibiotic,SULFONAMIDE,FULL,,,
SRR13638436,SRR13638436_57689_1,LINCOSAMIDE/MACROLIDE/STREPTOGRAMIN,macrolide antibiotic; lincosamide antibiotic; streptogramin antibiotic; streptogramin A antibiotic; streptogramin B antibiotic,LINCOSAMIDE/MACROLIDE/STREPTOGRAMIN,FULL,,,
SRR13638436,SRR13638436_66647_1,LINCOSAMIDE,lincosamide antibiotic,LINCOSAMIDE,FULL,,,
SRR13638436,SRR13638436_274256_1,STREPTOGRAMIN,streptogramin antibiotic; streptogramin A antibiotic,STREPTOGRAMIN,FULL,,,
SRR13638437,SRR13638437_6493_9,QUINOLONE,fluoroquinolone antibiotic,QUINOLONE,FULL,,,
SRR13638437,SRR13638437_9484_1,TETRACYCLINE,tetracycline antibiotic,TETRACYCLINE,FULL,,,
SRR13638437,SRR13638437_31930_1,PHENICOL,phenicol antibiotic,PHENICOL,FULL,,,
SRR13638437,SRR13638437_36261_1,LINCOSAMIDE,lincosamide antibiotic,LINCOSAMIDE,FULL,,,
SRR13638437,SRR13638437_74399_1,MACROLIDE/STREPTOGRAMIN,macrolide antibiotic; streptogramin antibiotic,MACROLIDE/STREPTOGRAMIN,FULL,,,
SRR13638437,SRR13638437_74593_1,TRIMETHOPRIM,diaminopyrimidine antibiotic,TRIMETHOPRIM,FULL,,,
SRR13638438,SRR13638438_593_2,TETRACYCLINE,tetracycline antibiotic,TETRACYCLINE,FULL,,,
SRR13638438,SRR13638438_16824_1,TETRACYCLINE,tetracycline antibiotic,TETRACYCLINE,FULL,,,
SRR13638438,SRR13638438_19225_1,LINCOSAMIDE,lincosamide antibiotic,LINCOSAMIDE,FULL,,,
SRR14156940,SRR14156940_138764_2,QUATERNARY AMMONIUM,disinfecting agents and antiseptics,QUATERNARY AMMONIUM,FULL,,,
SRR14611548,SRR14611548_2744_2,BETA-LACTAM,monobactam; cephalosporin; penicillin beta-lactam,BETA-LACTAM,FULL,,,
SRR14611549,SRR14611549_23400_2,BETA-LACTAM,monobactam; cephalosporin; penicillin beta-lactam,BETA-LACTAM,FULL,,,
SRR14611551,SRR14611551_1613_1,BETA-LACTAM,monobactam; cephalosporin; penicillin beta-lactam,BETA-LACTAM,FULL,,,
SRR14611552,SRR14611552_18442_2,BETA-LACTAM,monobactam; cephalosporin; penicillin beta-lactam,BETA-LACTAM,FULL,,,
SRR14611554,SRR14611554_8492_1,BETA-LACTAM,monobactam; cephalosporin; penicillin beta-lactam,BETA-LACTAM,FULL,,,
SRR14611556,SRR14611556_6993_2,BETA-LACTAM,monobactam; cephalosporin; penicillin beta-lactam,BETA-LACTAM,FULL,,,
SRR14611557,SRR14611557_232501_1,BETA-LACTAM,monobactam; cephalosporin; penicillin beta-lactam,BETA-LACTAM,FULL,,,
SRR14611558,SRR14611558_1015_1,BETA-LACTAM,monobactam; cephalosporin; penicillin beta-lactam,BETA-LACTAM,FULL,,,
SRR14611559,SRR14611559_4211_2,BETA-LACTAM,monobactam; cephalosporin; penicillin beta-lactam,BETA-LACTAM,FULL,,,
SRR14611560,SRR14611560_1177_1,BETA-LACTAM,monobactam; cephalosporin; penicillin beta-lactam,BETA-LACTAM,FULL,,,
SRR14611561,SRR14611561_14195_2,BETA-LACTAM,monobactam; cephalosporin; penicillin beta-lactam,BETA-LACTAM,FULL,,,
SRR14611562,SRR14611562_10202_2,BETA-LACTAM,monobactam; cephalosporin; penicillin beta-lactam,BETA-LACTAM,FULL,,,
SRR14611563,SRR14611563_63191_1,BETA-LACTAM,monobactam; cephalosporin; penicillin beta-lactam,BETA-LACTAM,FULL,,,
SRR14611564,SRR14611564_1701_2,BETA-LACTAM,monobactam; cephalosporin; penicillin beta-lactam,BETA-LACTAM,FULL,,,
SRR14611565,SRR14611565_10375_2,BETA-LACTAM,monobactam; cephalosporin; penicillin beta-lactam,BETA-LACTAM,FULL,,,
SRR14611566,SRR14611566_5400_1,BETA-LACTAM,monobactam; cephalosporin; penicillin beta-lactam,BETA-LACTAM,FULL,,,
SRR14739068,SRR14739068_20810_3,TETRACYCLINE,tetracycline antibiotic,TETRACYCLINE,FULL,,,
SRR14739068,SRR14739068_22352_2,AMINOGLYCOSIDE,aminoglycoside antibiotic,AMINOGLYCOSIDE,FULL,,,
SRR14739068,SRR14739068_22352_3,AMINOGLYCOSIDE,aminoglycoside antibiotic,AMINOGLYCOSIDE,FULL,,,
SRR14739068,SRR14739068_22352_4,SULFONAMIDE,sulfonamide antibiotic,SULFONAMIDE,FULL,,,
SRR14739068,SRR14739068_145951_2,BETA-LACTAM,monobactam; cephalosporin; penicillin beta-lactam,BETA-LACTAM,FULL,,,
SRR14739068,SRR14739068_204967_2,TRIMETHOPRIM,diaminopyrimidine antibiotic,TRIMETHOPRIM,FULL,,,
SRR14739068,SRR14739068_216325_1,QUATERNARY AMMONIUM,disinfecting agents and antiseptics,QUATERNARY AMMONIUM,FULL,,,
SRR14739071,SRR14739071_584804_1,TETRACYCLINE,tetracycline antibiotic,TETRACYCLINE,FULL,,,
SRR14739079,SRR14739079_428_2,BETA-LACTAM,cephalosporin; penicillin beta-lactam,BETA-LACTAM,FULL,,,
SRR14739079,SRR14739079_782_1,BETA-LACTAM,cephalosporin,BETA-LACTAM,FULL,,,
SRR14739079,SRR14739079_16840_2,COLISTIN,peptide antibiotic,COLISTIN,FULL,,,
SRR14739106,SRR14739106_8360_3,TETRACYCLINE,tetracycline antibiotic,TETRACYCLINE,FULL,,,
SRR14739106,SRR14739106_13476_2,PHENICOL,phenicol antibiotic,PHENICOL,FULL,,,
SRR14739106,SRR14739106_19260_2,SULFONAMIDE,sulfonamide antibiotic,SULFONAMIDE,FULL,,,
SRR14739106,SRR14739106_21723_4,SULFONAMIDE,sulfonamide antibiotic,SULFONAMIDE,FULL,,,
SRR14739106,SRR14739106_21723_5,QUATERNARY AMMONIUM,disinfecting agents and antiseptics,QUATERNARY AMMONIUM,FULL,,,
SRR14739106,SRR14739106_29743_3,TETRACYCLINE,tetracycline antibiotic,TETRACYCLINE,FULL,,,
SRR14739106,SRR14739106_55412_3,TRIMETHOPRIM,diaminopyrimidine antibiotic,TRIMETHOPRIM,FULL,,,
SRR14739106,SRR14739106_55412_4,STREPTOTHRICIN,nucleoside antibiotic,STREPTOTHRICIN,FULL,,,
SRR14739106,SRR14739106_61492_3,MACROLIDE,macrolide antibiotic,MACROLIDE,FULL,,,
SRR14739106,SRR14739106_69597_2,SULFONAMIDE,sulfonamide antibiotic,SULFONAMIDE,FULL,,,
SRR14739115,SRR14739115_27455_2,TETRACYCLINE,tetracycline antibiotic,TETRACYCLINE,FULL,,,
SRR14739118,SRR14739118_1925_5,SULFONAMIDE,sulfonamide antibiotic,SULFONAMIDE,FULL,,,
SRR14739118,SRR14739118_15110_3,TETRACYCLINE,tetracycline antibiotic,TETRACYCLINE,FULL,,,
SRR14739118,SRR14739118_41674_1,AMINOGLYCOSIDE,aminoglycoside antibiotic,AMINOGLYCOSIDE,FULL,,,
SRR14739118,SRR14739118_41674_2,AMINOGLYCOSIDE,aminoglycoside antibiotic,AMINOGLYCOSIDE,FULL,,,
SRR14739118,SRR14739118_42884_2,PHENICOL,phenicol antibiotic,PHENICOL,FULL,,,
SRR14739118,SRR14739118_251385_1,BETA-LACTAM,monobactam; cephalosporin; penicillin beta-lactam,BETA-LACTAM,FULL,,,
SRR14739118,SRR14739118_337962_1,QUATERNARY AMMONIUM,disinfecting agents and antiseptics,QUATERNARY AMMONIUM,FULL,,,
SRR14739150,SRR14739150_110_3,TETRACYCLINE,tetracycline antibiotic,TETRACYCLINE,FULL,,,
SRR14739150,SRR14739150_11796_2,TETRACYCLINE,tetracycline antibiotic,TETRACYCLINE,FULL,,,
SRR14739150,SRR14739150_16503_2,TETRACYCLINE,tetracycline antibiotic,TETRACYCLINE,FULL,,,
SRR14739150,SRR14739150_24139_3,AMINOGLYCOSIDE,aminoglycoside antibiotic,AMINOGLYCOSIDE,FULL,,,
SRR14739150,SRR14739150_24139_5,AMINOGLYCOSIDE,aminoglycoside antibiotic,AMINOGLYCOSIDE,FULL,,,
SRR14739150,SRR14739150_26194_1,AMINOGLYCOSIDE,aminoglycoside antibiotic,AMINOGLYCOSIDE,FULL,,,
SRR14739150,SRR14739150_26194_2,AMINOGLYCOSIDE,aminoglycoside antibiotic,AMINOGLYCOSIDE,FULL,,,
SRR14739150,SRR14739150_30006_5,AMINOGLYCOSIDE,aminoglycoside antibiotic,AMINOGLYCOSIDE,FULL,,,
SRR14739150,SRR14739150_39886_2,AMINOGLYCOSIDE,aminoglycoside antibiotic,AMINOGLYCOSIDE,FULL,,,
SRR14739150,SRR14739150_45460_2,QUATERNARY AMMONIUM,disinfecting agents and antiseptics,QUATERNARY AMMONIUM,FULL,,,
SRR14739150,SRR14739150_54324_1,BETA-LACTAM,monobactam; cephalosporin; penicillin beta-lactam,BETA-LACTAM,FULL,,,
SRR14739151,SRR14739151_81353_2,QUATERNARY AMMONIUM,disinfecting agents and antiseptics,QUATERNARY AMMONIUM,FULL,,,
SRR14739151,SRR14739151_92104_6,TETRACYCLINE,tetracycline antibiotic,TETRACYCLINE,FULL,,,
SRR14739151,SRR14739151_304216_3,TETRACYCLINE,tetracycline antibiotic,TETRACYCLINE,FULL,,,
SRR14739151,SRR14739151_568498_2,TETRACYCLINE,tetracycline antibiotic,TETRACYCLINE,FULL,,,
SRR14739151,SRR14739151_872787_2,QUATERNARY AMMONIUM,disinfecting agents and antiseptics,QUATERNARY AMMONIUM,FULL,,,
SRR14739151,SRR14739151_1239592_1,QUATERNARY AMMONIUM,disinfecting agents and antiseptics,QUATERNARY AMMONIUM,FULL,,,
SRR14739151,SRR14739151_1616482_1,QUATERNARY AMMONIUM,disinfecting agents and antiseptics,QUATERNARY AMMONIUM,FULL,,,
SRR14739156,SRR14739156_22520_2,QUATERNARY AMMONIUM,disinfecting agents and antiseptics,QUATERNARY AMMONIUM,FULL,,,
SRR14739159,SRR14739159_182336_6,TETRACYCLINE,tetracycline antibiotic,TETRACYCLINE,FULL,,,
SRR14739169,SRR14739169_13153_1,BETA-LACTAM,cephalosporin; penicillin beta-lactam,BETA-LACTAM,FULL,,,
SRR14739169,SRR14739169_152320_4,SULFONAMIDE,sulfonamide antibiotic,SULFONAMIDE,FULL,,,
SRR14739169,SRR14739169_152320_5,QUATERNARY AMMONIUM,disinfecting agents and antiseptics,QUATERNARY AMMONIUM,FULL,,,
SRR14739169,SRR14739169_152320_6,AMINOGLYCOSIDE,aminoglycoside antibiotic,AMINOGLYCOSIDE,FULL,,,
SRR14739169,SRR14739169_152320_7,TRIMETHOPRIM,diaminopyrimidine antibiotic,TRIMETHOPRIM,FULL,,,
SRR14739172,SRR14739172_24247_4,BETA-LACTAM,cephalosporin; penicillin beta-lactam,BETA-LACTAM,FULL,,,
SRR14739172,SRR14739172_96648_3,SULFONAMIDE,sulfonamide antibiotic,SULFONAMIDE,FULL,,,
SRR14739172,SRR14739172_96648_4,QUATERNARY AMMONIUM,disinfecting agents and antiseptics,QUATERNARY AMMONIUM,FULL,,,
SRR14739172,SRR14739172_96648_5,AMINOGLYCOSIDE,aminoglycoside antibiotic,AMINOGLYCOSIDE,FULL,,,
SRR14739172,SRR14739172_96648_6,TRIMETHOPRIM,diaminopyrimidine antibiotic,TRIMETHOPRIM,FULL,,,
SRR15925267,SRR15925267_100159_1,AMINOGLYCOSIDE,aminoglycoside antibiotic,AMINOGLYCOSIDE,FULL,,,
SRR16869959,SRR16869959_2798_1,TETRACYCLINE,tetracycline antibiotic,TETRACYCLINE,FULL,,,
SRR16869959,SRR16869959_41128_1,AMINOGLYCOSIDE,aminoglycoside antibiotic,AMINOGLYCOSIDE,FULL,,,
SRR16950696,SRR16950696_23067_1,MACROLIDE,macrolide antibiotic,MACROLIDE,FULL,,,
SRR16950696,SRR16950696_70134_1,MACROLIDE/STREPTOGRAMIN,macrolide antibiotic; streptogramin antibiotic,MACROLIDE/STREPTOGRAMIN,FULL,,,
SRR16950696,SRR16950696_88048_1,LINCOSAMIDE,lincosamide antibiotic,LINCOSAMIDE,FULL,,,
SRR16950696,SRR16950696_94607_1,TETRACYCLINE,tetracycline antibiotic,TETRACYCLINE,FULL,,,
SRR16950696,SRR16950696_139985_1,TETRACYCLINE,tetracycline antibiotic,TETRACYCLINE,FULL,,,
SRR16950696,SRR16950696_164682_1,OXAZOLIDINONE/PHENICOL,tetracycline antibiotic; oxazolidinone antibiotic; phenicol antibiotic,OXAZOLIDINONE/PHENICOL,PARTIAL,,TETRACYCLINE,
SRR16950697,SRR16950697_6047_1,LINCOSAMIDE,lincosamide antibiotic,LINCOSAMIDE,FULL,,,
SRR16950697,SRR16950697_15158_1,MACROLIDE/STREPTOGRAMIN,macrolide antibiotic; streptogramin antibiotic,MACROLIDE/STREPTOGRAMIN,FULL,,,
SRR16950697,SRR16950697_70444_1,TETRACYCLINE,tetracycline antibiotic,TETRACYCLINE,FULL,,,
SRR16950697,SRR16950697_227352_1,MACROLIDE,macrolide antibiotic,MACROLIDE,FULL,,,
SRR16950698,SRR16950698_11499_1,TETRACYCLINE,tetracycline antibiotic,TETRACYCLINE,FULL,,,
SRR16950698,SRR16950698_30052_1,OXAZOLIDINONE/PHENICOL,tetracycline antibiotic; oxazolidinone antibiotic; phenicol antibiotic,OXAZOLIDINONE/PHENICOL,PARTIAL,,TETRACYCLINE,
SRR16950698,SRR16950698_51214_1,TETRACYCLINE,tetracycline antibiotic,TETRACYCLINE,FULL,,,
SRR16950698,SRR16950698_71518_1,MACROLIDE/STREPTOGRAMIN,macrolide antibiotic; streptogramin antibiotic,MACROLIDE/STREPTOGRAMIN,FULL,,,
SRR16950698,SRR16950698_71518_2,MACROLIDE,macrolide antibiotic,MACROLIDE,FULL,,,
SRR16950699,SRR16950699_59454_1,MACROLIDE,macrolide antibiotic,MACROLIDE,FULL,,,
SRR16950699,SRR16950699_59454_2,MACROLIDE/STREPTOGRAMIN,macrolide antibiotic; streptogramin antibiotic,MACROLIDE/STREPTOGRAMIN,FULL,,,
SRR16950700,SRR16950700_21087_1,MACROLIDE,macrolide antibiotic; streptogramin antibiotic; phosphonic acid antibiotic,MACROLIDE,PARTIAL,,FOSFOMYCIN/STREPTOGRAMIN,
SRR16950700,SRR16950700_50160_1,TETRACYCLINE,tetracycline antibiotic,TETRACYCLINE,FULL,,,
SRR16950700,SRR16950700_77235_1,LINCOSAMIDE,lincosamide antibiotic,LINCOSAMIDE,FULL,,,
SRR16950700,SRR16950700_77791_1,MACROLIDE/STREPTOGRAMIN,macrolide antibiotic; streptogramin antibiotic,MACROLIDE/STREPTOGRAMIN,FULL,,,
SRR16950700,SRR16950700_77791_2,MACROLIDE,macrolide antibiotic,MACROLIDE,FULL,,,
SRR16950701,SRR16950701_3323_1,MACROLIDE,macrolide antibiotic,MACROLIDE,FULL,,,
SRR16950701,SRR16950701_3323_2,MACROLIDE/STREPTOGRAMIN,macrolide antibiotic; streptogramin antibiotic,MACROLIDE/STREPTOGRAMIN,FULL,,,
SRR16950701,SRR16950701_5665_1,LINCOSAMIDE,lincosamide antibiotic,LINCOSAMIDE,FULL,,,
SRR16950701,SRR16950701_61011_1,MACROLIDE,macrolide antibiotic; streptogramin antibiotic; phosphonic acid antibiotic,MACROLIDE,PARTIAL,,FOSFOMYCIN/STREPTOGRAMIN,
SRR16950701,SRR16950701_95621_1,TETRACYCLINE,tetracycline antibiotic,TETRACYCLINE,FULL,,,
SRR16950702,SRR16950702_51758_2,PHENICOL,phenicol antibiotic,PHENICOL,FULL,,,
SRR16950702,SRR16950702_69788_2,AMINOGLYCOSIDE,aminoglycoside antibiotic,AMINOGLYCOSIDE,FULL,,,
SRR16950702,SRR16950702_298370_2,AMINOGLYCOSIDE,aminoglycoside antibiotic,AMINOGLYCOSIDE,FULL,,,
SRR16950703,SRR16950703_948_2,PHENICOL,phenicol antibiotic,PHENICOL,FULL,,,
SRR16950703,SRR16950703_3710_1,TETRACYCLINE,tetracycline antibiotic,TETRACYCLINE,FULL,,,
SRR16950703,SRR16950703_64642_1,AMINOGLYCOSIDE,aminoglycoside antibiotic,AMINOGLYCOSIDE,FULL,,,
SRR16950703,SRR16950703_72968_2,BETA-LACTAM,monobactam; cephalosporin; penicillin beta-lactam,BETA-LACTAM,FULL,,,
SRR16950703,SRR16950703_93949_5,AMINOGLYCOSIDE,aminoglycoside antibiotic,AMINOGLYCOSIDE,FULL,,,
SRR16950703,SRR16950703_544774_1,AMINOGLYCOSIDE,aminoglycoside antibiotic,AMINOGLYCOSIDE,FULL,,,
SRR16950703,SRR16950703_544774_2,AMINOGLYCOSIDE,aminoglycoside antibiotic,AMINOGLYCOSIDE,FULL,,,
SRR16950704,SRR16950704_14647_3,AMINOGLYCOSIDE,aminoglycoside antibiotic,AMINOGLYCOSIDE,FULL,,,
SRR16950704,SRR16950704_14647_4,AMINOGLYCOSIDE,aminoglycoside antibiotic,AMINOGLYCOSIDE,FULL,,,
SRR16950704,SRR16950704_20549_1,LINCOSAMIDE,lincosamide antibiotic,LINCOSAMIDE,FULL,,,
SRR16950704,SRR16950704_34671_5,AMINOGLYCOSIDE,aminoglycoside antibiotic,AMINOGLYCOSIDE,FULL,,,
SRR16950704,SRR16950704_44322_1,BETA-LACTAM,monobactam; cephalosporin; penicillin beta-lactam,BETA-LACTAM,FULL,,,
SRR16950704,SRR16950704_103862_1,AMINOGLYCOSIDE,aminoglycoside antibiotic,AMINOGLYCOSIDE,FULL,,,
SRR17227786,SRR17227786_23919_1,AMINOGLYCOSIDE,aminoglycoside antibiotic,AMINOGLYCOSIDE,FULL,,,
SRR17227786,SRR17227786_23919_2,AMINOGLYCOSIDE,aminoglycoside antibiotic,AMINOGLYCOSIDE,FULL,,,
SRR17227787,SRR17227787_20312_2,AMINOGLYCOSIDE,aminoglycoside antibiotic,AMINOGLYCOSIDE,FULL,,,
SRR17227788,SRR17227788_30694_1,AMINOGLYCOSIDE,aminoglycoside antibiotic,AMINOGLYCOSIDE,FULL,,,
SRR17227788,SRR17227788_30694_2,AMINOGLYCOSIDE,aminoglycoside antibiotic,AMINOGLYCOSIDE,FULL,,,
SRR17227790,SRR17227790_134829_1,AMINOGLYCOSIDE,aminoglycoside antibiotic,AMINOGLYCOSIDE,FULL,,,
SRR17227792,SRR17227792_11141_1,AMINOGLYCOSIDE,aminoglycoside antibiotic,AMINOGLYCOSIDE,FULL,,,
SRR17227792,SRR17227792_11141_2,AMINOGLYCOSIDE,aminoglycoside antibiotic,AMINOGLYCOSIDE,FULL,,,
SRR17227793,SRR17227793_113696_1,AMINOGLYCOSIDE,aminoglycoside antibiotic,AMINOGLYCOSIDE,FULL,,,
SRR17227793,SRR17227793_113696_2,AMINOGLYCOSIDE,aminoglycoside antibiotic,AMINOGLYCOSIDE,FULL,,,
SRR17227794,SRR17227794_15237_1,AMINOGLYCOSIDE,aminoglycoside antibiotic,AMINOGLYCOSIDE,FULL,,,
SRR17227794,SRR17227794_15237_2,AMINOGLYCOSIDE,aminoglycoside antibiotic,AMINOGLYCOSIDE,FULL,,,
SRR17227795,SRR17227795_27172_3,QUATERNARY AMMONIUM,disinfecting agents and antiseptics,QUATERNARY AMMONIUM,FULL,,,
SRR17227795,SRR17227795_101901_1,AMINOGLYCOSIDE,aminoglycoside antibiotic,AMINOGLYCOSIDE,FULL,,,
SRR17227795,SRR17227795_101901_2,AMINOGLYCOSIDE,aminoglycoside antibiotic,AMINOGLYCOSIDE,FULL,,,
SRR17227796,SRR17227796_125560_1,AMINOGLYCOSIDE,aminoglycoside antibiotic,AMINOGLYCOSIDE,FULL,,,
SRR17227796,SRR17227796_125560_2,AMINOGLYCOSIDE,aminoglycoside antibiotic,AMINOGLYCOSIDE,FULL,,,
SRR17227797,SRR17227797_133993_1,AMINOGLYCOSIDE,aminoglycoside antibiotic,AMINOGLYCOSIDE,FULL,,,
SRR17227797,SRR17227797_133993_2,AMINOGLYCOSIDE,aminoglycoside antibiotic,AMINOGLYCOSIDE,FULL,,,
SRR17227798,SRR17227798_42542_1,TETRACYCLINE,tetracycline antibiotic,TETRACYCLINE,FULL,,,
SRR17227798,SRR17227798_47378_1,AMINOGLYCOSIDE,aminoglycoside antibiotic,AMINOGLYCOSIDE,FULL,,,
SRR17227798,SRR17227798_47378_2,AMINOGLYCOSIDE,aminoglycoside antibiotic,AMINOGLYCOSIDE,FULL,,,
SRR17227800,SRR17227800_23753_1,AMINOGLYCOSIDE,aminoglycoside antibiotic,AMINOGLYCOSIDE,FULL,,,
SRR17227800,SRR17227800_23753_2,AMINOGLYCOSIDE,aminoglycoside antibiotic,AMINOGLYCOSIDE,FULL,,,
SRR17227801,SRR17227801_18068_1,AMINOGLYCOSIDE,aminoglycoside antibiotic,AMINOGLYCOSIDE,FULL,,,
SRR17227801,SRR17227801_18068_2,AMINOGLYCOSIDE,aminoglycoside antibiotic,AMINOGLYCOSIDE,FULL,,,
SRR17227802,SRR17227802_109033_2,AMINOGLYCOSIDE,aminoglycoside antibiotic,AMINOGLYCOSIDE,FULL,,,
SRR17227803,SRR17227803_53677_1,TETRACYCLINE,tetracycline antibiotic,TETRACYCLINE,FULL,,,
SRR18334998,SRR18334998_15183_1,LINCOSAMIDE,lincosamide antibiotic,LINCOSAMIDE,FULL,,,
SRR18334998,SRR18334998_49185_1,TETRACYCLINE,tetracycline antibiotic,TETRACYCLINE,FULL,,,
SRR18334999,SRR18334999_7112_1,TETRACYCLINE,tetracycline antibiotic,TETRACYCLINE,FULL,,,
SRR19505782,SRR19505782_12400_1,TETRACYCLINE,tetracycline antibiotic,TETRACYCLINE,FULL,,,
SRR19505782,SRR19505782_14816_1,AMINOGLYCOSIDE,aminoglycoside antibiotic,AMINOGLYCOSIDE,FULL,,,
SRR20746824,SRR20746824_1164_3,AMINOGLYCOSIDE,aminoglycoside antibiotic,AMINOGLYCOSIDE,FULL,,,
SRR20746824,SRR20746824_1901_6,LINCOSAMIDE,lincosamide antibiotic,LINCOSAMIDE,FULL,,,
SRR20746824,SRR20746824_2082_1,LINCOSAMIDE/MACROLIDE/STREPTOGRAMIN,macrolide antibiotic; lincosamide antibiotic; streptogramin antibiotic; streptogramin A antibiotic; streptogramin B antibiotic,LINCOSAMIDE/MACROLIDE/STREPTOGRAMIN,FULL,,,
SRR20746824,SRR20746824_2815_4,AMINOGLYCOSIDE,aminoglycoside antibiotic,AMINOGLYCOSIDE,FULL,,,
SRR20746831,SRR20746831_5010_1,TETRACYCLINE,tetracycline antibiotic,TETRACYCLINE,FULL,,,
SRR20746834,SRR20746834_45093_1,AMINOGLYCOSIDE,aminoglycoside antibiotic,AMINOGLYCOSIDE,FULL,,,
SRR20746839,SRR20746839_20357_1,TETRACYCLINE,tetracycline antibiotic,TETRACYCLINE,FULL,,,
SRR20746839,SRR20746839_21827_1,LINCOSAMIDE/MACROLIDE/STREPTOGRAMIN,macrolide antibiotic; lincosamide antibiotic; streptogramin antibiotic; streptogramin A antibiotic; streptogramin B antibiotic,LINCOSAMIDE/MACROLIDE/STREPTOGRAMIN,FULL,,,
SRR20746854,SRR20746854_47039_2,AMINOGLYCOSIDE,aminoglycoside antibiotic,AMINOGLYCOSIDE,FULL,,,
SRR20746855,SRR20746855_11244_3,TETRACYCLINE,tetracycline antibiotic,TETRACYCLINE,FULL,,,
SRR20746869,SRR20746869_3303_2,LINCOSAMIDE/MACROLIDE/STREPTOGRAMIN,macrolide antibiotic; lincosamide antibiotic; streptogramin antibiotic; streptogramin A antibiotic; streptogramin B antibiotic,LINCOSAMIDE/MACROLIDE/STREPTOGRAMIN,FULL,,,
SRR20746869,SRR20746869_7418_4,AMINOGLYCOSIDE,aminoglycoside antibiotic,AMINOGLYCOSIDE,FULL,,,
SRR20746869,SRR20746869_7418_6,AMINOGLYCOSIDE,aminoglycoside antibiotic,AMINOGLYCOSIDE,FULL,,,
SRR20746880,SRR20746880_2520_1,TETRACYCLINE,tetracycline antibiotic,TETRACYCLINE,FULL,,,
SRR20746881,SRR20746881_2418_2,AMINOGLYCOSIDE,aminoglycoside antibiotic,AMINOGLYCOSIDE,FULL,,,
SRR20746881,SRR20746881_2418_3,STREPTOTHRICIN,nucleoside antibiotic,STREPTOTHRICIN,FULL,,,
SRR20746881,SRR20746881_2418_4,AMINOGLYCOSIDE,aminoglycoside antibiotic,AMINOGLYCOSIDE,FULL,,,
SRR20746881,SRR20746881_8524_2,AMINOGLYCOSIDE,aminoglycoside antibiotic,AMINOGLYCOSIDE,FULL,,,
SRR20746881,SRR20746881_35533_2,TETRACYCLINE,tetracycline antibiotic,TETRACYCLINE,FULL,,,
SRR20746915,SRR20746915_4737_1,TETRACYCLINE,tetracycline antibiotic,TETRACYCLINE,FULL,,,
SRR20746939,SRR20746939_806_1,TETRACYCLINE,tetracycline antibiotic,TETRACYCLINE,FULL,,,
SRR20746939,SRR20746939_2325_1,LINCOSAMIDE/MACROLIDE/STREPTOGRAMIN,macrolide antibiotic; lincosamide antibiotic; streptogramin antibiotic; streptogramin A antibiotic; streptogramin B antibiotic,LINCOSAMIDE/MACROLIDE/STREPTOGRAMIN,FULL,,,
SRR20746939,SRR20746939_2325_3,AMINOGLYCOSIDE,aminoglycoside antibiotic,AMINOGLYCOSIDE,FULL,,,
SRR20746939,SRR20746939_2325_4,STREPTOTHRICIN,nucleoside antibiotic,STREPTOTHRICIN,FULL,,,
SRR20746939,SRR20746939_2325_5,AMINOGLYCOSIDE,aminoglycoside antibiotic,AMINOGLYCOSIDE,FULL,,,
SRR20746956,SRR20746956_689_2,TETRACYCLINE,tetracycline antibiotic,TETRACYCLINE,FULL,,,
SRR20746957,SRR20746957_3457_2,TETRACYCLINE,tetracycline antibiotic,TETRACYCLINE,FULL,,,
SRR20746958,SRR20746958_6243_1,TETRACYCLINE,tetracycline antibiotic,TETRACYCLINE,FULL,,,
SRR20746974,SRR20746974_4158_2,QUATERNARY AMMONIUM,disinfecting agents and antiseptics,QUATERNARY AMMONIUM,FULL,,,
SRR20746976,SRR20746976_2125_3,AMINOGLYCOSIDE,aminoglycoside antibiotic,AMINOGLYCOSIDE,FULL,,,
SRR20746976,SRR20746976_2125_4,STREPTOTHRICIN,nucleoside antibiotic,STREPTOTHRICIN,FULL,,,
SRR20746976,SRR20746976_2125_5,AMINOGLYCOSIDE,aminoglycoside antibiotic,AMINOGLYCOSIDE,FULL,,,
SRR20746976,SRR20746976_7828_1,AMINOGLYCOSIDE,aminoglycoside antibiotic,AMINOGLYCOSIDE,FULL,,,
SRR2081070,SRR2081070_53341_1,PHENICOL,phenicol antibiotic,PHENICOL,FULL,,,
SRR20811133,SRR20811133_6789_4,QUATERNARY AMMONIUM,disinfecting agents and antiseptics,QUATERNARY AMMONIUM,FULL,,,
SRR20811133,SRR20811133_65977_1,QUATERNARY AMMONIUM,disinfecting agents and antiseptics,QUATERNARY AMMONIUM,FULL,,,
SRR20811134,SRR20811134_5643_8,QUATERNARY AMMONIUM,disinfecting agents and antiseptics,QUATERNARY AMMONIUM,FULL,,,
SRR20811134,SRR20811134_33769_1,QUATERNARY AMMONIUM,disinfecting agents and antiseptics,QUATERNARY AMMONIUM,FULL,,,
SRR20811136,SRR20811136_3370_5,QUATERNARY AMMONIUM,disinfecting agents and antiseptics,QUATERNARY AMMONIUM,FULL,,,
SRR20811137,SRR20811137_8566_3,QUATERNARY AMMONIUM,disinfecting agents and antiseptics,QUATERNARY AMMONIUM,FULL,,,
SRR20811151,SRR20811151_74653_1,QUATERNARY AMMONIUM,disinfecting agents and antiseptics,QUATERNARY AMMONIUM,FULL,,,
SRR20811178,SRR20811178_18141_1,QUATERNARY AMMONIUM,disinfecting agents and antiseptics,QUATERNARY AMMONIUM,FULL,,,
SRR20811179,SRR20811179_41958_1,QUATERNARY AMMONIUM,disinfecting agents and antiseptics,QUATERNARY AMMONIUM,FULL,,,
SRR20811179,SRR20811179_75534_1,QUATERNARY AMMONIUM,disinfecting agents and antiseptics,QUATERNARY AMMONIUM,FULL,,,
SRR20811271,SRR20811271_4203_1,QUATERNARY AMMONIUM,disinfecting agents and antiseptics,QUATERNARY AMMONIUM,FULL,,,
SRR20811272,SRR20811272_20925_2,TETRACYCLINE,tetracycline antibiotic,TETRACYCLINE,FULL,,,
SRR20811272,SRR20811272_32356_1,QUATERNARY AMMONIUM,disinfecting agents and antiseptics,QUATERNARY AMMONIUM,FULL,,,
SRR20811273,SRR20811273_10468_1,TETRACYCLINE,tetracycline antibiotic,TETRACYCLINE,FULL,,,
SRR20811274,SRR20811274_14988_2,TETRACYCLINE,tetracycline antibiotic,TETRACYCLINE,FULL,,,
SRR20811280,SRR20811280_741_2,TETRACYCLINE,tetracycline antibiotic,TETRACYCLINE,FULL,,,
SRR20811281,SRR20811281_1302_2,TETRACYCLINE,tetracycline antibiotic,TETRACYCLINE,FULL,,,
SRR20811281,SRR20811281_4379_2,QUATERNARY AMMONIUM,disinfecting agents and antiseptics,QUATERNARY AMMONIUM,FULL,,,
SRR20811281,SRR20811281_22254_1,SULFONAMIDE,sulfonamide antibiotic,SULFONAMIDE,FULL,,,
SRR20811282,SRR20811282_677_2,TETRACYCLINE,tetracycline antibiotic,TETRACYCLINE,FULL,,,
SRR20811283,SRR20811283_23824_2,SULFONAMIDE,sulfonamide antibiotic,SULFONAMIDE,FULL,,,
SRR20811285,SRR20811285_443_2,TETRACYCLINE,tetracycline antibiotic,TETRACYCLINE,FULL,,,
SRR20811285,SRR20811285_3195_1,QUATERNARY AMMONIUM,disinfecting agents and antiseptics,QUATERNARY AMMONIUM,FULL,,,
SRR20811286,SRR20811286_1811_2,TETRACYCLINE,tetracycline antibiotic,TETRACYCLINE,FULL,,,
SRR20811286,SRR20811286_6167_1,QUATERNARY AMMONIUM,disinfecting agents and antiseptics,QUATERNARY AMMONIUM,FULL,,,
SRR2177281,SRR2177281_497213_1,AMINOGLYCOSIDE,aminoglycoside antibiotic,AMINOGLYCOSIDE,FULL,,,
SRR2177282,SRR2177282_9356_1,FOSFOMYCIN,phosphonic acid antibiotic,FOSFOMYCIN,FULL,,,
SRR2177286,SRR2177286_17361_2,TRIMETHOPRIM,diaminopyrimidine antibiotic,TRIMETHOPRIM,FULL,,,
SRR2177286,SRR2177286_17361_3,QUATERNARY AMMONIUM,disinfecting agents and antiseptics,QUATERNARY AMMONIUM,FULL,,,
SRR2177286,SRR2177286_17361_4,SULFONAMIDE,sulfonamide antibiotic,SULFONAMIDE,FULL,,,
SRR2177286,SRR2177286_23963_1,PHENICOL,phenicol antibiotic,PHENICOL,FULL,,,
SRR2177360,SRR2177360_4117_5,GLYCOPEPTIDE,glycopeptide antibiotic,GLYCOPEPTIDE,FULL,,,
SRR2177360,SRR2177360_9947_1,BETA-LACTAM,cephalosporin,BETA-LACTAM,FULL,,,
SRR2182539,SRR2182539_1865_2,LINCOSAMIDE,lincosamide antibiotic,LINCOSAMIDE,FULL,,,
SRR2182546,SRR2182546_136_4,LINCOSAMIDE,lincosamide antibiotic,LINCOSAMIDE,FULL,,,
SRR2182547,SRR2182547_102_5,LINCOSAMIDE,lincosamide antibiotic,LINCOSAMIDE,FULL,,,
SRR2182548,SRR2182548_75_5,LINCOSAMIDE,lincosamide antibiotic,LINCOSAMIDE,FULL,,,
SRR22022232,SRR22022232_20036_2,BETA-LACTAM,cephalosporin,BETA-LACTAM,FULL,,,
SRR22022232,SRR22022232_31729_3,TETRACYCLINE,tetracycline antibiotic,TETRACYCLINE,FULL,,,
SRR22022234,SRR22022234_1497_1,AMINOGLYCOSIDE,aminoglycoside antibiotic,AMINOGLYCOSIDE,FULL,,,
SRR22022234,SRR22022234_39895_1,BETA-LACTAM,penicillin beta-lactam,BETA-LACTAM,FULL,,,
SRR22022234,SRR22022234_302675_1,TETRACYCLINE,tetracycline antibiotic,TETRACYCLINE,FULL,,,
SRR22022234,SRR22022234_451078_3,QUATERNARY AMMONIUM,disinfecting agents and antiseptics,QUATERNARY AMMONIUM,FULL,,,
SRR22022234,SRR22022234_464793_2,QUATERNARY AMMONIUM,disinfecting agents and antiseptics,QUATERNARY AMMONIUM,FULL,,,
SRR22022234,SRR22022234_514254_3,AMINOGLYCOSIDE,aminoglycoside antibiotic,AMINOGLYCOSIDE,FULL,,,
SRR22022234,SRR22022234_514254_4,AMINOGLYCOSIDE,aminoglycoside antibiotic,AMINOGLYCOSIDE,FULL,,,
SRR22022234,SRR22022234_574762_1,QUATERNARY AMMONIUM,disinfecting agents and antiseptics,QUATERNARY AMMONIUM,FULL,,,
SRR22022234,SRR22022234_627850_1,LINCOSAMIDE,lincosamide antibiotic,LINCOSAMIDE,FULL,,,
SRR22022234,SRR22022234_660832_1,QUATERNARY AMMONIUM,disinfecting agents and antiseptics,QUATERNARY AMMONIUM,FULL,,,
SRR22022235,SRR22022235_176062_3,QUATERNARY AMMONIUM,disinfecting agents and antiseptics,QUATERNARY AMMONIUM,FULL,,,
SRR22022238,SRR22022238_7425_2,QUATERNARY AMMONIUM,disinfecting agents and antiseptics,QUATERNARY AMMONIUM,FULL,,,
SRR22022238,SRR22022238_28155_2,QUATERNARY AMMONIUM,disinfecting agents and antiseptics,QUATERNARY AMMONIUM,FULL,,,
SRR22022238,SRR22022238_34501_3,BETA-LACTAM,monobactam; cephalosporin; penicillin beta-lactam,BETA-LACTAM,FULL,,,
SRR22022238,SRR22022238_72533_3,TETRACYCLINE,tetracycline antibiotic,TETRACYCLINE,FULL,,,
SRR22022239,SRR22022239_31527_2,TETRACYCLINE,tetracycline antibiotic,TETRACYCLINE,FULL,,,
SRR22022239,SRR22022239_49955_1,QUATERNARY AMMONIUM,disinfecting agents and antiseptics,QUATERNARY AMMONIUM,FULL,,,
SRR22022239,SRR22022239_51718_2,AMINOGLYCOSIDE,aminoglycoside antibiotic,AMINOGLYCOSIDE,FULL,,,
SRR22022239,SRR22022239_366520_1,QUATERNARY AMMONIUM,disinfecting agents and antiseptics,QUATERNARY AMMONIUM,FULL,,,
SRR22022239,SRR22022239_371774_1,TETRACYCLINE,tetracycline antibiotic,TETRACYCLINE,FULL,,,
SRR22022239,SRR22022239_483151_2,QUATERNARY AMMONIUM,disinfecting agents and antiseptics,QUATERNARY AMMONIUM,FULL,,,
SRR22022240,SRR22022240_198_2,QUATERNARY AMMONIUM,disinfecting agents and antiseptics,QUATERNARY AMMONIUM,FULL,,,
SRR22022240,SRR22022240_585_2,QUATERNARY AMMONIUM,disinfecting agents and antiseptics,QUATERNARY AMMONIUM,FULL,,,
SRR22022240,SRR22022240_13536_1,AMINOGLYCOSIDE,aminoglycoside antibiotic,AMINOGLYCOSIDE,FULL,,,
SRR22022240,SRR22022240_34042_1,AMINOGLYCOSIDE,aminoglycoside antibiotic,AMINOGLYCOSIDE,FULL,,,
SRR22022240,SRR22022240_34042_2,AMINOGLYCOSIDE,aminoglycoside antibiotic,AMINOGLYCOSIDE,FULL,,,
SRR22022240,SRR22022240_174501_6,QUATERNARY AMMONIUM,disinfecting agents and antiseptics,QUATERNARY AMMONIUM,FULL,,,
SRR22022240,SRR22022240_181925_4,TETRACYCLINE,tetracycline antibiotic,TETRACYCLINE,FULL,,,
SRR22022240,SRR22022240_181925_5,QUATERNARY AMMONIUM,disinfecting agents and antiseptics,QUATERNARY AMMONIUM,FULL,,,
SRR22022240,SRR22022240_255695_1,TETRACYCLINE,tetracycline antibiotic,TETRACYCLINE,FULL,,,
SRR22022240,SRR22022240_398659_3,SULFONAMIDE,sulfonamide antibiotic,SULFONAMIDE,FULL,,,
SRR22022241,SRR22022241_253385_2,QUATERNARY AMMONIUM,disinfecting agents and antiseptics,QUATERNARY AMMONIUM,FULL,,,
SRR22022241,SRR22022241_253385_3,TETRACYCLINE,tetracycline antibiotic,TETRACYCLINE,FULL,,,
SRR22022241,SRR22022241_289796_2,AMINOGLYCOSIDE,aminoglycoside antibiotic,AMINOGLYCOSIDE,FULL,,,
SRR22022241,SRR22022241_392838_1,AMINOGLYCOSIDE,aminoglycoside antibiotic,AMINOGLYCOSIDE,FULL,,,
SRR22022241,SRR22022241_498115_2,QUATERNARY AMMONIUM,disinfecting agents and antiseptics,QUATERNARY AMMONIUM,FULL,,,
SRR22022241,SRR22022241_582750_1,BETA-LACTAM,cephalosporin,BETA-LACTAM,FULL,,,
SRR22022241,SRR22022241_783037_1,QUATERNARY AMMONIUM,disinfecting agents and antiseptics,QUATERNARY AMMONIUM,FULL,,,
SRR22022242,SRR22022242_556_4,TETRACYCLINE,tetracycline antibiotic,TETRACYCLINE,FULL,,,
SRR22022242,SRR22022242_556_5,QUATERNARY AMMONIUM,disinfecting agents and antiseptics,QUATERNARY AMMONIUM,FULL,,,
SRR22022242,SRR22022242_3033_2,QUATERNARY AMMONIUM,disinfecting agents and antiseptics,QUATERNARY AMMONIUM,FULL,,,
SRR22022242,SRR22022242_97311_3,SULFONAMIDE,sulfonamide antibiotic,SULFONAMIDE,FULL,,,
SRR22022242,SRR22022242_97311_4,QUATERNARY AMMONIUM,disinfecting agents and antiseptics,QUATERNARY AMMONIUM,FULL,,,
SRR22022242,SRR22022242_108670_1,QUATERNARY AMMONIUM,disinfecting agents and antiseptics,QUATERNARY AMMONIUM,FULL,,,
SRR22022243,SRR22022243_69046_6,QUATERNARY AMMONIUM,disinfecting agents and antiseptics,QUATERNARY AMMONIUM,FULL,,,
SRR22022243,SRR22022243_70059_1,QUATERNARY AMMONIUM,disinfecting agents and antiseptics,QUATERNARY AMMONIUM,FULL,,,
SRR22022243,SRR22022243_114700_1,QUATERNARY AMMONIUM,disinfecting agents and antiseptics,QUATERNARY AMMONIUM,FULL,,,
SRR22022243,SRR22022243_135765_1,QUATERNARY AMMONIUM,disinfecting agents and antiseptics,QUATERNARY AMMONIUM,FULL,,,
SRR22022243,SRR22022243_140746_1,TETRACYCLINE,tetracycline antibiotic,TETRACYCLINE,FULL,,,
SRR22022243,SRR22022243_159869_2,AMINOGLYCOSIDE,aminoglycoside antibiotic,AMINOGLYCOSIDE,FULL,,,
SRR22022243,SRR22022243_196132_1,QUATERNARY AMMONIUM,disinfecting agents and antiseptics,QUATERNARY AMMONIUM,FULL,,,
SRR22022243,SRR22022243_196956_1,QUINOLONE,fluoroquinolone antibiotic,QUINOLONE,FULL,,,
SRR22022247,SRR22022247_11745_3,QUATERNARY AMMONIUM,disinfecting agents and antiseptics,QUATERNARY AMMONIUM,FULL,,,
SRR22022247,SRR22022247_28176_2,QUATERNARY AMMONIUM,disinfecting agents and antiseptics,QUATERNARY AMMONIUM,FULL,,,
SRR22022247,SRR22022247_147081_2,QUATERNARY AMMONIUM,disinfecting agents and antiseptics,QUATERNARY AMMONIUM,FULL,,,
SRR22022248,SRR22022248_13696_2,AMINOGLYCOSIDE,aminoglycoside antibiotic,AMINOGLYCOSIDE,FULL,,,
SRR22022248,SRR22022248_13785_15,AMINOGLYCOSIDE,aminoglycoside antibiotic,AMINOGLYCOSIDE,FULL,,,
SRR22022248,SRR22022248_43027_1,TETRACYCLINE,tetracycline antibiotic,TETRACYCLINE,FULL,,,
SRR22022248,SRR22022248_78479_1,SULFONAMIDE,sulfonamide antibiotic,SULFONAMIDE,FULL,,,
SRR22022248,SRR22022248_105243_2,QUATERNARY AMMONIUM,disinfecting agents and antiseptics,QUATERNARY AMMONIUM,FULL,,,
SRR22022248,SRR22022248_120218_1,TETRACYCLINE,tetracycline antibiotic,TETRACYCLINE,FULL,,,
SRR22022248,SRR22022248_120218_2,QUATERNARY AMMONIUM,disinfecting agents and antiseptics,QUATERNARY AMMONIUM,FULL,,,
SRR22022248,SRR22022248_285916_1,QUATERNARY AMMONIUM,disinfecting agents and antiseptics,QUATERNARY AMMONIUM,FULL,,,
SRR22022248,SRR22022248_540146_1,QUATERNARY AMMONIUM,disinfecting agents and antiseptics,QUATERNARY AMMONIUM,FULL,,,
SRR22022259,SRR22022259_3776_2,COLISTIN,peptide antibiotic,COLISTIN,FULL,,,
SRR22022259,SRR22022259_41191_1,AMINOGLYCOSIDE,aminoglycoside antibiotic,AMINOGLYCOSIDE,FULL,,,
SRR22022259,SRR22022259_41191_2,AMINOGLYCOSIDE,aminoglycoside antibiotic,AMINOGLYCOSIDE,FULL,,,
SRR22022259,SRR22022259_132342_1,QUATERNARY AMMONIUM,disinfecting agents and antiseptics,QUATERNARY AMMONIUM,FULL,,,
SRR22022259,SRR22022259_134332_1,QUATERNARY AMMONIUM,disinfecting agents and antiseptics,QUATERNARY AMMONIUM,FULL,,,
SRR22022259,SRR22022259_242756_1,AMINOGLYCOSIDE,aminoglycoside antibiotic,AMINOGLYCOSIDE,FULL,,,
SRR22022259,SRR22022259_375069_1,QUATERNARY AMMONIUM,disinfecting agents and antiseptics,QUATERNARY AMMONIUM,FULL,,,
SRR22022259,SRR22022259_517019_1,TETRACYCLINE,tetracycline antibiotic,TETRACYCLINE,FULL,,,
SRR22022259,SRR22022259_547414_1,QUATERNARY AMMONIUM,disinfecting agents and antiseptics,QUATERNARY AMMONIUM,FULL,,,
SRR22022259,SRR22022259_596119_1,QUATERNARY AMMONIUM,disinfecting agents and antiseptics,QUATERNARY AMMONIUM,FULL,,,
SRR22022263,SRR22022263_24064_1,AMINOGLYCOSIDE,aminoglycoside antibiotic,AMINOGLYCOSIDE,FULL,,,
SRR22022263,SRR22022263_74172_1,SULFONAMIDE,sulfonamide antibiotic,SULFONAMIDE,FULL,,,
SRR22022263,SRR22022263_83568_1,QUATERNARY AMMONIUM,disinfecting agents and antiseptics,QUATERNARY AMMONIUM,FULL,,,
SRR22022263,SRR22022263_123858_3,AMINOGLYCOSIDE,aminoglycoside antibiotic,AMINOGLYCOSIDE,FULL,,,
SRR22022263,SRR22022263_123858_4,AMINOGLYCOSIDE,aminoglycoside antibiotic,AMINOGLYCOSIDE,FULL,,,
SRR22022266,SRR22022266_56034_1,TETRACYCLINE,tetracycline antibiotic,TETRACYCLINE,FULL,,,
SRR22022266,SRR22022266_647151_1,QUATERNARY AMMONIUM,disinfecting agents and antiseptics,QUATERNARY AMMONIUM,FULL,,,
SRR22022267,SRR22022267_1855_1,QUATERNARY AMMONIUM,disinfecting agents and antiseptics,QUATERNARY AMMONIUM,FULL,,,
SRR22022267,SRR22022267_36960_1,TETRACYCLINE,tetracycline antibiotic,TETRACYCLINE,FULL,,,
SRR22022267,SRR22022267_116948_1,QUATERNARY AMMONIUM,disinfecting agents and antiseptics,QUATERNARY AMMONIUM,FULL,,,
SRR22022267,SRR22022267_158047_1,AMINOGLYCOSIDE,aminoglycoside antibiotic,AMINOGLYCOSIDE,FULL,,,
SRR22022267,SRR22022267_197983_2,QUATERNARY AMMONIUM,disinfecting agents and antiseptics,QUATERNARY AMMONIUM,FULL,,,
SRR22022267,SRR22022267_237752_1,QUATERNARY AMMONIUM,disinfecting agents and antiseptics,QUATERNARY AMMONIUM,FULL,,,
SRR22022268,SRR22022268_585733_2,QUATERNARY AMMONIUM,disinfecting agents and antiseptics,QUATERNARY AMMONIUM,FULL,,,
SRR22022268,SRR22022268_704389_1,QUATERNARY AMMONIUM,disinfecting agents and antiseptics,QUATERNARY AMMONIUM,FULL,,,
SRR22022269,SRR22022269_202850_1,TETRACYCLINE,tetracycline antibiotic,TETRACYCLINE,FULL,,,
SRR22022272,SRR22022272_20992_3,QUATERNARY AMMONIUM,disinfecting agents and antiseptics,QUATERNARY AMMONIUM,FULL,,,
SRR22022272,SRR22022272_249182_1,AMINOGLYCOSIDE,aminoglycoside antibiotic,AMINOGLYCOSIDE,FULL,,,
SRR22022272,SRR22022272_321714_1,QUATERNARY AMMONIUM,disinfecting agents and antiseptics,QUATERNARY AMMONIUM,FULL,,,
SRR22022272,SRR22022272_353476_1,TETRACYCLINE,tetracycline antibiotic,TETRACYCLINE,FULL,,,
SRR22022272,SRR22022272_418996_1,QUATERNARY AMMONIUM,disinfecting agents and antiseptics,QUATERNARY AMMONIUM,FULL,,,
SRR22022273,SRR22022273_271231_4,QUATERNARY AMMONIUM,disinfecting agents and antiseptics,QUATERNARY AMMONIUM,FULL,,,
SRR22022273,SRR22022273_363910_1,AMINOGLYCOSIDE,aminoglycoside antibiotic,AMINOGLYCOSIDE,FULL,,,
SRR22022273,SRR22022273_407460_2,QUATERNARY AMMONIUM,disinfecting agents and antiseptics,QUATERNARY AMMONIUM,FULL,,,
SRR22022280,SRR22022280_239921_1,AMINOGLYCOSIDE,aminoglycoside antibiotic,AMINOGLYCOSIDE,FULL,,,
SRR22022280,SRR22022280_239921_2,AMINOGLYCOSIDE,aminoglycoside antibiotic,AMINOGLYCOSIDE,FULL,,,
SRR22022280,SRR22022280_249056_2,SULFONAMIDE,sulfonamide antibiotic,SULFONAMIDE,FULL,,,
SRR22022280,SRR22022280_272736_2,LINCOSAMIDE/MACROLIDE/STREPTOGRAMIN,macrolide antibiotic; lincosamide antibiotic; streptogramin antibiotic; streptogramin A antibiotic; streptogramin B antibiotic,LINCOSAMIDE/MACROLIDE/STREPTOGRAMIN,FULL,,,
SRR22022280,SRR22022280_369973_1,QUATERNARY AMMONIUM,disinfecting agents and antiseptics,QUATERNARY AMMONIUM,FULL,,,
SRR22022280,SRR22022280_427305_2,QUATERNARY AMMONIUM,disinfecting agents and antiseptics,QUATERNARY AMMONIUM,FULL,,,
SRR22022280,SRR22022280_436398_1,STREPTOTHRICIN,nucleoside antibiotic,STREPTOTHRICIN,FULL,,,
SRR22022280,SRR22022280_442826_1,AMINOGLYCOSIDE,aminoglycoside antibiotic,AMINOGLYCOSIDE,FULL,,,
SRR22022280,SRR22022280_487510_1,QUATERNARY AMMONIUM,disinfecting agents and antiseptics,QUATERNARY AMMONIUM,FULL,,,
SRR22022280,SRR22022280_656713_1,FOSFOMYCIN,phosphonic acid antibiotic,FOSFOMYCIN,FULL,,,
SRR22022283,SRR22022283_1552_3,QUATERNARY AMMONIUM,disinfecting agents and antiseptics,QUATERNARY AMMONIUM,FULL,,,
SRR22022289,SRR22022289_15574_1,TETRACYCLINE,tetracycline antibiotic,TETRACYCLINE,FULL,,,
SRR22022291,SRR22022291_6431_3,QUATERNARY AMMONIUM,disinfecting agents and antiseptics,QUATERNARY AMMONIUM,FULL,,,
SRR22022291,SRR22022291_36464_3,SULFONAMIDE,sulfonamide antibiotic,SULFONAMIDE,FULL,,,
SRR22022291,SRR22022291_36464_4,QUATERNARY AMMONIUM,disinfecting agents and antiseptics,QUATERNARY AMMONIUM,FULL,,,
SRR22022291,SRR22022291_36464_5,AMINOGLYCOSIDE,aminoglycoside antibiotic,AMINOGLYCOSIDE,FULL,,,
SRR22022302,SRR22022302_20002_1,TETRACYCLINE,tetracycline antibiotic,TETRACYCLINE,FULL,,,
SRR22022302,SRR22022302_35174_1,QUATERNARY AMMONIUM,disinfecting agents and antiseptics,QUATERNARY AMMONIUM,FULL,,,
SRR22022302,SRR22022302_97237_2,QUATERNARY AMMONIUM,disinfecting agents and antiseptics,QUATERNARY AMMONIUM,FULL,,,
SRR22022302,SRR22022302_230167_1,LINCOSAMIDE/MACROLIDE/STREPTOGRAMIN,macrolide antibiotic; lincosamide antibiotic; streptogramin antibiotic; streptogramin A antibiotic; streptogramin B antibiotic,LINCOSAMIDE/MACROLIDE/STREPTOGRAMIN,FULL,,,
SRR22022302,SRR22022302_231659_3,QUATERNARY AMMONIUM,disinfecting agents and antiseptics,QUATERNARY AMMONIUM,FULL,,,
SRR22022302,SRR22022302_318382_1,QUATERNARY AMMONIUM,disinfecting agents and antiseptics,QUATERNARY AMMONIUM,FULL,,,
SRR22022302,SRR22022302_373170_1,QUATERNARY AMMONIUM,disinfecting agents and antiseptics,QUATERNARY AMMONIUM,FULL,,,
SRR22022302,SRR22022302_575124_1,LINCOSAMIDE,lincosamide antibiotic,LINCOSAMIDE,FULL,,,
SRR22022304,SRR22022304_33_1,TETRACYCLINE,tetracycline antibiotic,TETRACYCLINE,FULL,,,
SRR22022304,SRR22022304_57_1,LINCOSAMIDE/MACROLIDE/STREPTOGRAMIN,macrolide antibiotic; lincosamide antibiotic; streptogramin antibiotic; streptogramin A antibiotic; streptogramin B antibiotic,LINCOSAMIDE/MACROLIDE/STREPTOGRAMIN,FULL,,,
SRR22022304,SRR22022304_58_1,QUATERNARY AMMONIUM,disinfecting agents and antiseptics,QUATERNARY AMMONIUM,FULL,,,
SRR22022304,SRR22022304_75_2,AMINOGLYCOSIDE,aminoglycoside antibiotic,AMINOGLYCOSIDE,FULL,,,
SRR22022306,SRR22022306_491800_1,TETRACYCLINE,tetracycline antibiotic,TETRACYCLINE,FULL,,,
SRR22022306,SRR22022306_509693_2,QUATERNARY AMMONIUM,disinfecting agents and antiseptics,QUATERNARY AMMONIUM,FULL,,,
SRR22022307,SRR22022307_8065_6,QUATERNARY AMMONIUM,disinfecting agents and antiseptics,QUATERNARY AMMONIUM,FULL,,,
SRR22022307,SRR22022307_12206_2,COLISTIN,peptide antibiotic,COLISTIN,FULL,,,
SRR22022307,SRR22022307_24270_4,TETRACYCLINE,tetracycline antibiotic,TETRACYCLINE,FULL,,,
SRR22022307,SRR22022307_24270_5,QUATERNARY AMMONIUM,disinfecting agents and antiseptics,QUATERNARY AMMONIUM,FULL,,,
SRR22022307,SRR22022307_24531_1,TETRACYCLINE,tetracycline antibiotic,TETRACYCLINE,FULL,,,
SRR22022307,SRR22022307_33153_2,AMINOGLYCOSIDE,aminoglycoside antibiotic,AMINOGLYCOSIDE,FULL,,,
SRR22022307,SRR22022307_71116_2,QUATERNARY AMMONIUM,disinfecting agents and antiseptics,QUATERNARY AMMONIUM,FULL,,,
SRR22022307,SRR22022307_113280_1,QUATERNARY AMMONIUM,disinfecting agents and antiseptics,QUATERNARY AMMONIUM,FULL,,,
SRR22022307,SRR22022307_113969_1,AMINOGLYCOSIDE,aminoglycoside antibiotic,AMINOGLYCOSIDE,FULL,,,
SRR22022307,SRR22022307_113969_2,AMINOGLYCOSIDE,aminoglycoside antibiotic,AMINOGLYCOSIDE,FULL,,,
SRR22022308,SRR22022308_83840_2,QUATERNARY AMMONIUM,disinfecting agents and antiseptics,QUATERNARY AMMONIUM,FULL,,,
SRR22022308,SRR22022308_132741_1,TETRACYCLINE,tetracycline antibiotic,TETRACYCLINE,FULL,,,
SRR22022308,SRR22022308_132741_2,QUATERNARY AMMONIUM,disinfecting agents and antiseptics,QUATERNARY AMMONIUM,FULL,,,
SRR22022308,SRR22022308_134412_1,TETRACYCLINE,tetracycline antibiotic,TETRACYCLINE,FULL,,,
SRR22022308,SRR22022308_208025_3,AMINOGLYCOSIDE,aminoglycoside antibiotic,AMINOGLYCOSIDE,FULL,,,
SRR22022308,SRR22022308_208025_4,AMINOGLYCOSIDE,aminoglycoside antibiotic,AMINOGLYCOSIDE,FULL,,,
SRR22022309,SRR22022309_2534_8,TETRACYCLINE,tetracycline antibiotic,TETRACYCLINE,FULL,,,
SRR22022309,SRR22022309_4384_1,AMINOGLYCOSIDE,aminoglycoside antibiotic,AMINOGLYCOSIDE,FULL,,,
SRR22022309,SRR22022309_26580_2,QUATERNARY AMMONIUM,disinfecting agents and antiseptics,QUATERNARY AMMONIUM,FULL,,,
SRR22022309,SRR22022309_32088_2,QUATERNARY AMMONIUM,disinfecting agents and antiseptics,QUATERNARY AMMONIUM,FULL,,,
SRR22022310,SRR22022310_225357_1,TETRACYCLINE,tetracycline antibiotic,TETRACYCLINE,FULL,,,
SRR22022310,SRR22022310_289229_1,AMINOGLYCOSIDE,aminoglycoside antibiotic,AMINOGLYCOSIDE,FULL,,,
SRR22022310,SRR22022310_312614_3,TETRACYCLINE,tetracycline antibiotic,TETRACYCLINE,FULL,,,
SRR22022310,SRR22022310_362815_1,QUATERNARY AMMONIUM,disinfecting agents and antiseptics,QUATERNARY AMMONIUM,FULL,,,
SRR22022310,SRR22022310_424896_4,QUATERNARY AMMONIUM,disinfecting agents and antiseptics,QUATERNARY AMMONIUM,FULL,,,
SRR22022310,SRR22022310_632714_1,QUATERNARY AMMONIUM,disinfecting agents and antiseptics,QUATERNARY AMMONIUM,FULL,,,
SRR22022310,SRR22022310_658916_2,TETRACYCLINE,tetracycline antibiotic,TETRACYCLINE,FULL,,,
SRR22022310,SRR22022310_763183_2,QUATERNARY AMMONIUM,disinfecting agents and antiseptics,QUATERNARY AMMONIUM,FULL,,,
SRR22022311,SRR22022311_15491_4,QUATERNARY AMMONIUM,disinfecting agents and antiseptics,QUATERNARY AMMONIUM,FULL,,,
SRR22022311,SRR22022311_43862_2,QUATERNARY AMMONIUM,disinfecting agents and antiseptics,QUATERNARY AMMONIUM,FULL,,,
SRR22022311,SRR22022311_171983_4,QUATERNARY AMMONIUM,disinfecting agents and antiseptics,QUATERNARY AMMONIUM,FULL,,,
SRR22022311,SRR22022311_371490_1,QUATERNARY AMMONIUM,disinfecting agents and antiseptics,QUATERNARY AMMONIUM,FULL,,,
SRR22022312,SRR22022312_7761_1,QUATERNARY AMMONIUM,disinfecting agents and antiseptics,QUATERNARY AMMONIUM,FULL,,,
SRR22022312,SRR22022312_13685_1,QUATERNARY AMMONIUM,disinfecting agents and antiseptics,QUATERNARY AMMONIUM,FULL,,,
SRR22022312,SRR22022312_39593_2,QUATERNARY AMMONIUM,disinfecting agents and antiseptics,QUATERNARY AMMONIUM,FULL,,,
SRR22022312,SRR22022312_41591_2,QUATERNARY AMMONIUM,disinfecting agents and antiseptics,QUATERNARY AMMONIUM,FULL,,,
SRR22022312,SRR22022312_67935_2,TETRACYCLINE,tetracycline antibiotic,TETRACYCLINE,FULL,,,
SRR22022312,SRR22022312_87448_2,QUATERNARY AMMONIUM,disinfecting agents and antiseptics,QUATERNARY AMMONIUM,FULL,,,
SRR22022312,SRR22022312_139022_1,LINCOSAMIDE/MACROLIDE/STREPTOGRAMIN,macrolide antibiotic; lincosamide antibiotic; streptogramin antibiotic; streptogramin A antibiotic; streptogramin B antibiotic,LINCOSAMIDE/MACROLIDE/STREPTOGRAMIN,FULL,,,
SRR22022313,SRR22022313_4237_2,QUATERNARY AMMONIUM,disinfecting agents and antiseptics,QUATERNARY AMMONIUM,FULL,,,
SRR22022313,SRR22022313_14963_1,TETRACYCLINE,tetracycline antibiotic,TETRACYCLINE,FULL,,,
SRR22022313,SRR22022313_60872_2,QUATERNARY AMMONIUM,disinfecting agents and antiseptics,QUATERNARY AMMONIUM,FULL,,,
SRR22022314,SRR22022314_286746_3,TETRACYCLINE,tetracycline antibiotic,TETRACYCLINE,FULL,,,
SRR22022314,SRR22022314_298213_1,AMINOGLYCOSIDE,aminoglycoside antibiotic,AMINOGLYCOSIDE,FULL,,,
SRR22022314,SRR22022314_326895_4,QUATERNARY AMMONIUM,disinfecting agents and antiseptics,QUATERNARY AMMONIUM,FULL,,,
SRR22022314,SRR22022314_498111_1,COLISTIN,peptide antibiotic,COLISTIN,FULL,,,
SRR22022314,SRR22022314_502010_1,QUATERNARY AMMONIUM,disinfecting agents and antiseptics,QUATERNARY AMMONIUM,FULL,,,
SRR22022314,SRR22022314_531806_1,TETRACYCLINE,tetracycline antibiotic,TETRACYCLINE,FULL,,,
SRR22022314,SRR22022314_573675_1,AMINOGLYCOSIDE,aminoglycoside antibiotic,AMINOGLYCOSIDE,FULL,,,
SRR22022314,SRR22022314_573675_2,AMINOGLYCOSIDE,aminoglycoside antibiotic,AMINOGLYCOSIDE,FULL,,,
SRR22022316,SRR22022316_110662_2,QUATERNARY AMMONIUM,disinfecting agents and antiseptics,QUATERNARY AMMONIUM,FULL,,,
SRR22022316,SRR22022316_254956_1,AMINOGLYCOSIDE,aminoglycoside antibiotic,AMINOGLYCOSIDE,FULL,,,
SRR22022316,SRR22022316_643711_1,QUATERNARY AMMONIUM,disinfecting agents and antiseptics,QUATERNARY AMMONIUM,FULL,,,
SRR22022318,SRR22022318_8082_1,TETRACYCLINE,tetracycline antibiotic,TETRACYCLINE,FULL,,,
SRR22022318,SRR22022318_23152_2,QUATERNARY AMMONIUM,disinfecting agents and antiseptics,QUATERNARY AMMONIUM,FULL,,,
SRR22022318,SRR22022318_34879_1,AMINOGLYCOSIDE,aminoglycoside antibiotic,AMINOGLYCOSIDE,FULL,,,
SRR22022318,SRR22022318_34879_2,AMINOGLYCOSIDE,aminoglycoside antibiotic,AMINOGLYCOSIDE,FULL,,,
SRR22022318,SRR22022318_40014_1,COLISTIN,peptide antibiotic,COLISTIN,FULL,,,
SRR22022318,SRR22022318_86001_2,TETRACYCLINE,tetracycline antibiotic,TETRACYCLINE,FULL,,,
SRR22022318,SRR22022318_93716_2,QUATERNARY AMMONIUM,disinfecting agents and antiseptics,QUATERNARY AMMONIUM,FULL,,,
SRR22022318,SRR22022318_217756_1,AMINOGLYCOSIDE,aminoglycoside antibiotic,AMINOGLYCOSIDE,FULL,,,
SRR22022319,SRR22022319_81657_2,MACROLIDE,macrolide antibiotic,MACROLIDE,FULL,,,
SRR22022326,SRR22022326_15316_2,AMINOGLYCOSIDE,aminoglycoside antibiotic,AMINOGLYCOSIDE,FULL,,,
SRR22022326,SRR22022326_52947_1,QUATERNARY AMMONIUM,disinfecting agents and antiseptics,QUATERNARY AMMONIUM,FULL,,,
SRR22022328,SRR22022328_26103_2,AMINOGLYCOSIDE,aminoglycoside antibiotic,AMINOGLYCOSIDE,FULL,,,
SRR22022328,SRR22022328_164728_1,AMINOGLYCOSIDE,aminoglycoside antibiotic,AMINOGLYCOSIDE,FULL,,,
SRR22022328,SRR22022328_198477_1,TETRACYCLINE,tetracycline antibiotic,TETRACYCLINE,FULL,,,
SRR22022329,SRR22022329_2326_1,AMINOGLYCOSIDE,aminoglycoside antibiotic,AMINOGLYCOSIDE,FULL,,,
SRR22022329,SRR22022329_32523_2,QUATERNARY AMMONIUM,disinfecting agents and antiseptics,QUATERNARY AMMONIUM,FULL,,,
SRR22022329,SRR22022329_38065_2,QUATERNARY AMMONIUM,disinfecting agents and antiseptics,QUATERNARY AMMONIUM,FULL,,,
SRR22022329,SRR22022329_325481_1,QUATERNARY AMMONIUM,disinfecting agents and antiseptics,QUATERNARY AMMONIUM,FULL,,,
SRR22022329,SRR22022329_456290_1,QUATERNARY AMMONIUM,disinfecting agents and antiseptics,QUATERNARY AMMONIUM,FULL,,,
SRR22022331,SRR22022331_71342_1,AMINOGLYCOSIDE,aminoglycoside antibiotic,AMINOGLYCOSIDE,FULL,,,
SRR22022331,SRR22022331_71342_2,AMINOGLYCOSIDE,aminoglycoside antibiotic,AMINOGLYCOSIDE,FULL,,,
SRR22022331,SRR22022331_153678_2,AMINOGLYCOSIDE,aminoglycoside antibiotic,AMINOGLYCOSIDE,FULL,,,
SRR22022331,SRR22022331_535251_2,SULFONAMIDE,sulfonamide antibiotic,SULFONAMIDE,FULL,,,
SRR22022331,SRR22022331_601518_1,TETRACYCLINE,tetracycline antibiotic,TETRACYCLINE,FULL,,,
SRR22022331,SRR22022331_787886_2,QUATERNARY AMMONIUM,disinfecting agents and antiseptics,QUATERNARY AMMONIUM,FULL,,,
SRR22022331,SRR22022331_1474352_1,QUATERNARY AMMONIUM,disinfecting agents and antiseptics,QUATERNARY AMMONIUM,FULL,,,
SRR22022333,SRR22022333_7086_6,COLISTIN,peptide antibiotic,COLISTIN,FULL,,,
SRR22022333,SRR22022333_9660_1,AMINOGLYCOSIDE,aminoglycoside antibiotic,AMINOGLYCOSIDE,FULL,,,
SRR22022333,SRR22022333_60270_1,TETRACYCLINE,tetracycline antibiotic,TETRACYCLINE,FULL,,,
SRR22022335,SRR22022335_542280_1,FOSFOMYCIN,phosphonic acid antibiotic,FOSFOMYCIN,FULL,,,
SRR22022336,SRR22022336_22824_1,AMINOGLYCOSIDE,aminoglycoside antibiotic,AMINOGLYCOSIDE,FULL,,,
SRR22022337,SRR22022337_324028_2,AMINOGLYCOSIDE,aminoglycoside antibiotic,AMINOGLYCOSIDE,FULL,,,
SRR22022348,SRR22022348_1086_2,AMINOGLYCOSIDE,aminoglycoside antibiotic,AMINOGLYCOSIDE,FULL,,,
SRR22022348,SRR22022348_4479_1,COLISTIN,peptide antibiotic,COLISTIN,FULL,,,
SRR22022348,SRR22022348_180318_2,AMINOGLYCOSIDE,aminoglycoside antibiotic,AMINOGLYCOSIDE,FULL,,,
SRR22022359,SRR22022359_34092_3,AMINOGLYCOSIDE,aminoglycoside antibiotic,AMINOGLYCOSIDE,FULL,,,
SRR22022359,SRR22022359_116886_1,AMINOGLYCOSIDE,aminoglycoside antibiotic,AMINOGLYCOSIDE,FULL,,,
SRR22022359,SRR22022359_232622_2,TETRACYCLINE,tetracycline antibiotic,TETRACYCLINE,FULL,,,
SRR22022359,SRR22022359_238198_1,QUATERNARY AMMONIUM,disinfecting agents and antiseptics,QUATERNARY AMMONIUM,FULL,,,
SRR22022359,SRR22022359_287618_4,TETRACYCLINE,tetracycline antibiotic,TETRACYCLINE,FULL,,,
SRR22022359,SRR22022359_287618_5,QUATERNARY AMMONIUM,disinfecting agents and antiseptics,QUATERNARY AMMONIUM,FULL,,,
SRR22022359,SRR22022359_320730_2,QUATERNARY AMMONIUM,disinfecting agents and antiseptics,QUATERNARY AMMONIUM,FULL,,,
SRR22022359,SRR22022359_526111_2,QUATERNARY AMMONIUM,disinfecting agents and antiseptics,QUATERNARY AMMONIUM,FULL,,,
SRR22022363,SRR22022363_516940_2,AMINOGLYCOSIDE,aminoglycoside antibiotic,AMINOGLYCOSIDE,FULL,,,
SRR22022363,SRR22022363_516940_3,AMINOGLYCOSIDE,aminoglycoside antibiotic,AMINOGLYCOSIDE,FULL,,,
SRR22022363,SRR22022363_990628_1,AMINOGLYCOSIDE,aminoglycoside antibiotic,AMINOGLYCOSIDE,FULL,,,
SRR22022364,SRR22022364_6578_2,AMINOGLYCOSIDE,aminoglycoside antibiotic,AMINOGLYCOSIDE,FULL,,,
SRR22022364,SRR22022364_171789_1,QUATERNARY AMMONIUM,disinfecting agents and antiseptics,QUATERNARY AMMONIUM,FULL,,,
SRR22022364,SRR22022364_452992_1,QUATERNARY AMMONIUM,disinfecting agents and antiseptics,QUATERNARY AMMONIUM,FULL,,,
SRR22022365,SRR22022365_399559_3,QUATERNARY AMMONIUM,disinfecting agents and antiseptics,QUATERNARY AMMONIUM,FULL,,,
SRR22022365,SRR22022365_474422_2,BETA-LACTAM,penicillin beta-lactam,BETA-LACTAM,FULL,,,
SRR22022365,SRR22022365_509870_1,QUATERNARY AMMONIUM,disinfecting agents and antiseptics,QUATERNARY AMMONIUM,FULL,,,
SRR22022365,SRR22022365_528376_1,QUATERNARY AMMONIUM,disinfecting agents and antiseptics,QUATERNARY AMMONIUM,FULL,,,
SRR22022367,SRR22022367_119587_1,AMINOGLYCOSIDE,aminoglycoside antibiotic,AMINOGLYCOSIDE,FULL,,,
SRR22022368,SRR22022368_344810_2,QUATERNARY AMMONIUM,disinfecting agents and antiseptics,QUATERNARY AMMONIUM,FULL,,,
SRR22022368,SRR22022368_350812_1,QUATERNARY AMMONIUM,disinfecting agents and antiseptics,QUATERNARY AMMONIUM,FULL,,,
SRR22022368,SRR22022368_397063_1,TETRACYCLINE,tetracycline antibiotic,TETRACYCLINE,FULL,,,
SRR22022368,SRR22022368_397063_2,QUATERNARY AMMONIUM,disinfecting agents and antiseptics,QUATERNARY AMMONIUM,FULL,,,
SRR22022369,SRR22022369_49188_1,AMINOGLYCOSIDE,aminoglycoside antibiotic,AMINOGLYCOSIDE,FULL,,,
SRR22022369,SRR22022369_49188_2,AMINOGLYCOSIDE,aminoglycoside antibiotic,AMINOGLYCOSIDE,FULL,,,
SRR22022369,SRR22022369_259422_1,QUATERNARY AMMONIUM,disinfecting agents and antiseptics,QUATERNARY AMMONIUM,FULL,,,
SRR22022369,SRR22022369_292935_1,QUATERNARY AMMONIUM,disinfecting agents and antiseptics,QUATERNARY AMMONIUM,FULL,,,
SRR22022369,SRR22022369_348772_6,QUATERNARY AMMONIUM,disinfecting agents and antiseptics,QUATERNARY AMMONIUM,FULL,,,
SRR22022369,SRR22022369_360026_1,TETRACYCLINE,tetracycline antibiotic,TETRACYCLINE,FULL,,,
SRR22022369,SRR22022369_387439_1,AMINOGLYCOSIDE,aminoglycoside antibiotic,AMINOGLYCOSIDE,FULL,,,
SRR22022369,SRR22022369_477736_2,COLISTIN,peptide antibiotic,COLISTIN,FULL,,,
SRR22022369,SRR22022369_559896_1,TETRACYCLINE,tetracycline antibiotic,TETRACYCLINE,FULL,,,
SRR22022369,SRR22022369_591475_1,QUATERNARY AMMONIUM,disinfecting agents and antiseptics,QUATERNARY AMMONIUM,FULL,,,
SRR22022369,SRR22022369_807858_1,QUATERNARY AMMONIUM,disinfecting agents and antiseptics,QUATERNARY AMMONIUM,FULL,,,
SRR22022370,SRR22022370_458896_2,QUATERNARY AMMONIUM,disinfecting agents and antiseptics,QUATERNARY AMMONIUM,FULL,,,
SRR22022371,SRR22022371_8503_1,AMINOGLYCOSIDE,aminoglycoside antibiotic,AMINOGLYCOSIDE,FULL,,,
SRR22022371,SRR22022371_52239_1,TETRACYCLINE,tetracycline antibiotic,TETRACYCLINE,FULL,,,
SRR22022371,SRR22022371_202734_1,BETA-LACTAM,penicillin beta-lactam,BETA-LACTAM,FULL,,,
SRR22022371,SRR22022371_278504_2,TETRACYCLINE,tetracycline antibiotic,TETRACYCLINE,FULL,,,
SRR22022371,SRR22022371_699828_2,AMINOGLYCOSIDE,aminoglycoside antibiotic,AMINOGLYCOSIDE,FULL,,,
SRR22022372,SRR22022372_10458_1,QUATERNARY AMMONIUM,disinfecting agents and antiseptics,QUATERNARY AMMONIUM,FULL,,,
SRR22022373,SRR22022373_3260_1,MACROLIDE,macrolide antibiotic,MACROLIDE,FULL,,,
SRR22022373,SRR22022373_12362_1,BETA-LACTAM,penicillin beta-lactam,BETA-LACTAM,FULL,,,
SRR22022373,SRR22022373_26227_3,AMINOGLYCOSIDE,aminoglycoside antibiotic,AMINOGLYCOSIDE,FULL,,,
SRR22022373,SRR22022373_26227_4,AMINOGLYCOSIDE,aminoglycoside antibiotic,AMINOGLYCOSIDE,FULL,,,
SRR22022373,SRR22022373_60153_1,TETRACYCLINE,tetracycline antibiotic,TETRACYCLINE,FULL,,,
SRR22022373,SRR22022373_60525_3,SULFONAMIDE,sulfonamide antibiotic,SULFONAMIDE,FULL,,,
SRR22022373,SRR22022373_60525_4,QUATERNARY AMMONIUM,disinfecting agents and antiseptics,QUATERNARY AMMONIUM,FULL,,,
SRR22022373,SRR22022373_61832_1,AMINOGLYCOSIDE,aminoglycoside antibiotic,AMINOGLYCOSIDE,FULL,,,
SRR22022374,SRR22022374_16100_2,QUATERNARY AMMONIUM,disinfecting agents and antiseptics,QUATERNARY AMMONIUM,FULL,,,
SRR22022374,SRR22022374_167805_1,QUATERNARY AMMONIUM,disinfecting agents and antiseptics,QUATERNARY AMMONIUM,FULL,,,
SRR22022376,SRR22022376_685446_1,QUINOLONE,fluoroquinolone antibiotic,QUINOLONE,FULL,,,
SRR22022380,SRR22022380_9394_1,AMINOGLYCOSIDE,aminoglycoside antibiotic,AMINOGLYCOSIDE,FULL,,,
SRR22022380,SRR22022380_179326_2,QUATERNARY AMMONIUM,disinfecting agents and antiseptics,QUATERNARY AMMONIUM,FULL,,,
SRR22022380,SRR22022380_510043_1,TETRACYCLINE,tetracycline antibiotic,TETRACYCLINE,FULL,,,
SRR22022381,SRR22022381_37648_3,AMINOGLYCOSIDE,aminoglycoside antibiotic,AMINOGLYCOSIDE,FULL,,,
SRR22022381,SRR22022381_37648_4,AMINOGLYCOSIDE,aminoglycoside antibiotic,AMINOGLYCOSIDE,FULL,,,
SRR22022381,SRR22022381_1226563_2,QUATERNARY AMMONIUM,disinfecting agents and antiseptics,QUATERNARY AMMONIUM,FULL,,,
SRR22022383,SRR22022383_3477437_1,QUATERNARY AMMONIUM,disinfecting agents and antiseptics,QUATERNARY AMMONIUM,FULL,,,
SRR22022384,SRR22022384_1127383_1,LINCOSAMIDE,lincosamide antibiotic,LINCOSAMIDE,FULL,,,
SRR22022384,SRR22022384_3370055_2,SULFONAMIDE,sulfonamide antibiotic,SULFONAMIDE,FULL,,,
SRR22022384,SRR22022384_5261879_2,AMINOGLYCOSIDE,aminoglycoside antibiotic,AMINOGLYCOSIDE,FULL,,,
SRR22022385,SRR22022385_47768_1,TETRACYCLINE,tetracycline antibiotic,TETRACYCLINE,FULL,,,
SRR22022385,SRR22022385_352496_2,TETRACYCLINE,tetracycline antibiotic,TETRACYCLINE,FULL,,,
SRR22022385,SRR22022385_1296513_1,SULFONAMIDE,sulfonamide antibiotic,SULFONAMIDE,FULL,,,
SRR22022387,SRR22022387_72942_3,TETRACYCLINE,tetracycline antibiotic,TETRACYCLINE,FULL,,,
SRR22022387,SRR22022387_176354_1,QUATERNARY AMMONIUM,disinfecting agents and antiseptics,QUATERNARY AMMONIUM,FULL,,,
SRR22022387,SRR22022387_397621_1,QUATERNARY AMMONIUM,disinfecting agents and antiseptics,QUATERNARY AMMONIUM,FULL,,,
SRR22022388,SRR22022388_51139_3,QUATERNARY AMMONIUM,disinfecting agents and antiseptics,QUATERNARY AMMONIUM,FULL,,,
SRR22022389,SRR22022389_1060258_1,BETA-LACTAM,cephalosporin,BETA-LACTAM,FULL,,,
SRR22022389,SRR22022389_1944146_1,QUATERNARY AMMONIUM,disinfecting agents and antiseptics,QUATERNARY AMMONIUM,FULL,,,
SRR22022391,SRR22022391_1368_1,AMINOGLYCOSIDE,aminoglycoside antibiotic,AMINOGLYCOSIDE,FULL,,,
SRR22022391,SRR22022391_1368_2,AMINOGLYCOSIDE,aminoglycoside antibiotic,AMINOGLYCOSIDE,FULL,,,
SRR22022391,SRR22022391_44943_1,AMINOGLYCOSIDE,aminoglycoside antibiotic,AMINOGLYCOSIDE,FULL,,,
SRR22022391,SRR22022391_83276_1,TETRACYCLINE,tetracycline antibiotic,TETRACYCLINE,FULL,,,
SRR22022391,SRR22022391_108271_1,QUATERNARY AMMONIUM,disinfecting agents and antiseptics,QUATERNARY AMMONIUM,FULL,,,
SRR22022391,SRR22022391_391043_1,QUATERNARY AMMONIUM,disinfecting agents and antiseptics,QUATERNARY AMMONIUM,FULL,,,
SRR22022391,SRR22022391_545918_1,QUATERNARY AMMONIUM,disinfecting agents and antiseptics,QUATERNARY AMMONIUM,FULL,,,
SRR22022391,SRR22022391_712726_1,QUATERNARY AMMONIUM,disinfecting agents and antiseptics,QUATERNARY AMMONIUM,FULL,,,
SRR22022392,SRR22022392_248496_1,QUATERNARY AMMONIUM,disinfecting agents and antiseptics,QUATERNARY AMMONIUM,FULL,,,
SRR22022392,SRR22022392_342274_1,QUATERNARY AMMONIUM,disinfecting agents and antiseptics,QUATERNARY AMMONIUM,FULL,,,
SRR22022395,SRR22022395_183143_1,QUATERNARY AMMONIUM,disinfecting agents and antiseptics,QUATERNARY AMMONIUM,FULL,,,
SRR22022395,SRR22022395_185709_4,AMINOGLYCOSIDE,aminoglycoside antibiotic,AMINOGLYCOSIDE,FULL,,,
SRR22022395,SRR22022395_186579_7,QUATERNARY AMMONIUM,disinfecting agents and antiseptics,QUATERNARY AMMONIUM,FULL,,,
SRR22022395,SRR22022395_320393_3,SULFONAMIDE,sulfonamide antibiotic,SULFONAMIDE,FULL,,,
SRR22022395,SRR22022395_337922_1,QUATERNARY AMMONIUM,disinfecting agents and antiseptics,QUATERNARY AMMONIUM,FULL,,,
SRR22022395,SRR22022395_369831_2,AMINOGLYCOSIDE,aminoglycoside antibiotic,AMINOGLYCOSIDE,FULL,,,
SRR22022395,SRR22022395_487261_1,QUATERNARY AMMONIUM,disinfecting agents and antiseptics,QUATERNARY AMMONIUM,FULL,,,
SRR22022395,SRR22022395_677479_1,TETRACYCLINE,tetracycline antibiotic,TETRACYCLINE,FULL,,,
SRR22022396,SRR22022396_1458_3,QUATERNARY AMMONIUM,disinfecting agents and antiseptics,QUATERNARY AMMONIUM,FULL,,,
SRR22022396,SRR22022396_11281_1,AMINOGLYCOSIDE,aminoglycoside antibiotic,AMINOGLYCOSIDE,FULL,,,
SRR22022396,SRR22022396_51993_3,TETRACYCLINE,tetracycline antibiotic,TETRACYCLINE,FULL,,,
SRR22022396,SRR22022396_89348_2,QUATERNARY AMMONIUM,disinfecting agents and antiseptics,QUATERNARY AMMONIUM,FULL,,,
SRR22022396,SRR22022396_128741_1,QUATERNARY AMMONIUM,disinfecting agents and antiseptics,QUATERNARY AMMONIUM,FULL,,,
SRR22022396,SRR22022396_243854_3,TETRACYCLINE,tetracycline antibiotic,TETRACYCLINE,FULL,,,
SRR22022397,SRR22022397_3856_1,AMINOGLYCOSIDE,aminoglycoside antibiotic,AMINOGLYCOSIDE,FULL,,,
SRR22022397,SRR22022397_23375_2,QUATERNARY AMMONIUM,disinfecting agents and antiseptics,QUATERNARY AMMONIUM,FULL,,,
SRR22022397,SRR22022397_72403_1,QUATERNARY AMMONIUM,disinfecting agents and antiseptics,QUATERNARY AMMONIUM,FULL,,,
SRR22022397,SRR22022397_92522_3,SULFONAMIDE,sulfonamide antibiotic,SULFONAMIDE,FULL,,,
SRR22022397,SRR22022397_102408_2,QUATERNARY AMMONIUM,disinfecting agents and antiseptics,QUATERNARY AMMONIUM,FULL,,,
SRR22022397,SRR22022397_112147_1,QUATERNARY AMMONIUM,disinfecting agents and antiseptics,QUATERNARY AMMONIUM,FULL,,,
SRR22022397,SRR22022397_115828_2,TETRACYCLINE,tetracycline antibiotic,TETRACYCLINE,FULL,,,
SRR22022397,SRR22022397_196211_1,AMINOGLYCOSIDE,aminoglycoside antibiotic,AMINOGLYCOSIDE,FULL,,,
SRR22022397,SRR22022397_196211_2,AMINOGLYCOSIDE,aminoglycoside antibiotic,AMINOGLYCOSIDE,FULL,,,
SRR22022397,SRR22022397_283814_2,QUATERNARY AMMONIUM,disinfecting agents and antiseptics,QUATERNARY AMMONIUM,FULL,,,
SRR22022398,SRR22022398_13115_7,QUATERNARY AMMONIUM,disinfecting agents and antiseptics,QUATERNARY AMMONIUM,FULL,,,
SRR22022398,SRR22022398_28141_1,AMINOGLYCOSIDE,aminoglycoside antibiotic,AMINOGLYCOSIDE,FULL,,,
SRR22022398,SRR22022398_51396_3,QUATERNARY AMMONIUM,disinfecting agents and antiseptics,QUATERNARY AMMONIUM,FULL,,,
SRR22022398,SRR22022398_69073_2,QUATERNARY AMMONIUM,disinfecting agents and antiseptics,QUATERNARY AMMONIUM,FULL,,,
SRR22022398,SRR22022398_187335_2,QUATERNARY AMMONIUM,disinfecting agents and antiseptics,QUATERNARY AMMONIUM,FULL,,,
SRR22022398,SRR22022398_267373_2,TETRACYCLINE,tetracycline antibiotic,TETRACYCLINE,FULL,,,
SRR22022400,SRR22022400_20433_2,QUATERNARY AMMONIUM,disinfecting agents and antiseptics,QUATERNARY AMMONIUM,FULL,,,
SRR22022400,SRR22022400_104269_2,QUATERNARY AMMONIUM,disinfecting agents and antiseptics,QUATERNARY AMMONIUM,FULL,,,
SRR22022400,SRR22022400_358139_6,QUATERNARY AMMONIUM,disinfecting agents and antiseptics,QUATERNARY AMMONIUM,FULL,,,
SRR22022401,SRR22022401_6647_1,QUATERNARY AMMONIUM,disinfecting agents and antiseptics,QUATERNARY AMMONIUM,FULL,,,
SRR22022404,SRR22022404_192426_1,QUATERNARY AMMONIUM,disinfecting agents and antiseptics,QUATERNARY AMMONIUM,FULL,,,
SRR22022408,SRR22022408_1421_1,TETRACYCLINE,tetracycline antibiotic,TETRACYCLINE,FULL,,,
SRR22022408,SRR22022408_25485_1,TETRACYCLINE,tetracycline antibiotic,TETRACYCLINE,FULL,,,
SRR22022408,SRR22022408_27407_1,LINCOSAMIDE,lincosamide antibiotic,LINCOSAMIDE,FULL,,,
SRR22022408,SRR22022408_78628_2,FOSFOMYCIN,phosphonic acid antibiotic,FOSFOMYCIN,FULL,,,
SRR22022408,SRR22022408_116270_3,SULFONAMIDE,sulfonamide antibiotic,SULFONAMIDE,FULL,,,
SRR22022408,SRR22022408_179866_1,QUATERNARY AMMONIUM,disinfecting agents and antiseptics,QUATERNARY AMMONIUM,FULL,,,
SRR22022408,SRR22022408_188046_1,LINCOSAMIDE,lincosamide antibiotic,LINCOSAMIDE,FULL,,,
SRR22022408,SRR22022408_366849_2,QUATERNARY AMMONIUM,disinfecting agents and antiseptics,QUATERNARY AMMONIUM,FULL,,,
SRR22022419,SRR22022419_261524_1,AMINOGLYCOSIDE,aminoglycoside antibiotic,AMINOGLYCOSIDE,FULL,,,
SRR22022419,SRR22022419_266703_1,AMINOGLYCOSIDE,aminoglycoside antibiotic,AMINOGLYCOSIDE,FULL,,,
SRR22022419,SRR22022419_373354_1,GLYCOPEPTIDE,glycopeptide antibiotic,GLYCOPEPTIDE,FULL,,,
SRR22022419,SRR22022419_454800_1,AMINOGLYCOSIDE,aminoglycoside antibiotic,AMINOGLYCOSIDE,FULL,,,
SRR22022419,SRR22022419_506018_2,QUATERNARY AMMONIUM,disinfecting agents and antiseptics,QUATERNARY AMMONIUM,FULL,,,
SRR22022419,SRR22022419_595600_1,BETA-LACTAM,cephalosporin; penicillin beta-lactam,BETA-LACTAM,FULL,,,
SRR22022419,SRR22022419_654315_1,LINCOSAMIDE,lincosamide antibiotic,LINCOSAMIDE,FULL,,,
SRR22022419,SRR22022419_665938_1,LINCOSAMIDE/MACROLIDE/STREPTOGRAMIN,macrolide antibiotic; lincosamide antibiotic; streptogramin antibiotic; streptogramin A antibiotic; streptogramin B antibiotic,LINCOSAMIDE/MACROLIDE/STREPTOGRAMIN,FULL,,,
SRR22022419,SRR22022419_712474_1,BETA-LACTAM,monobactam; cephalosporin; penicillin beta-lactam,BETA-LACTAM,FULL,,,
SRR22022419,SRR22022419_780143_3,NITROIMIDAZOLE,nitroimidazole antibiotic,NITROIMIDAZOLE,FULL,,,
SRR22022430,SRR22022430_157881_1,QUATERNARY AMMONIUM,disinfecting agents and antiseptics,QUATERNARY AMMONIUM,FULL,,,
SRR22022430,SRR22022430_172300_6,QUATERNARY AMMONIUM,disinfecting agents and antiseptics,QUATERNARY AMMONIUM,FULL,,,
SRR22022430,SRR22022430_260472_1,QUATERNARY AMMONIUM,disinfecting agents and antiseptics,QUATERNARY AMMONIUM,FULL,,,
SRR22022431,SRR22022431_80382_1,AMINOGLYCOSIDE,aminoglycoside antibiotic,AMINOGLYCOSIDE,FULL,,,
SRR22022431,SRR22022431_187959_1,AMINOGLYCOSIDE,aminoglycoside antibiotic,AMINOGLYCOSIDE,FULL,,,
SRR22022431,SRR22022431_306806_2,QUATERNARY AMMONIUM,disinfecting agents and antiseptics,QUATERNARY AMMONIUM,FULL,,,
SRR22022431,SRR22022431_409457_1,AMINOGLYCOSIDE,aminoglycoside antibiotic,AMINOGLYCOSIDE,FULL,,,
SRR22022432,SRR22022432_18122_2,QUATERNARY AMMONIUM,disinfecting agents and antiseptics,QUATERNARY AMMONIUM,FULL,,,
SRR22022432,SRR22022432_224238_1,TETRACYCLINE,tetracycline antibiotic,TETRACYCLINE,FULL,,,
SRR22022432,SRR22022432_236836_2,AMINOGLYCOSIDE,aminoglycoside antibiotic,AMINOGLYCOSIDE,FULL,,,
SRR22022432,SRR22022432_249308_4,TETRACYCLINE,tetracycline antibiotic,TETRACYCLINE,FULL,,,
SRR22022432,SRR22022432_249308_5,QUATERNARY AMMONIUM,disinfecting agents and antiseptics,QUATERNARY AMMONIUM,FULL,,,
SRR22022432,SRR22022432_267914_6,QUATERNARY AMMONIUM,disinfecting agents and antiseptics,QUATERNARY AMMONIUM,FULL,,,
SRR22022433,SRR22022433_7916_1,AMINOGLYCOSIDE,aminoglycoside antibiotic,AMINOGLYCOSIDE,FULL,,,
SRR22022433,SRR22022433_43330_2,QUATERNARY AMMONIUM,disinfecting agents and antiseptics,QUATERNARY AMMONIUM,FULL,,,
SRR22022433,SRR22022433_102256_1,QUATERNARY AMMONIUM,disinfecting agents and antiseptics,QUATERNARY AMMONIUM,FULL,,,
SRR22022433,SRR22022433_226934_3,SULFONAMIDE,sulfonamide antibiotic,SULFONAMIDE,FULL,,,
SRR22022433,SRR22022433_226934_4,QUATERNARY AMMONIUM,disinfecting agents and antiseptics,QUATERNARY AMMONIUM,FULL,,,
SRR22022433,SRR22022433_226934_5,AMINOGLYCOSIDE,aminoglycoside antibiotic,AMINOGLYCOSIDE,FULL,,,
SRR22022434,SRR22022434_108450_2,SULFONAMIDE,sulfonamide antibiotic,SULFONAMIDE,FULL,,,
SRR22022434,SRR22022434_108450_3,QUATERNARY AMMONIUM,disinfecting agents and antiseptics,QUATERNARY AMMONIUM,FULL,,,
SRR22022434,SRR22022434_145172_2,AMINOGLYCOSIDE,aminoglycoside antibiotic,AMINOGLYCOSIDE,FULL,,,
SRR22022434,SRR22022434_171481_1,TETRACYCLINE,tetracycline antibiotic,TETRACYCLINE,FULL,,,
SRR22022434,SRR22022434_213662_1,QUATERNARY AMMONIUM,disinfecting agents and antiseptics,QUATERNARY AMMONIUM,FULL,,,
SRR22022434,SRR22022434_218406_2,QUATERNARY AMMONIUM,disinfecting agents and antiseptics,QUATERNARY AMMONIUM,FULL,,,
SRR22022434,SRR22022434_241901_1,LINCOSAMIDE/MACROLIDE/STREPTOGRAMIN,macrolide antibiotic; lincosamide antibiotic; streptogramin antibiotic; streptogramin A antibiotic; streptogramin B antibiotic,LINCOSAMIDE/MACROLIDE/STREPTOGRAMIN,FULL,,,
SRR22177347,SRR22177347_391913_3,AMINOGLYCOSIDE,aminoglycoside antibiotic,AMINOGLYCOSIDE,FULL,,,
SRR22177348,SRR22177348_345253_2,AMINOGLYCOSIDE,aminoglycoside antibiotic,AMINOGLYCOSIDE,FULL,,,
SRR22177357,SRR22177357_28514_1,AMINOGLYCOSIDE,aminoglycoside antibiotic,AMINOGLYCOSIDE,FULL,,,
SRR22177357,SRR22177357_919692_1,QUATERNARY AMMONIUM,disinfecting agents and antiseptics,QUATERNARY AMMONIUM,FULL,,,
SRR22177359,SRR22177359_36614_2,BETA-LACTAM,cephalosporin,BETA-LACTAM,FULL,,,
SRR22177361,SRR22177361_449688_2,FOSFOMYCIN,phosphonic acid antibiotic,FOSFOMYCIN,FULL,,,
SRR22851057,SRR22851057_130_2,TETRACYCLINE,tetracycline antibiotic,TETRACYCLINE,FULL,,,
SRR22851058,SRR22851058_2394_1,LINCOSAMIDE,lincosamide antibiotic,LINCOSAMIDE,FULL,,,
SRR22851058,SRR22851058_4057_2,TETRACYCLINE,tetracycline antibiotic,TETRACYCLINE,FULL,,,
SRR22859377,SRR22859377_2588_9,FOSFOMYCIN,phosphonic acid antibiotic,FOSFOMYCIN,FULL,,,
SRR22859377,SRR22859377_17936_1,TETRACYCLINE,tetracycline antibiotic,TETRACYCLINE,FULL,,,
SRR22859377,SRR22859377_80532_1,LINCOSAMIDE,lincosamide antibiotic,LINCOSAMIDE,FULL,,,
SRR22859377,SRR22859377_215987_1,MACROLIDE/STREPTOGRAMIN,macrolide antibiotic; streptogramin antibiotic; streptogramin B antibiotic,MACROLIDE/STREPTOGRAMIN,FULL,,,
SRR22859377,SRR22859377_224746_2,PHENICOL,phenicol antibiotic,PHENICOL,FULL,,,
SRR22859378,SRR22859378_7330_1,LINCOSAMIDE,lincosamide antibiotic,LINCOSAMIDE,FULL,,,
SRR22859378,SRR22859378_94638_1,MACROLIDE/STREPTOGRAMIN,macrolide antibiotic; streptogramin antibiotic; streptogramin B antibiotic,MACROLIDE/STREPTOGRAMIN,FULL,,,
SRR22859378,SRR22859378_108856_2,TETRACYCLINE,tetracycline antibiotic,TETRACYCLINE,FULL,,,
SRR22859378,SRR22859378_158427_2,PHENICOL,phenicol antibiotic,PHENICOL,FULL,,,
SRR22859379,SRR22859379_10094_1,MACROLIDE,macrolide antibiotic,MACROLIDE,FULL,,,
SRR22859379,SRR22859379_18440_2,QUATERNARY AMMONIUM,disinfecting agents and antiseptics,QUATERNARY AMMONIUM,FULL,,,
SRR22859380,SRR22859380_1140_1,LINCOSAMIDE,lincosamide antibiotic,LINCOSAMIDE,FULL,,,
SRR22859380,SRR22859380_14997_2,FOSFOMYCIN,phosphonic acid antibiotic,FOSFOMYCIN,FULL,,,
SRR22859380,SRR22859380_23955_1,LINCOSAMIDE/MACROLIDE/STREPTOGRAMIN,macrolide antibiotic; lincosamide antibiotic; streptogramin antibiotic; streptogramin A antibiotic; streptogramin B antibiotic,LINCOSAMIDE/MACROLIDE/STREPTOGRAMIN,FULL,,,
SRR22859380,SRR22859380_73887_2,TETRACYCLINE,tetracycline antibiotic,TETRACYCLINE,FULL,,,
SRR22859380,SRR22859380_77854_1,LINCOSAMIDE/MACROLIDE/STREPTOGRAMIN,macrolide antibiotic; lincosamide antibiotic; streptogramin antibiotic; streptogramin A antibiotic; streptogramin B antibiotic,LINCOSAMIDE/MACROLIDE/STREPTOGRAMIN,FULL,,,
SRR22859380,SRR22859380_128077_1,MACROLIDE,macrolide antibiotic,MACROLIDE,FULL,,,
SRR22865492,SRR22865492_43962_2,QUATERNARY AMMONIUM,disinfecting agents and antiseptics,QUATERNARY AMMONIUM,FULL,,,
SRR22865492,SRR22865492_454154_3,AMINOGLYCOSIDE,aminoglycoside antibiotic,AMINOGLYCOSIDE,FULL,,,
SRR22865492,SRR22865492_454154_4,AMINOGLYCOSIDE,aminoglycoside antibiotic,AMINOGLYCOSIDE,FULL,,,
SRR22865494,SRR22865494_4649_3,TETRACYCLINE,tetracycline antibiotic,TETRACYCLINE,FULL,,,
SRR22865495,SRR22865495_13327_1,SULFONAMIDE,sulfonamide antibiotic,SULFONAMIDE,FULL,,,
SRR22865495,SRR22865495_23900_1,TETRACYCLINE,tetracycline antibiotic,TETRACYCLINE,FULL,,,
SRR22865495,SRR22865495_24234_2,AMINOGLYCOSIDE,aminoglycoside antibiotic,AMINOGLYCOSIDE,FULL,,,
SRR22865495,SRR22865495_25410_5,BETA-LACTAM,carbapenem; cephalosporin; penicillin beta-lactam,BETA-LACTAM,FULL,,,
SRR22865495,SRR22865495_30739_1,BETA-LACTAM,cephalosporin; penicillin beta-lactam,BETA-LACTAM,FULL,,,
SRR22865495,SRR22865495_35362_3,TETRACYCLINE,tetracycline antibiotic,TETRACYCLINE,FULL,,,
SRR22865495,SRR22865495_63477_3,TETRACYCLINE,tetracycline antibiotic,TETRACYCLINE,FULL,,,
SRR22865495,SRR22865495_68420_3,AMINOGLYCOSIDE,aminoglycoside antibiotic,AMINOGLYCOSIDE,FULL,,,
SRR22865495,SRR22865495_102972_3,AMINOGLYCOSIDE,aminoglycoside antibiotic,AMINOGLYCOSIDE,FULL,,,
SRR22865495,SRR22865495_102972_5,AMINOGLYCOSIDE,aminoglycoside antibiotic,AMINOGLYCOSIDE,FULL,,,
SRR22865495,SRR22865495_217951_3,AMINOGLYCOSIDE,aminoglycoside antibiotic,AMINOGLYCOSIDE,FULL,,,
SRR22865495,SRR22865495_226339_3,SULFONAMIDE,sulfonamide antibiotic,SULFONAMIDE,FULL,,,
SRR22865496,SRR22865496_13453_1,QUATERNARY AMMONIUM,disinfecting agents and antiseptics,QUATERNARY AMMONIUM,FULL,,,
SRR22865496,SRR22865496_13453_2,SULFONAMIDE,sulfonamide antibiotic,SULFONAMIDE,FULL,,,
SRR22865496,SRR22865496_26384_6,COLISTIN,peptide antibiotic,COLISTIN,FULL,,,
SRR22865496,SRR22865496_80412_5,TETRACYCLINE,tetracycline antibiotic,TETRACYCLINE,FULL,,,
SRR22865496,SRR22865496_80412_8,AMINOGLYCOSIDE,aminoglycoside antibiotic,AMINOGLYCOSIDE,FULL,,,
SRR22865496,SRR22865496_80412_9,AMINOGLYCOSIDE,aminoglycoside antibiotic,AMINOGLYCOSIDE,FULL,,,
SRR22865496,SRR22865496_80412_10,SULFONAMIDE,sulfonamide antibiotic,SULFONAMIDE,FULL,,,
SRR22865496,SRR22865496_141467_1,AMINOGLYCOSIDE,aminoglycoside antibiotic,AMINOGLYCOSIDE,FULL,,,
SRR22865496,SRR22865496_147057_1,AMINOGLYCOSIDE,aminoglycoside antibiotic,AMINOGLYCOSIDE,FULL,,,
SRR22865497,SRR22865497_13349_1,AMINOGLYCOSIDE,aminoglycoside antibiotic,AMINOGLYCOSIDE,FULL,,,
SRR22865497,SRR22865497_29989_4,LINCOSAMIDE/STREPTOGRAMIN,lincosamide antibiotic; streptogramin antibiotic; pleuromutilin antibiotic,LINCOSAMIDE/STREPTOGRAMIN,PARTIAL,,PLEUROMUTILIN,
SRR22865497,SRR22865497_29989_5,LINCOSAMIDE,lincosamide antibiotic,LINCOSAMIDE,FULL,,,
SRR22865497,SRR22865497_55886_1,STREPTOGRAMIN,streptogramin antibiotic; streptogramin A antibiotic,STREPTOGRAMIN,FULL,,,
SRR22865497,SRR22865497_62646_3,TETRACYCLINE,tetracycline antibiotic,TETRACYCLINE,FULL,,,
SRR22865497,SRR22865497_126170_2,LINCOSAMIDE/MACROLIDE/STREPTOGRAMIN,macrolide antibiotic; lincosamide antibiotic; streptogramin antibiotic; streptogramin A antibiotic; streptogramin B antibiotic,LINCOSAMIDE/MACROLIDE/STREPTOGRAMIN,FULL,,,
SRR22865497,SRR22865497_128160_1,AMINOGLYCOSIDE,aminoglycoside antibiotic,AMINOGLYCOSIDE,FULL,,,
SRR22865497,SRR22865497_158949_1,TETRACYCLINE,tetracycline antibiotic,TETRACYCLINE,FULL,,,
SRR22865497,SRR22865497_175918_3,TETRACYCLINE,tetracycline antibiotic,TETRACYCLINE,FULL,,,
SRR22865497,SRR22865497_179434_1,BETA-LACTAM,monobactam; cephalosporin; penicillin beta-lactam,BETA-LACTAM,FULL,,,
SRR22865497,SRR22865497_464265_1,SULFONAMIDE,sulfonamide antibiotic,SULFONAMIDE,FULL,,,
SRR22865497,SRR22865497_699601_1,AMINOGLYCOSIDE,aminoglycoside antibiotic,AMINOGLYCOSIDE,FULL,,,
SRR22865497,SRR22865497_845231_2,AMINOGLYCOSIDE,aminoglycoside antibiotic,AMINOGLYCOSIDE,FULL,,,
SRR22865497,SRR22865497_1067664_1,AMINOGLYCOSIDE,aminoglycoside antibiotic,AMINOGLYCOSIDE,FULL,,,
SRR22865511,SRR22865511_23715_1,PHENICOL,phenicol antibiotic,PHENICOL,FULL,,,
SRR22865517,SRR22865517_4809_4,COLISTIN,peptide antibiotic,COLISTIN,FULL,,,
SRR22865517,SRR22865517_5915_5,BETA-LACTAM,cephalosporin,BETA-LACTAM,FULL,,,
SRR22865517,SRR22865517_7663_2,PHENICOL,phenicol antibiotic,PHENICOL,FULL,,,
SRR22865517,SRR22865517_8772_6,TETRACYCLINE,tetracycline antibiotic,TETRACYCLINE,FULL,,,
SRR22865517,SRR22865517_10296_2,BETA-LACTAM,cephalosporin,BETA-LACTAM,FULL,,,
SRR22865517,SRR22865517_46062_1,AMINOGLYCOSIDE,aminoglycoside antibiotic,AMINOGLYCOSIDE,FULL,,,
SRR22865517,SRR22865517_50932_3,TETRACYCLINE,tetracycline antibiotic,TETRACYCLINE,FULL,,,
SRR22865517,SRR22865517_64214_1,BETA-LACTAM,cephalosporin; penicillin beta-lactam,BETA-LACTAM,FULL,,,
SRR22865517,SRR22865517_78970_1,AMINOGLYCOSIDE,aminoglycoside antibiotic,AMINOGLYCOSIDE,FULL,,,
SRR22865517,SRR22865517_78970_2,AMINOGLYCOSIDE,aminoglycoside antibiotic,AMINOGLYCOSIDE,FULL,,,
SRR22865517,SRR22865517_80351_1,TETRACYCLINE,tetracycline antibiotic,TETRACYCLINE,FULL,,,
SRR22865517,SRR22865517_100391_3,SULFONAMIDE,sulfonamide antibiotic,SULFONAMIDE,FULL,,,
SRR22865517,SRR22865517_106425_4,QUATERNARY AMMONIUM,disinfecting agents and antiseptics,QUATERNARY AMMONIUM,FULL,,,
SRR22865517,SRR22865517_115574_3,AMINOGLYCOSIDE,aminoglycoside antibiotic,AMINOGLYCOSIDE,FULL,,,
SRR22865517,SRR22865517_158370_1,TRIMETHOPRIM,diaminopyrimidine antibiotic,TRIMETHOPRIM,FULL,,,
SRR22865517,SRR22865517_169200_2,BETA-LACTAM,monobactam; cephalosporin; penicillin beta-lactam,BETA-LACTAM,FULL,,,
SRR22865517,SRR22865517_194809_1,LINCOSAMIDE,lincosamide antibiotic,LINCOSAMIDE,FULL,,,
SRR22865517,SRR22865517_211103_3,TETRACYCLINE,tetracycline antibiotic,TETRACYCLINE,FULL,,,
SRR22865517,SRR22865517_212728_1,SULFONAMIDE,sulfonamide antibiotic,SULFONAMIDE,FULL,,,
SRR22865517,SRR22865517_214444_1,QUATERNARY AMMONIUM,disinfecting agents and antiseptics,QUATERNARY AMMONIUM,FULL,,,
SRR22865518,SRR22865518_290037_1,AMINOGLYCOSIDE,aminoglycoside antibiotic,AMINOGLYCOSIDE,FULL,,,
SRR22865518,SRR22865518_290037_2,AMINOGLYCOSIDE,aminoglycoside antibiotic,AMINOGLYCOSIDE,FULL,,,
SRR22865518,SRR22865518_338184_3,TETRACYCLINE,tetracycline antibiotic,TETRACYCLINE,FULL,,,
SRR22865519,SRR22865519_20044_1,AMINOGLYCOSIDE,aminoglycoside antibiotic,AMINOGLYCOSIDE,FULL,,,
SRR22865519,SRR22865519_20044_2,AMINOGLYCOSIDE,aminoglycoside antibiotic,AMINOGLYCOSIDE,FULL,,,
SRR22865519,SRR22865519_45100_7,TETRACYCLINE,tetracycline antibiotic,TETRACYCLINE,FULL,,,
SRR22865519,SRR22865519_852190_1,TETRACYCLINE,tetracycline antibiotic,TETRACYCLINE,FULL,,,
SRR22865521,SRR22865521_68609_2,GLYCOPEPTIDE,glycopeptide antibiotic,GLYCOPEPTIDE,FULL,,,
SRR22865521,SRR22865521_68609_3,GLYCOPEPTIDE,glycopeptide antibiotic,GLYCOPEPTIDE,FULL,,,
SRR22865521,SRR22865521_1026209_1,LINCOSAMIDE,lincosamide antibiotic,LINCOSAMIDE,FULL,,,
SRR22865521,SRR22865521_8332378_4,COLISTIN,peptide antibiotic,COLISTIN,FULL,,,
SRR22865521,SRR22865521_8346951_1,GLYCOPEPTIDE,glycopeptide antibiotic,GLYCOPEPTIDE,FULL,,,
SRR22865521,SRR22865521_10352091_2,TETRACYCLINE,tetracycline antibiotic,TETRACYCLINE,FULL,,,
SRR22865521,SRR22865521_11426873_2,QUATERNARY AMMONIUM,disinfecting agents and antiseptics,QUATERNARY AMMONIUM,FULL,,,
SRR22865521,SRR22865521_11530761_1,MACROLIDE,macrolide antibiotic,MACROLIDE,FULL,,,
SRR22865521,SRR22865521_13332289_1,LINCOSAMIDE,lincosamide antibiotic,LINCOSAMIDE,FULL,,,
SRR22865521,SRR22865521_13636553_1,PHENICOL,phenicol antibiotic,PHENICOL,FULL,,,
SRR22865521,SRR22865521_13682549_1,BETA-LACTAM,cephalosporin,BETA-LACTAM,FULL,,,
SRR22865522,SRR22865522_19013_1,PHENICOL,phenicol antibiotic,PHENICOL,FULL,,,
SRR22865523,SRR22865523_21439_3,TETRACYCLINE,tetracycline antibiotic,TETRACYCLINE,FULL,,,
SRR22865523,SRR22865523_108812_1,QUATERNARY AMMONIUM,disinfecting agents and antiseptics,QUATERNARY AMMONIUM,FULL,,,
SRR23929261,SRR23929261_6022_6,LINCOSAMIDE/MACROLIDE/STREPTOGRAMIN,macrolide antibiotic; lincosamide antibiotic; streptogramin antibiotic; streptogramin A antibiotic; streptogramin B antibiotic,LINCOSAMIDE/MACROLIDE/STREPTOGRAMIN,FULL,,,
SRR23929261,SRR23929261_6022_9,LINCOSAMIDE,lincosamide antibiotic,LINCOSAMIDE,FULL,,,
SRR23929263,SRR23929263_1141_5,AMINOGLYCOSIDE,aminoglycoside antibiotic,AMINOGLYCOSIDE,FULL,,,
SRR23929263,SRR23929263_8017_2,BETA-LACTAM,cephalosporin,BETA-LACTAM,FULL,,,
SRR23929263,SRR23929263_42612_2,COLISTIN,peptide antibiotic,COLISTIN,FULL,,,
SRR23929263,SRR23929263_98367_1,AMINOGLYCOSIDE,aminoglycoside antibiotic,AMINOGLYCOSIDE,FULL,,,
SRR23929264,SRR23929264_20359_1,LINCOSAMIDE,lincosamide antibiotic,LINCOSAMIDE,FULL,,,
SRR23929265,SRR23929265_6062_2,BETA-LACTAM,cephalosporin,BETA-LACTAM,FULL,,,
SRR23929268,SRR23929268_5303_4,MACROLIDE,macrolide antibiotic,MACROLIDE,FULL,,,
SRR23929268,SRR23929268_5303_5,MACROLIDE/STREPTOGRAMIN,macrolide antibiotic; streptogramin antibiotic; streptogramin B antibiotic,MACROLIDE/STREPTOGRAMIN,FULL,,,
SRR23929268,SRR23929268_9220_1,TETRACYCLINE,tetracycline antibiotic,TETRACYCLINE,FULL,,,
SRR23929268,SRR23929268_30078_1,QUATERNARY AMMONIUM,disinfecting agents and antiseptics,QUATERNARY AMMONIUM,FULL,,,
SRR23929269,SRR23929269_391_4,TETRACYCLINE,tetracycline antibiotic,TETRACYCLINE,FULL,,,
SRR23929272,SRR23929272_3206_4,TETRACYCLINE,tetracycline antibiotic,TETRACYCLINE,FULL,,,
SRR23929274,SRR23929274_265_2,TETRACYCLINE,tetracycline antibiotic,TETRACYCLINE,FULL,,,
SRR23929275,SRR23929275_771_1,QUATERNARY AMMONIUM,disinfecting agents and antiseptics,QUATERNARY AMMONIUM,FULL,,,
SRR23929275,SRR23929275_1580_2,TETRACYCLINE,tetracycline antibiotic,TETRACYCLINE,FULL,,,
SRR23929275,SRR23929275_6479_1,QUATERNARY AMMONIUM,disinfecting agents and antiseptics,QUATERNARY AMMONIUM,FULL,,,
SRR23929276,SRR23929276_738_1,TETRACYCLINE,tetracycline antibiotic,TETRACYCLINE,FULL,,,
SRR23929276,SRR23929276_2131_2,MACROLIDE,macrolide antibiotic,MACROLIDE,FULL,,,
SRR23929276,SRR23929276_2131_3,MACROLIDE/STREPTOGRAMIN,macrolide antibiotic; streptogramin antibiotic; streptogramin B antibiotic,MACROLIDE/STREPTOGRAMIN,FULL,,,
SRR23929276,SRR23929276_2585_1,QUATERNARY AMMONIUM,disinfecting agents and antiseptics,QUATERNARY AMMONIUM,FULL,,,
SRR23929276,SRR23929276_9819_2,QUATERNARY AMMONIUM,disinfecting agents and antiseptics,QUATERNARY AMMONIUM,FULL,,,
SRR23929279,SRR23929279_15673_1,MACROLIDE/STREPTOGRAMIN,macrolide antibiotic; streptogramin antibiotic; streptogramin B antibiotic,MACROLIDE/STREPTOGRAMIN,FULL,,,
SRR23929279,SRR23929279_15673_2,MACROLIDE,macrolide antibiotic,MACROLIDE,FULL,,,
SRR23929279,SRR23929279_18666_1,QUATERNARY AMMONIUM,disinfecting agents and antiseptics,QUATERNARY AMMONIUM,FULL,,,
SRR23929281,SRR23929281_3401_2,TETRACYCLINE,tetracycline antibiotic,TETRACYCLINE,FULL,,,
SRR23929282,SRR23929282_411_1,TETRACYCLINE,tetracycline antibiotic,TETRACYCLINE,FULL,,,
SRR23929282,SRR23929282_2508_2,FOSFOMYCIN,phosphonic acid antibiotic,FOSFOMYCIN,FULL,,,
SRR23929282,SRR23929282_17801_1,QUATERNARY AMMONIUM,disinfecting agents and antiseptics,QUATERNARY AMMONIUM,FULL,,,
SRR24234333,SRR24234333_16696_1,AMINOGLYCOSIDE,aminoglycoside antibiotic,AMINOGLYCOSIDE,FULL,,,
SRR24234333,SRR24234333_20323_1,AMINOGLYCOSIDE,aminoglycoside antibiotic,AMINOGLYCOSIDE,FULL,,,
SRR24234333,SRR24234333_37895_1,LINCOSAMIDE/MACROLIDE/STREPTOGRAMIN,macrolide antibiotic; lincosamide antibiotic; streptogramin antibiotic; streptogramin A antibiotic; streptogramin B antibiotic,LINCOSAMIDE/MACROLIDE/STREPTOGRAMIN,FULL,,,
SRR24234334,SRR24234334_70929_1,BETA-LACTAM,cephalosporin,BETA-LACTAM,FULL,,,
SRR24234334,SRR24234334_129304_2,LINCOSAMIDE/MACROLIDE/STREPTOGRAMIN,macrolide antibiotic; lincosamide antibiotic; streptogramin antibiotic; streptogramin A antibiotic; streptogramin B antibiotic,LINCOSAMIDE/MACROLIDE/STREPTOGRAMIN,FULL,,,
SRR24234334,SRR24234334_236776_1,AMINOGLYCOSIDE,aminoglycoside antibiotic,AMINOGLYCOSIDE,FULL,,,
SRR24234334,SRR24234334_410237_1,QUATERNARY AMMONIUM,disinfecting agents and antiseptics,QUATERNARY AMMONIUM,FULL,,,
SRR24234334,SRR24234334_492209_1,TETRACYCLINE,tetracycline antibiotic,TETRACYCLINE,FULL,,,
SRR24234334,SRR24234334_496946_1,AMINOGLYCOSIDE,aminoglycoside antibiotic,AMINOGLYCOSIDE,FULL,,,
SRR24234334,SRR24234334_1032162_3,AMINOGLYCOSIDE,aminoglycoside antibiotic,AMINOGLYCOSIDE,FULL,,,
SRR24234334,SRR24234334_1142580_2,TETRACYCLINE,tetracycline antibiotic,TETRACYCLINE,FULL,,,
SRR24234334,SRR24234334_1644669_1,AMINOGLYCOSIDE,aminoglycoside antibiotic,AMINOGLYCOSIDE,FULL,,,
SRR24234334,SRR24234334_1644669_2,AMINOGLYCOSIDE,aminoglycoside antibiotic,AMINOGLYCOSIDE,FULL,,,
SRR24234334,SRR24234334_1947410_1,SULFONAMIDE,sulfonamide antibiotic,SULFONAMIDE,FULL,,,
SRR24234336,SRR24234336_29424_1,AMINOGLYCOSIDE,aminoglycoside antibiotic,AMINOGLYCOSIDE,FULL,,,
SRR24234336,SRR24234336_200003_1,LINCOSAMIDE/MACROLIDE/STREPTOGRAMIN,macrolide antibiotic; lincosamide antibiotic; streptogramin antibiotic; streptogramin A antibiotic; streptogramin B antibiotic,LINCOSAMIDE/MACROLIDE/STREPTOGRAMIN,FULL,,,
SRR24234336,SRR24234336_286158_1,BETA-LACTAM,cephalosporin,BETA-LACTAM,FULL,,,
SRR24234336,SRR24234336_327744_1,TETRACYCLINE,tetracycline antibiotic,TETRACYCLINE,FULL,,,
SRR24234336,SRR24234336_435919_1,TETRACYCLINE,tetracycline antibiotic,TETRACYCLINE,FULL,,,
SRR24234336,SRR24234336_495177_3,SULFONAMIDE,sulfonamide antibiotic,SULFONAMIDE,FULL,,,
SRR24234336,SRR24234336_1039834_1,AMINOGLYCOSIDE,aminoglycoside antibiotic,AMINOGLYCOSIDE,FULL,,,
SRR24234336,SRR24234336_1433071_1,AMINOGLYCOSIDE,aminoglycoside antibiotic,AMINOGLYCOSIDE,FULL,,,
SRR24234336,SRR24234336_1433071_2,AMINOGLYCOSIDE,aminoglycoside antibiotic,AMINOGLYCOSIDE,FULL,,,
SRR24234336,SRR24234336_1565311_1,AMINOGLYCOSIDE,aminoglycoside antibiotic,AMINOGLYCOSIDE,FULL,,,
SRR24234336,SRR24234336_1610617_1,QUATERNARY AMMONIUM,disinfecting agents and antiseptics,QUATERNARY AMMONIUM,FULL,,,
SRR24234336,SRR24234336_1990922_1,AMINOGLYCOSIDE,aminoglycoside antibiotic,AMINOGLYCOSIDE,FULL,,,
SRR24234336,SRR24234336_2019537_1,TETRACYCLINE,tetracycline antibiotic,TETRACYCLINE,FULL,,,
SRR24234336,SRR24234336_2039751_3,AMINOGLYCOSIDE,aminoglycoside antibiotic,AMINOGLYCOSIDE,FULL,,,
SRR24234336,SRR24234336_3828195_1,AMINOGLYCOSIDE,aminoglycoside antibiotic,AMINOGLYCOSIDE,FULL,,,
SRR24234337,SRR24234337_42107_1,AMINOGLYCOSIDE,aminoglycoside antibiotic,AMINOGLYCOSIDE,FULL,,,
SRR24234337,SRR24234337_98567_1,TETRACYCLINE,tetracycline antibiotic,TETRACYCLINE,FULL,,,
SRR24234337,SRR24234337_189109_1,AMINOGLYCOSIDE,aminoglycoside antibiotic,AMINOGLYCOSIDE,FULL,,,
SRR24234337,SRR24234337_500875_5,AMINOGLYCOSIDE,aminoglycoside antibiotic,AMINOGLYCOSIDE,FULL,,,
SRR24234337,SRR24234337_500875_6,AMINOGLYCOSIDE,aminoglycoside antibiotic,AMINOGLYCOSIDE,FULL,,,
SRR24234337,SRR24234337_1209896_2,LINCOSAMIDE/MACROLIDE/STREPTOGRAMIN,macrolide antibiotic; lincosamide antibiotic; streptogramin antibiotic; streptogramin A antibiotic; streptogramin B antibiotic,LINCOSAMIDE/MACROLIDE/STREPTOGRAMIN,FULL,,,
SRR24234337,SRR24234337_1462197_1,TETRACYCLINE,tetracycline antibiotic,TETRACYCLINE,FULL,,,
SRR24234337,SRR24234337_1657815_1,AMINOGLYCOSIDE,aminoglycoside antibiotic,AMINOGLYCOSIDE,FULL,,,
SRR24234337,SRR24234337_1863765_1,BETA-LACTAM,cephalosporin,BETA-LACTAM,FULL,,,
SRR24234337,SRR24234337_2790199_2,SULFONAMIDE,sulfonamide antibiotic,SULFONAMIDE,FULL,,,
SRR24358884,SRR24358884_164834_1,MACROLIDE/STREPTOGRAMIN,macrolide antibiotic; streptogramin antibiotic; streptogramin B antibiotic,MACROLIDE/STREPTOGRAMIN,FULL,,,
SRR24358884,SRR24358884_164834_2,MACROLIDE,macrolide antibiotic,MACROLIDE,FULL,,,
SRR24358884,SRR24358884_219575_1,QUATERNARY AMMONIUM,disinfecting agents and antiseptics,QUATERNARY AMMONIUM,FULL,,,
SRR24358884,SRR24358884_284976_1,FOSFOMYCIN,phosphonic acid antibiotic,FOSFOMYCIN,FULL,,,
SRR25393906,SRR25393906_23095_1,TETRACYCLINE,tetracycline antibiotic,TETRACYCLINE,FULL,,,
SRR25393906,SRR25393906_133411_1,QUATERNARY AMMONIUM,disinfecting agents and antiseptics,QUATERNARY AMMONIUM,FULL,,,
SRR25393907,SRR25393907_45988_2,QUATERNARY AMMONIUM,disinfecting agents and antiseptics,QUATERNARY AMMONIUM,FULL,,,
SRR25393908,SRR25393908_240_1,TETRACYCLINE,tetracycline antibiotic,TETRACYCLINE,FULL,,,
SRR25393908,SRR25393908_38971_2,FOSFOMYCIN,phosphonic acid antibiotic,FOSFOMYCIN,FULL,,,
SRR25393908,SRR25393908_102270_1,QUATERNARY AMMONIUM,disinfecting agents and antiseptics,QUATERNARY AMMONIUM,FULL,,,
SRR25393909,SRR25393909_2909_1,TETRACYCLINE,tetracycline antibiotic,TETRACYCLINE,FULL,,,
SRR25393909,SRR25393909_18883_1,QUATERNARY AMMONIUM,disinfecting agents and antiseptics,QUATERNARY AMMONIUM,FULL,,,
SRR25393909,SRR25393909_43345_2,FOSFOMYCIN,phosphonic acid antibiotic,FOSFOMYCIN,FULL,,,
SRR25393909,SRR25393909_80599_2,SULFONAMIDE,sulfonamide antibiotic,SULFONAMIDE,FULL,,,
SRR25393910,SRR25393910_7390_2,AMINOGLYCOSIDE,aminoglycoside antibiotic,AMINOGLYCOSIDE,FULL,,,
SRR25393910,SRR25393910_7390_3,AMINOGLYCOSIDE,aminoglycoside antibiotic,AMINOGLYCOSIDE,FULL,,,
SRR25393910,SRR25393910_26624_3,STREPTOTHRICIN,nucleoside antibiotic,STREPTOTHRICIN,FULL,,,
SRR25393910,SRR25393910_56807_2,QUATERNARY AMMONIUM,disinfecting agents and antiseptics,QUATERNARY AMMONIUM,FULL,,,
SRR25393910,SRR25393910_150801_2,TETRACYCLINE,tetracycline antibiotic,TETRACYCLINE,FULL,,,
SRR25393910,SRR25393910_289655_2,AMINOGLYCOSIDE,aminoglycoside antibiotic,AMINOGLYCOSIDE,FULL,,,
SRR25393910,SRR25393910_589706_1,LINCOSAMIDE,lincosamide antibiotic,LINCOSAMIDE,FULL,,,
SRR25393910,SRR25393910_811966_1,SULFONAMIDE,sulfonamide antibiotic,SULFONAMIDE,FULL,,,
SRR25393911,SRR25393911_20251_1,QUATERNARY AMMONIUM,disinfecting agents and antiseptics,QUATERNARY AMMONIUM,FULL,,,
SRR25393911,SRR25393911_185336_1,QUATERNARY AMMONIUM,disinfecting agents and antiseptics,QUATERNARY AMMONIUM,FULL,,,
SRR25393911,SRR25393911_903968_1,TETRACYCLINE,tetracycline antibiotic,TETRACYCLINE,FULL,,,
SRR25393911,SRR25393911_955778_1,AMINOGLYCOSIDE,aminoglycoside antibiotic,AMINOGLYCOSIDE,FULL,,,
SRR25393911,SRR25393911_955778_2,AMINOGLYCOSIDE,aminoglycoside antibiotic,AMINOGLYCOSIDE,FULL,,,
SRR25393911,SRR25393911_1044517_1,AMINOGLYCOSIDE,aminoglycoside antibiotic,AMINOGLYCOSIDE,FULL,,,
SRR25393912,SRR25393912_5012_4,TETRACYCLINE,tetracycline antibiotic,TETRACYCLINE,FULL,,,
SRR25393912,SRR25393912_5012_5,QUATERNARY AMMONIUM,disinfecting agents and antiseptics,QUATERNARY AMMONIUM,FULL,,,
SRR25393912,SRR25393912_12349_6,QUATERNARY AMMONIUM,disinfecting agents and antiseptics,QUATERNARY AMMONIUM,FULL,,,
SRR25393912,SRR25393912_26221_2,SULFONAMIDE,sulfonamide antibiotic,SULFONAMIDE,FULL,,,
SRR25393913,SRR25393913_26795_4,TETRACYCLINE,tetracycline antibiotic,TETRACYCLINE,FULL,,,
SRR25393913,SRR25393913_26795_5,QUATERNARY AMMONIUM,disinfecting agents and antiseptics,QUATERNARY AMMONIUM,FULL,,,
SRR25393913,SRR25393913_31651_2,SULFONAMIDE,sulfonamide antibiotic,SULFONAMIDE,FULL,,,
SRR25393913,SRR25393913_36011_1,QUATERNARY AMMONIUM,disinfecting agents and antiseptics,QUATERNARY AMMONIUM,FULL,,,
SRR25393913,SRR25393913_47565_2,AMINOGLYCOSIDE,aminoglycoside antibiotic,AMINOGLYCOSIDE,FULL,,,
SRR25393913,SRR25393913_63212_3,QUATERNARY AMMONIUM,disinfecting agents and antiseptics,QUATERNARY AMMONIUM,FULL,,,
SRR25393913,SRR25393913_95557_3,TETRACYCLINE,tetracycline antibiotic,TETRACYCLINE,FULL,,,
SRR25393914,SRR25393914_17932_1,FOSFOMYCIN,phosphonic acid antibiotic,FOSFOMYCIN,FULL,,,
SRR25393914,SRR25393914_21556_1,TETRACYCLINE,tetracycline antibiotic,TETRACYCLINE,FULL,,,
SRR25393914,SRR25393914_70839_2,QUATERNARY AMMONIUM,disinfecting agents and antiseptics,QUATERNARY AMMONIUM,FULL,,,
SRR25393914,SRR25393914_153936_1,QUATERNARY AMMONIUM,disinfecting agents and antiseptics,QUATERNARY AMMONIUM,FULL,,,
SRR25393915,SRR25393915_29751_1,TETRACYCLINE,tetracycline antibiotic,TETRACYCLINE,FULL,,,
SRR25393915,SRR25393915_53292_1,LINCOSAMIDE,lincosamide antibiotic,LINCOSAMIDE,FULL,,,
SRR25393915,SRR25393915_73619_1,QUATERNARY AMMONIUM,disinfecting agents and antiseptics,QUATERNARY AMMONIUM,FULL,,,
SRR25393915,SRR25393915_82972_1,TETRACYCLINE,tetracycline antibiotic,TETRACYCLINE,FULL,,,
SRR25393915,SRR25393915_93327_2,AMINOGLYCOSIDE,aminoglycoside antibiotic,AMINOGLYCOSIDE,FULL,,,
SRR25393915,SRR25393915_173219_2,QUATERNARY AMMONIUM,disinfecting agents and antiseptics,QUATERNARY AMMONIUM,FULL,,,
SRR25393915,SRR25393915_185618_1,FOSFOMYCIN,phosphonic acid antibiotic,FOSFOMYCIN,FULL,,,
SRR25393919,SRR25393919_1303_1,AMINOGLYCOSIDE,aminoglycoside antibiotic,AMINOGLYCOSIDE,FULL,,,
SRR25393919,SRR25393919_1303_2,AMINOGLYCOSIDE,aminoglycoside antibiotic,AMINOGLYCOSIDE,FULL,,,
SRR25393919,SRR25393919_30559_3,SULFONAMIDE,sulfonamide antibiotic,SULFONAMIDE,FULL,,,
SRR25393920,SRR25393920_59116_1,TETRACYCLINE,tetracycline antibiotic,TETRACYCLINE,FULL,,,
SRR25393920,SRR25393920_91766_2,SULFONAMIDE,sulfonamide antibiotic,SULFONAMIDE,FULL,,,
SRR25393920,SRR25393920_103327_1,AMINOGLYCOSIDE,aminoglycoside antibiotic,AMINOGLYCOSIDE,FULL,,,
SRR25393920,SRR25393920_148232_2,QUATERNARY AMMONIUM,disinfecting agents and antiseptics,QUATERNARY AMMONIUM,FULL,,,
SRR25393921,SRR25393921_169928_1,QUATERNARY AMMONIUM,disinfecting agents and antiseptics,QUATERNARY AMMONIUM,FULL,,,
SRR25393928,SRR25393928_51520_2,AMINOGLYCOSIDE,aminoglycoside antibiotic,AMINOGLYCOSIDE,FULL,,,
SRR25393928,SRR25393928_603095_2,TETRACYCLINE,tetracycline antibiotic,TETRACYCLINE,FULL,,,
SRR25393929,SRR25393929_644350_1,QUATERNARY AMMONIUM,disinfecting agents and antiseptics,QUATERNARY AMMONIUM,FULL,,,
SRR25393963,SRR25393963_191140_1,TETRACYCLINE,tetracycline antibiotic,TETRACYCLINE,FULL,,,
SRR25393963,SRR25393963_417105_2,QUATERNARY AMMONIUM,disinfecting agents and antiseptics,QUATERNARY AMMONIUM,FULL,,,
SRR25393964,SRR25393964_189745_1,QUATERNARY AMMONIUM,disinfecting agents and antiseptics,QUATERNARY AMMONIUM,FULL,,,
SRR25393965,SRR25393965_31062_1,QUATERNARY AMMONIUM,disinfecting agents and antiseptics,QUATERNARY AMMONIUM,FULL,,,
SRR25393965,SRR25393965_110272_1,TETRACYCLINE,tetracycline antibiotic,TETRACYCLINE,FULL,,,
SRR25393967,SRR25393967_172520_1,TETRACYCLINE,tetracycline antibiotic,TETRACYCLINE,FULL,,,
SRR25393968,SRR25393968_227648_1,TETRACYCLINE,tetracycline antibiotic,TETRACYCLINE,FULL,,,
SRR25393970,SRR25393970_73142_1,QUATERNARY AMMONIUM,disinfecting agents and antiseptics,QUATERNARY AMMONIUM,FULL,,,
SRR25393971,SRR25393971_514458_1,AMINOGLYCOSIDE,aminoglycoside antibiotic,AMINOGLYCOSIDE,FULL,,,
SRR25393971,SRR25393971_514458_2,AMINOGLYCOSIDE,aminoglycoside antibiotic,AMINOGLYCOSIDE,FULL,,,
SRR25393971,SRR25393971_675310_1,TETRACYCLINE,tetracycline antibiotic,TETRACYCLINE,FULL,,,
SRR25393972,SRR25393972_333701_1,AMINOGLYCOSIDE,aminoglycoside antibiotic,AMINOGLYCOSIDE,FULL,,,
SRR25393972,SRR25393972_333701_2,AMINOGLYCOSIDE,aminoglycoside antibiotic,AMINOGLYCOSIDE,FULL,,,
SRR25393972,SRR25393972_404781_1,TETRACYCLINE,tetracycline antibiotic,TETRACYCLINE,FULL,,,
SRR25393973,SRR25393973_18129_6,TETRACYCLINE,tetracycline antibiotic,TETRACYCLINE,FULL,,,
SRR25393973,SRR25393973_22843_1,AMINOGLYCOSIDE,aminoglycoside antibiotic,AMINOGLYCOSIDE,FULL,,,
SRR25393973,SRR25393973_65342_3,SULFONAMIDE,sulfonamide antibiotic,SULFONAMIDE,FULL,,,
SRR25393973,SRR25393973_105158_2,QUATERNARY AMMONIUM,disinfecting agents and antiseptics,QUATERNARY AMMONIUM,FULL,,,
SRR25393974,SRR25393974_8888_2,QUATERNARY AMMONIUM,disinfecting agents and antiseptics,QUATERNARY AMMONIUM,FULL,,,
SRR25393974,SRR25393974_65301_1,AMINOGLYCOSIDE,aminoglycoside antibiotic,AMINOGLYCOSIDE,FULL,,,
SRR25393974,SRR25393974_86678_1,AMINOGLYCOSIDE,aminoglycoside antibiotic,AMINOGLYCOSIDE,FULL,,,
SRR25393974,SRR25393974_86678_2,AMINOGLYCOSIDE,aminoglycoside antibiotic,AMINOGLYCOSIDE,FULL,,,
SRR25393974,SRR25393974_99842_1,TETRACYCLINE,tetracycline antibiotic,TETRACYCLINE,FULL,,,
SRR25393974,SRR25393974_250743_1,QUATERNARY AMMONIUM,disinfecting agents and antiseptics,QUATERNARY AMMONIUM,FULL,,,
SRR25393974,SRR25393974_293798_2,SULFONAMIDE,sulfonamide antibiotic,SULFONAMIDE,FULL,,,
SRR25393975,SRR25393975_69593_4,AMINOGLYCOSIDE,aminoglycoside antibiotic,AMINOGLYCOSIDE,FULL,,,
SRR25393975,SRR25393975_69593_5,AMINOGLYCOSIDE,aminoglycoside antibiotic,AMINOGLYCOSIDE,FULL,,,
SRR25393975,SRR25393975_81517_3,SULFONAMIDE,sulfonamide antibiotic,SULFONAMIDE,FULL,,,
SRR25393975,SRR25393975_237093_1,BETA-LACTAM,penicillin beta-lactam,BETA-LACTAM,FULL,,,
SRR25393976,SRR25393976_327117_1,QUATERNARY AMMONIUM,disinfecting agents and antiseptics,QUATERNARY AMMONIUM,FULL,,,
SRR25393976,SRR25393976_944929_1,AMINOGLYCOSIDE,aminoglycoside antibiotic,AMINOGLYCOSIDE,FULL,,,
SRR25393978,SRR25393978_313026_2,PHENICOL,phenicol antibiotic,PHENICOL,FULL,,,
SRR25393979,SRR25393979_618238_2,AMINOGLYCOSIDE,aminoglycoside antibiotic,AMINOGLYCOSIDE,FULL,,,
SRR25393980,SRR25393980_3594_3,SULFONAMIDE,sulfonamide antibiotic,SULFONAMIDE,FULL,,,
SRR25393980,SRR25393980_212879_1,QUATERNARY AMMONIUM,disinfecting agents and antiseptics,QUATERNARY AMMONIUM,FULL,,,
SRR25393980,SRR25393980_256636_1,AMINOGLYCOSIDE,aminoglycoside antibiotic,AMINOGLYCOSIDE,FULL,,,
SRR25393980,SRR25393980_275794_2,QUATERNARY AMMONIUM,disinfecting agents and antiseptics,QUATERNARY AMMONIUM,FULL,,,
SRR25393980,SRR25393980_402452_2,QUATERNARY AMMONIUM,disinfecting agents and antiseptics,QUATERNARY AMMONIUM,FULL,,,
SRR25393980,SRR25393980_555102_1,AMINOGLYCOSIDE,aminoglycoside antibiotic,AMINOGLYCOSIDE,FULL,,,
SRR25393980,SRR25393980_555102_2,AMINOGLYCOSIDE,aminoglycoside antibiotic,AMINOGLYCOSIDE,FULL,,,
SRR25393981,SRR25393981_4571_6,QUATERNARY AMMONIUM,disinfecting agents and antiseptics,QUATERNARY AMMONIUM,FULL,,,
SRR25393981,SRR25393981_6958_2,QUATERNARY AMMONIUM,disinfecting agents and antiseptics,QUATERNARY AMMONIUM,FULL,,,
SRR25393981,SRR25393981_6958_3,TETRACYCLINE,tetracycline antibiotic,TETRACYCLINE,FULL,,,
SRR25393981,SRR25393981_98003_1,AMINOGLYCOSIDE,aminoglycoside antibiotic,AMINOGLYCOSIDE,FULL,,,
SRR25393981,SRR25393981_136522_1,AMINOGLYCOSIDE,aminoglycoside antibiotic,AMINOGLYCOSIDE,FULL,,,
SRR25393981,SRR25393981_136522_2,AMINOGLYCOSIDE,aminoglycoside antibiotic,AMINOGLYCOSIDE,FULL,,,
SRR25393984,SRR25393984_12874_3,TETRACYCLINE,tetracycline antibiotic,TETRACYCLINE,FULL,,,
SRR25393984,SRR25393984_20830_3,SULFONAMIDE,sulfonamide antibiotic,SULFONAMIDE,FULL,,,
SRR25393984,SRR25393984_45284_1,AMINOGLYCOSIDE,aminoglycoside antibiotic,AMINOGLYCOSIDE,FULL,,,
SRR25393984,SRR25393984_70751_1,QUATERNARY AMMONIUM,disinfecting agents and antiseptics,QUATERNARY AMMONIUM,FULL,,,
SRR25393984,SRR25393984_96650_1,TETRACYCLINE,tetracycline antibiotic,TETRACYCLINE,FULL,,,
SRR25393984,SRR25393984_420794_1,AMINOGLYCOSIDE,aminoglycoside antibiotic,AMINOGLYCOSIDE,FULL,,,
SRR25393984,SRR25393984_420794_2,AMINOGLYCOSIDE,aminoglycoside antibiotic,AMINOGLYCOSIDE,FULL,,,
SRR25393985,SRR25393985_39897_3,TETRACYCLINE,tetracycline antibiotic,TETRACYCLINE,FULL,,,
SRR25393985,SRR25393985_66190_2,AMINOGLYCOSIDE,aminoglycoside antibiotic,AMINOGLYCOSIDE,FULL,,,
SRR25393985,SRR25393985_96097_2,AMINOGLYCOSIDE,aminoglycoside antibiotic,AMINOGLYCOSIDE,FULL,,,
SRR25393985,SRR25393985_96097_3,AMINOGLYCOSIDE,aminoglycoside antibiotic,AMINOGLYCOSIDE,FULL,,,
SRR25393985,SRR25393985_223140_2,QUATERNARY AMMONIUM,disinfecting agents and antiseptics,QUATERNARY AMMONIUM,FULL,,,
SRR25393985,SRR25393985_240519_1,QUATERNARY AMMONIUM,disinfecting agents and antiseptics,QUATERNARY AMMONIUM,FULL,,,
SRR25393985,SRR25393985_292291_1,TETRACYCLINE,tetracycline antibiotic,TETRACYCLINE,FULL,,,
SRR25393985,SRR25393985_537851_2,SULFONAMIDE,sulfonamide antibiotic,SULFONAMIDE,FULL,,,
SRR25393986,SRR25393986_29642_4,QUATERNARY AMMONIUM,disinfecting agents and antiseptics,QUATERNARY AMMONIUM,FULL,,,
SRR25393986,SRR25393986_195786_2,QUATERNARY AMMONIUM,disinfecting agents and antiseptics,QUATERNARY AMMONIUM,FULL,,,
SRR25393987,SRR25393987_73013_6,QUATERNARY AMMONIUM,disinfecting agents and antiseptics,QUATERNARY AMMONIUM,FULL,,,
SRR25393987,SRR25393987_1436066_1,QUATERNARY AMMONIUM,disinfecting agents and antiseptics,QUATERNARY AMMONIUM,FULL,,,
SRR25393989,SRR25393989_574618_1,TETRACYCLINE,tetracycline antibiotic,TETRACYCLINE,FULL,,,
SRR25393995,SRR25393995_67098_1,QUATERNARY AMMONIUM,disinfecting agents and antiseptics,QUATERNARY AMMONIUM,FULL,,,
SRR25393995,SRR25393995_467097_1,TETRACYCLINE,tetracycline antibiotic,TETRACYCLINE,FULL,,,
SRR25393995,SRR25393995_1051035_2,AMINOGLYCOSIDE,aminoglycoside antibiotic,AMINOGLYCOSIDE,FULL,,,
SRR25393996,SRR25393996_14435_2,TETRACYCLINE,tetracycline antibiotic,TETRACYCLINE,FULL,,,
SRR25393996,SRR25393996_396268_1,QUATERNARY AMMONIUM,disinfecting agents and antiseptics,QUATERNARY AMMONIUM,FULL,,,
SRR25393996,SRR25393996_601917_1,AMINOGLYCOSIDE,aminoglycoside antibiotic,AMINOGLYCOSIDE,FULL,,,
SRR25393997,SRR25393997_269528_2,TETRACYCLINE,tetracycline antibiotic,TETRACYCLINE,FULL,,,
SRR25393997,SRR25393997_332559_1,TETRACYCLINE,tetracycline antibiotic,TETRACYCLINE,FULL,,,
SRR25393997,SRR25393997_411475_1,LINCOSAMIDE/MACROLIDE,macrolide antibiotic; lincosamide antibiotic; streptogramin antibiotic,LINCOSAMIDE/MACROLIDE,PARTIAL,,STREPTOGRAMIN,
SRR25393997,SRR25393997_525146_1,LINCOSAMIDE,lincosamide antibiotic,LINCOSAMIDE,FULL,,,
SRR25393997,SRR25393997_1009002_1,QUATERNARY AMMONIUM,disinfecting agents and antiseptics,QUATERNARY AMMONIUM,FULL,,,
SRR25393998,SRR25393998_128980_1,LINCOSAMIDE,lincosamide antibiotic,LINCOSAMIDE,FULL,,,
SRR25393998,SRR25393998_273595_1,QUATERNARY AMMONIUM,disinfecting agents and antiseptics,QUATERNARY AMMONIUM,FULL,,,
SRR25393999,SRR25393999_420606_2,QUATERNARY AMMONIUM,disinfecting agents and antiseptics,QUATERNARY AMMONIUM,FULL,,,
SRR25393999,SRR25393999_759099_1,TETRACYCLINE,tetracycline antibiotic,TETRACYCLINE,FULL,,,
SRR25394001,SRR25394001_333633_1,QUATERNARY AMMONIUM,disinfecting agents and antiseptics,QUATERNARY AMMONIUM,FULL,,,
SRR25394001,SRR25394001_409746_1,TETRACYCLINE,tetracycline antibiotic,TETRACYCLINE,FULL,,,
SRR25394003,SRR25394003_36937_2,FOSFOMYCIN,phosphonic acid antibiotic,FOSFOMYCIN,FULL,,,
SRR25394003,SRR25394003_39596_2,TETRACYCLINE,tetracycline antibiotic,TETRACYCLINE,FULL,,,
SRR25394003,SRR25394003_174704_1,QUATERNARY AMMONIUM,disinfecting agents and antiseptics,QUATERNARY AMMONIUM,FULL,,,
SRR25394004,SRR25394004_133283_1,QUATERNARY AMMONIUM,disinfecting agents and antiseptics,QUATERNARY AMMONIUM,FULL,,,
SRR25394004,SRR25394004_150706_2,TETRACYCLINE,tetracycline antibiotic,TETRACYCLINE,FULL,,,
SRR25394004,SRR25394004_270456_2,FOSFOMYCIN,phosphonic acid antibiotic,FOSFOMYCIN,FULL,,,
SRR25394006,SRR25394006_14922_2,TETRACYCLINE,tetracycline antibiotic,TETRACYCLINE,FULL,,,
SRR25394006,SRR25394006_16097_1,TETRACYCLINE,tetracycline antibiotic,TETRACYCLINE,FULL,,,
SRR25394006,SRR25394006_21676_2,PHENICOL,phenicol antibiotic,PHENICOL,FULL,,,
SRR25394006,SRR25394006_25577_1,LINCOSAMIDE,lincosamide antibiotic,LINCOSAMIDE,FULL,,,
SRR25394006,SRR25394006_42555_1,QUATERNARY AMMONIUM,disinfecting agents and antiseptics,QUATERNARY AMMONIUM,FULL,,,
SRR25394007,SRR25394007_2421_1,LINCOSAMIDE,lincosamide antibiotic,LINCOSAMIDE,FULL,,,
SRR25394007,SRR25394007_24762_3,TETRACYCLINE,tetracycline antibiotic,TETRACYCLINE,FULL,,,
SRR25394007,SRR25394007_65489_2,PHENICOL,phenicol antibiotic,PHENICOL,FULL,,,
SRR25394007,SRR25394007_185728_1,QUATERNARY AMMONIUM,disinfecting agents and antiseptics,QUATERNARY AMMONIUM,FULL,,,
SRR25394008,SRR25394008_5539_1,QUATERNARY AMMONIUM,disinfecting agents and antiseptics,QUATERNARY AMMONIUM,FULL,,,
SRR25394008,SRR25394008_26741_2,FOSFOMYCIN,phosphonic acid antibiotic,FOSFOMYCIN,FULL,,,
SRR25394008,SRR25394008_39487_1,TETRACYCLINE,tetracycline antibiotic,TETRACYCLINE,FULL,,,
SRR25394009,SRR25394009_16190_1,QUATERNARY AMMONIUM,disinfecting agents and antiseptics,QUATERNARY AMMONIUM,FULL,,,
SRR25394011,SRR25394011_182779_1,QUATERNARY AMMONIUM,disinfecting agents and antiseptics,QUATERNARY AMMONIUM,FULL,,,
SRR25394012,SRR25394012_183367_2,TETRACYCLINE,tetracycline antibiotic,TETRACYCLINE,FULL,,,
SRR25394012,SRR25394012_319786_1,QUATERNARY AMMONIUM,disinfecting agents and antiseptics,QUATERNARY AMMONIUM,FULL,,,
SRR25394012,SRR25394012_527493_1,QUATERNARY AMMONIUM,disinfecting agents and antiseptics,QUATERNARY AMMONIUM,FULL,,,
SRR25394012,SRR25394012_1183786_1,AMINOGLYCOSIDE,aminoglycoside antibiotic,AMINOGLYCOSIDE,FULL,,,
SRR25394013,SRR25394013_86748_2,QUATERNARY AMMONIUM,disinfecting agents and antiseptics,QUATERNARY AMMONIUM,FULL,,,
SRR25394013,SRR25394013_119154_2,TETRACYCLINE,tetracycline antibiotic,TETRACYCLINE,FULL,,,
SRR25394013,SRR25394013_229110_3,QUATERNARY AMMONIUM,disinfecting agents and antiseptics,QUATERNARY AMMONIUM,FULL,,,
SRR25394013,SRR25394013_1024462_1,AMINOGLYCOSIDE,aminoglycoside antibiotic,AMINOGLYCOSIDE,FULL,,,
SRR25394014,SRR25394014_352844_2,QUATERNARY AMMONIUM,disinfecting agents and antiseptics,QUATERNARY AMMONIUM,FULL,,,
SRR25394014,SRR25394014_729175_1,QUATERNARY AMMONIUM,disinfecting agents and antiseptics,QUATERNARY AMMONIUM,FULL,,,
SRR25394015,SRR25394015_433156_1,TETRACYCLINE,tetracycline antibiotic,TETRACYCLINE,FULL,,,
SRR25394015,SRR25394015_528574_1,QUATERNARY AMMONIUM,disinfecting agents and antiseptics,QUATERNARY AMMONIUM,FULL,,,
SRR25394015,SRR25394015_707107_1,QUATERNARY AMMONIUM,disinfecting agents and antiseptics,QUATERNARY AMMONIUM,FULL,,,
SRR25394018,SRR25394018_429699_1,TETRACYCLINE,tetracycline antibiotic,TETRACYCLINE,FULL,,,
SRR25394021,SRR25394021_17311_1,QUATERNARY AMMONIUM,disinfecting agents and antiseptics,QUATERNARY AMMONIUM,FULL,,,
SRR25394021,SRR25394021_54294_2,TETRACYCLINE,tetracycline antibiotic,TETRACYCLINE,FULL,,,
SRR25394021,SRR25394021_67743_1,AMINOGLYCOSIDE,aminoglycoside antibiotic,AMINOGLYCOSIDE,FULL,,,
SRR25394021,SRR25394021_215896_1,TETRACYCLINE,tetracycline antibiotic,TETRACYCLINE,FULL,,,
SRR25394022,SRR25394022_444989_1,AMINOGLYCOSIDE,aminoglycoside antibiotic,AMINOGLYCOSIDE,FULL,,,
SRR25394031,SRR25394031_217134_5,TETRACYCLINE,tetracycline antibiotic,TETRACYCLINE,FULL,,,
SRR25394032,SRR25394032_92111_1,TETRACYCLINE,tetracycline antibiotic,TETRACYCLINE,FULL,,,
SRR25394774,SRR25394774_356834_1,QUATERNARY AMMONIUM,disinfecting agents and antiseptics,QUATERNARY AMMONIUM,FULL,,,
SRR25394774,SRR25394774_357573_1,FOSFOMYCIN,phosphonic acid antibiotic,FOSFOMYCIN,FULL,,,
SRR25394775,SRR25394775_112976_1,QUATERNARY AMMONIUM,disinfecting agents and antiseptics,QUATERNARY AMMONIUM,FULL,,,
SRR25394775,SRR25394775_112977_1,QUATERNARY AMMONIUM,disinfecting agents and antiseptics,QUATERNARY AMMONIUM,FULL,,,
SRR25394775,SRR25394775_212351_1,FOSFOMYCIN,phosphonic acid antibiotic,FOSFOMYCIN,FULL,,,
SRR25394778,SRR25394778_329979_1,QUATERNARY AMMONIUM,disinfecting agents and antiseptics,QUATERNARY AMMONIUM,FULL,,,
SRR25394780,SRR25394780_302532_1,QUATERNARY AMMONIUM,disinfecting agents and antiseptics,QUATERNARY AMMONIUM,FULL,,,
SRR25394780,SRR25394780_337532_1,QUATERNARY AMMONIUM,disinfecting agents and antiseptics,QUATERNARY AMMONIUM,FULL,,,
SRR25394780,SRR25394780_371553_1,FOSFOMYCIN,phosphonic acid antibiotic,FOSFOMYCIN,FULL,,,
SRR25394783,SRR25394783_395750_1,QUATERNARY AMMONIUM,disinfecting agents and antiseptics,QUATERNARY AMMONIUM,FULL,,,
SRR25394783,SRR25394783_454092_1,FOSFOMYCIN,phosphonic acid antibiotic,FOSFOMYCIN,FULL,,,
SRR25394784,SRR25394784_361681_1,QUATERNARY AMMONIUM,disinfecting agents and antiseptics,QUATERNARY AMMONIUM,FULL,,,
SRR25394784,SRR25394784_403158_2,FOSFOMYCIN,phosphonic acid antibiotic,FOSFOMYCIN,FULL,,,
SRR25394791,SRR25394791_359_1,TETRACYCLINE,tetracycline antibiotic,TETRACYCLINE,FULL,,,
SRR25394791,SRR25394791_2084_1,FOSFOMYCIN,phosphonic acid antibiotic,FOSFOMYCIN,FULL,,,
SRR25394791,SRR25394791_6662_2,QUATERNARY AMMONIUM,disinfecting agents and antiseptics,QUATERNARY AMMONIUM,FULL,,,
SRR25394791,SRR25394791_48183_1,QUATERNARY AMMONIUM,disinfecting agents and antiseptics,QUATERNARY AMMONIUM,FULL,,,
SRR25394791,SRR25394791_50097_2,QUATERNARY AMMONIUM,disinfecting agents and antiseptics,QUATERNARY AMMONIUM,FULL,,,
SRR25394791,SRR25394791_51539_1,TETRACYCLINE,tetracycline antibiotic,TETRACYCLINE,FULL,,,
SRR25394791,SRR25394791_70236_1,PHENICOL,phenicol antibiotic,PHENICOL,FULL,,,
SRR25394791,SRR25394791_81131_1,AMINOGLYCOSIDE,aminoglycoside antibiotic,AMINOGLYCOSIDE,FULL,,,
SRR25394791,SRR25394791_153009_1,AMINOGLYCOSIDE,aminoglycoside antibiotic,AMINOGLYCOSIDE,FULL,,,
SRR25394792,SRR25394792_8338_9,AMINOGLYCOSIDE,aminoglycoside antibiotic,AMINOGLYCOSIDE,FULL,,,
SRR25394792,SRR25394792_8338_10,STREPTOTHRICIN,nucleoside antibiotic,STREPTOTHRICIN,FULL,,,
SRR25394792,SRR25394792_15160_2,FOSFOMYCIN,phosphonic acid antibiotic,FOSFOMYCIN,FULL,,,
SRR25394792,SRR25394792_20589_1,QUATERNARY AMMONIUM,disinfecting agents and antiseptics,QUATERNARY AMMONIUM,FULL,,,
SRR25394792,SRR25394792_31528_2,QUATERNARY AMMONIUM,disinfecting agents and antiseptics,QUATERNARY AMMONIUM,FULL,,,
SRR25394792,SRR25394792_72297_2,AMINOGLYCOSIDE,aminoglycoside antibiotic,AMINOGLYCOSIDE,FULL,,,
SRR25394792,SRR25394792_77503_1,TETRACYCLINE,tetracycline antibiotic,TETRACYCLINE,FULL,,,
SRR25394798,SRR25394798_9195_1,AMINOGLYCOSIDE,aminoglycoside antibiotic,AMINOGLYCOSIDE,FULL,,,
SRR25394801,SRR25394801_5317_2,TETRACYCLINE,tetracycline antibiotic,TETRACYCLINE,FULL,,,
SRR25394804,SRR25394804_1434_4,AMINOGLYCOSIDE,aminoglycoside antibiotic,AMINOGLYCOSIDE,FULL,,,
SRR25394804,SRR25394804_2023_2,AMINOGLYCOSIDE,aminoglycoside antibiotic,AMINOGLYCOSIDE,FULL,,,
SRR25394804,SRR25394804_6338_2,BETA-LACTAM,penicillin beta-lactam,BETA-LACTAM,FULL,,,
SRR25394804,SRR25394804_10492_1,LINCOSAMIDE/MACROLIDE/STREPTOGRAMIN,macrolide antibiotic; lincosamide antibiotic; streptogramin antibiotic; streptogramin A antibiotic; streptogramin B antibiotic,LINCOSAMIDE/MACROLIDE/STREPTOGRAMIN,FULL,,,
SRR25394804,SRR25394804_44665_1,LINCOSAMIDE,lincosamide antibiotic,LINCOSAMIDE,FULL,,,
SRR25394805,SRR25394805_3487_4,BETA-LACTAM,penicillin beta-lactam,BETA-LACTAM,FULL,,,
SRR25394805,SRR25394805_21407_3,AMINOGLYCOSIDE,aminoglycoside antibiotic,AMINOGLYCOSIDE,FULL,,,
SRR25394805,SRR25394805_27789_1,PHENICOL,phenicol antibiotic,PHENICOL,FULL,,,
SRR25394805,SRR25394805_32645_1,TETRACYCLINE,tetracycline antibiotic,TETRACYCLINE,FULL,,,
SRR25394805,SRR25394805_32645_2,AMINOGLYCOSIDE,aminoglycoside antibiotic,AMINOGLYCOSIDE,FULL,,,
SRR25394805,SRR25394805_54092_1,LINCOSAMIDE,lincosamide antibiotic,LINCOSAMIDE,FULL,,,
SRR25394805,SRR25394805_126423_1,LINCOSAMIDE/MACROLIDE/STREPTOGRAMIN,macrolide antibiotic; lincosamide antibiotic; streptogramin antibiotic; streptogramin A antibiotic; streptogramin B antibiotic,LINCOSAMIDE/MACROLIDE/STREPTOGRAMIN,FULL,,,
SRR25394807,SRR25394807_3323_1,AMINOGLYCOSIDE,aminoglycoside antibiotic,AMINOGLYCOSIDE,FULL,,,
SRR25394807,SRR25394807_3323_2,TETRACYCLINE,tetracycline antibiotic,TETRACYCLINE,FULL,,,
SRR25394807,SRR25394807_5270_4,BETA-LACTAM,penicillin beta-lactam,BETA-LACTAM,FULL,,,
SRR25394807,SRR25394807_7561_1,PHENICOL,phenicol antibiotic,PHENICOL,FULL,,,
SRR25394807,SRR25394807_13437_2,LINCOSAMIDE/MACROLIDE/STREPTOGRAMIN,macrolide antibiotic; lincosamide antibiotic; streptogramin antibiotic; streptogramin A antibiotic; streptogramin B antibiotic,LINCOSAMIDE/MACROLIDE/STREPTOGRAMIN,FULL,,,
SRR25394807,SRR25394807_23331_2,AMINOGLYCOSIDE,aminoglycoside antibiotic,AMINOGLYCOSIDE,FULL,,,
SRR25394807,SRR25394807_67197_1,LINCOSAMIDE,lincosamide antibiotic,LINCOSAMIDE,FULL,,,
SRR25394808,SRR25394808_1879_2,PHENICOL,phenicol antibiotic,PHENICOL,FULL,,,
SRR25394808,SRR25394808_7633_2,AMINOGLYCOSIDE,aminoglycoside antibiotic,AMINOGLYCOSIDE,FULL,,,
SRR25394808,SRR25394808_7633_3,TETRACYCLINE,tetracycline antibiotic,TETRACYCLINE,FULL,,,
SRR25394808,SRR25394808_8659_2,BETA-LACTAM,penicillin beta-lactam,BETA-LACTAM,FULL,,,
SRR25394808,SRR25394808_8990_1,LINCOSAMIDE,lincosamide antibiotic,LINCOSAMIDE,FULL,,,
SRR25394808,SRR25394808_21229_3,AMINOGLYCOSIDE,aminoglycoside antibiotic,AMINOGLYCOSIDE,FULL,,,
SRR25394808,SRR25394808_29232_2,LINCOSAMIDE/MACROLIDE/STREPTOGRAMIN,macrolide antibiotic; lincosamide antibiotic; streptogramin antibiotic; streptogramin A antibiotic; streptogramin B antibiotic,LINCOSAMIDE/MACROLIDE/STREPTOGRAMIN,FULL,,,
SRR25394810,SRR25394810_16283_1,QUATERNARY AMMONIUM,disinfecting agents and antiseptics,QUATERNARY AMMONIUM,FULL,,,
SRR25394812,SRR25394812_4285_1,QUATERNARY AMMONIUM,disinfecting agents and antiseptics,QUATERNARY AMMONIUM,FULL,,,
SRR25394813,SRR25394813_10757_1,TETRACYCLINE,tetracycline antibiotic,TETRACYCLINE,FULL,,,
SRR25394815,SRR25394815_3777_1,TETRACYCLINE,tetracycline antibiotic,TETRACYCLINE,FULL,,,
SRR25394817,SRR25394817_1036231_2,QUATERNARY AMMONIUM,disinfecting agents and antiseptics,QUATERNARY AMMONIUM,FULL,,,
SRR25394818,SRR25394818_2004_1,BETA-LACTAM,penicillin beta-lactam,BETA-LACTAM,FULL,,,
SRR25394818,SRR25394818_17664_2,STREPTOTHRICIN,nucleoside antibiotic,STREPTOTHRICIN,FULL,,,
SRR25394818,SRR25394818_17664_3,AMINOGLYCOSIDE,aminoglycoside antibiotic,AMINOGLYCOSIDE,FULL,,,
SRR25394819,SRR25394819_8542_2,TETRACYCLINE,tetracycline antibiotic,TETRACYCLINE,FULL,,,
SRR25394819,SRR25394819_73504_1,QUATERNARY AMMONIUM,disinfecting agents and antiseptics,QUATERNARY AMMONIUM,FULL,,,
SRR25394820,SRR25394820_32628_2,LINCOSAMIDE,lincosamide antibiotic,LINCOSAMIDE,FULL,,,
SRR25394821,SRR25394821_13641_2,AMINOGLYCOSIDE,aminoglycoside antibiotic,AMINOGLYCOSIDE,FULL,,,
SRR25394821,SRR25394821_13641_3,AMINOGLYCOSIDE,aminoglycoside antibiotic,AMINOGLYCOSIDE,FULL,,,
SRR25394821,SRR25394821_17379_2,AMINOGLYCOSIDE,aminoglycoside antibiotic,AMINOGLYCOSIDE,FULL,,,
SRR25394823,SRR25394823_73145_1,AMINOGLYCOSIDE,aminoglycoside antibiotic,AMINOGLYCOSIDE,FULL,,,
SRR25394823,SRR25394823_352257_1,BETA-LACTAM,monobactam; cephalosporin; penicillin beta-lactam,BETA-LACTAM,FULL,,,
SRR25394832,SRR25394832_1629_5,TETRACYCLINE,tetracycline antibiotic,TETRACYCLINE,FULL,,,
SRR25394834,SRR25394834_5452_1,TETRACYCLINE,tetracycline antibiotic,TETRACYCLINE,FULL,,,
SRR25394835,SRR25394835_1050_1,TETRACYCLINE,tetracycline antibiotic,TETRACYCLINE,FULL,,,
SRR25394837,SRR25394837_22136_1,FOSFOMYCIN,phosphonic acid antibiotic,FOSFOMYCIN,FULL,,,
SRR25394837,SRR25394837_32520_1,QUATERNARY AMMONIUM,disinfecting agents and antiseptics,QUATERNARY AMMONIUM,FULL,,,
SRR25394837,SRR25394837_98578_1,QUATERNARY AMMONIUM,disinfecting agents and antiseptics,QUATERNARY AMMONIUM,FULL,,,
SRR25394838,SRR25394838_89933_1,QUATERNARY AMMONIUM,disinfecting agents and antiseptics,QUATERNARY AMMONIUM,FULL,,,
SRR25394838,SRR25394838_89934_1,QUATERNARY AMMONIUM,disinfecting agents and antiseptics,QUATERNARY AMMONIUM,FULL,,,
SRR25394838,SRR25394838_185759_2,FOSFOMYCIN,phosphonic acid antibiotic,FOSFOMYCIN,FULL,,,
SRR25394839,SRR25394839_210_1,QUATERNARY AMMONIUM,disinfecting agents and antiseptics,QUATERNARY AMMONIUM,FULL,,,
SRR25394839,SRR25394839_41814_1,QUATERNARY AMMONIUM,disinfecting agents and antiseptics,QUATERNARY AMMONIUM,FULL,,,
SRR25394840,SRR25394840_66247_1,QUATERNARY AMMONIUM,disinfecting agents and antiseptics,QUATERNARY AMMONIUM,FULL,,,
SRR25394840,SRR25394840_115360_1,QUATERNARY AMMONIUM,disinfecting agents and antiseptics,QUATERNARY AMMONIUM,FULL,,,
SRR25394840,SRR25394840_128282_2,FOSFOMYCIN,phosphonic acid antibiotic,FOSFOMYCIN,FULL,,,
SRR25394841,SRR25394841_680245_1,QUATERNARY AMMONIUM,disinfecting agents and antiseptics,QUATERNARY AMMONIUM,FULL,,,
SRR25394841,SRR25394841_700647_2,FOSFOMYCIN,phosphonic acid antibiotic,FOSFOMYCIN,FULL,,,
SRR25394842,SRR25394842_453250_1,QUATERNARY AMMONIUM,disinfecting agents and antiseptics,QUATERNARY AMMONIUM,FULL,,,
SRR25394842,SRR25394842_501656_1,FOSFOMYCIN,phosphonic acid antibiotic,FOSFOMYCIN,FULL,,,
SRR25394843,SRR25394843_315408_1,QUATERNARY AMMONIUM,disinfecting agents and antiseptics,QUATERNARY AMMONIUM,FULL,,,
SRR25394843,SRR25394843_315409_1,QUATERNARY AMMONIUM,disinfecting agents and antiseptics,QUATERNARY AMMONIUM,FULL,,,
SRR25394843,SRR25394843_369644_1,FOSFOMYCIN,phosphonic acid antibiotic,FOSFOMYCIN,FULL,,,
SRR25394844,SRR25394844_378539_2,TETRACYCLINE,tetracycline antibiotic,TETRACYCLINE,FULL,,,
SRR25394845,SRR25394845_144663_1,QUATERNARY AMMONIUM,disinfecting agents and antiseptics,QUATERNARY AMMONIUM,FULL,,,
SRR25394845,SRR25394845_193948_1,QUATERNARY AMMONIUM,disinfecting agents and antiseptics,QUATERNARY AMMONIUM,FULL,,,
SRR25394845,SRR25394845_218365_1,FOSFOMYCIN,phosphonic acid antibiotic,FOSFOMYCIN,FULL,,,
SRR25394846,SRR25394846_48990_1,QUATERNARY AMMONIUM,disinfecting agents and antiseptics,QUATERNARY AMMONIUM,FULL,,,
SRR25394846,SRR25394846_55943_1,FOSFOMYCIN,phosphonic acid antibiotic,FOSFOMYCIN,FULL,,,
SRR25394846,SRR25394846_213515_1,QUATERNARY AMMONIUM,disinfecting agents and antiseptics,QUATERNARY AMMONIUM,FULL,,,
SRR25394847,SRR25394847_106111_7,PHENICOL,phenicol antibiotic,PHENICOL,FULL,,,
SRR25394847,SRR25394847_346031_1,QUATERNARY AMMONIUM,disinfecting agents and antiseptics,QUATERNARY AMMONIUM,FULL,,,
SRR25394847,SRR25394847_380629_1,QUATERNARY AMMONIUM,disinfecting agents and antiseptics,QUATERNARY AMMONIUM,FULL,,,
SRR25394847,SRR25394847_392006_2,FOSFOMYCIN,phosphonic acid antibiotic,FOSFOMYCIN,FULL,,,
SRR25394848,SRR25394848_281732_2,FOSFOMYCIN,phosphonic acid antibiotic,FOSFOMYCIN,FULL,,,
SRR25394848,SRR25394848_550479_1,QUATERNARY AMMONIUM,disinfecting agents and antiseptics,QUATERNARY AMMONIUM,FULL,,,
SRR25394850,SRR25394850_1441_4,AMINOGLYCOSIDE,aminoglycoside antibiotic,AMINOGLYCOSIDE,FULL,,,
SRR25394850,SRR25394850_2375_2,AMINOGLYCOSIDE,aminoglycoside antibiotic,AMINOGLYCOSIDE,FULL,,,
SRR25394850,SRR25394850_2525_1,TETRACYCLINE,tetracycline antibiotic,TETRACYCLINE,FULL,,,
SRR25394860,SRR25394860_10077_1,PHENICOL,phenicol antibiotic,PHENICOL,FULL,,,
SRR25394876,SRR25394876_80985_7,TETRACYCLINE,tetracycline antibiotic,TETRACYCLINE,FULL,,,
SRR25394876,SRR25394876_280921_3,AMINOGLYCOSIDE,aminoglycoside antibiotic,AMINOGLYCOSIDE,FULL,,,
SRR25394876,SRR25394876_453892_3,AMINOGLYCOSIDE,aminoglycoside antibiotic,AMINOGLYCOSIDE,FULL,,,
SRR25394879,SRR25394879_829_1,TETRACYCLINE,tetracycline antibiotic,TETRACYCLINE,FULL,,,
SRR25394884,SRR25394884_1888_4,BETA-LACTAM,penicillin beta-lactam,BETA-LACTAM,FULL,,,
SRR25394884,SRR25394884_29015_3,TETRACYCLINE,tetracycline antibiotic,TETRACYCLINE,FULL,,,
SRR25394884,SRR25394884_29015_4,AMINOGLYCOSIDE,aminoglycoside antibiotic,AMINOGLYCOSIDE,FULL,,,
SRR25394885,SRR25394885_6024_2,BETA-LACTAM,penicillin beta-lactam,BETA-LACTAM,FULL,,,
SRR25394885,SRR25394885_38252_1,TETRACYCLINE,tetracycline antibiotic,TETRACYCLINE,FULL,,,
SRR25394885,SRR25394885_38252_2,AMINOGLYCOSIDE,aminoglycoside antibiotic,AMINOGLYCOSIDE,FULL,,,
SRR25394886,SRR25394886_4088_4,BETA-LACTAM,penicillin beta-lactam,BETA-LACTAM,FULL,,,
SRR25394886,SRR25394886_5084_2,AMINOGLYCOSIDE,aminoglycoside antibiotic,AMINOGLYCOSIDE,FULL,,,
SRR25394886,SRR25394886_5084_3,TETRACYCLINE,tetracycline antibiotic,TETRACYCLINE,FULL,,,
SRR25394887,SRR25394887_1267_4,BETA-LACTAM,penicillin beta-lactam,BETA-LACTAM,FULL,,,
SRR25394887,SRR25394887_9798_3,AMINOGLYCOSIDE,aminoglycoside antibiotic,AMINOGLYCOSIDE,FULL,,,
SRR25394887,SRR25394887_9798_4,TETRACYCLINE,tetracycline antibiotic,TETRACYCLINE,FULL,,,
SRR25394889,SRR25394889_7808_2,AMINOGLYCOSIDE,aminoglycoside antibiotic,AMINOGLYCOSIDE,FULL,,,
SRR25394889,SRR25394889_15736_2,BETA-LACTAM,penicillin beta-lactam,BETA-LACTAM,FULL,,,
SRR25394889,SRR25394889_25734_2,PHENICOL,phenicol antibiotic,PHENICOL,FULL,,,
SRR25394889,SRR25394889_33763_2,AMINOGLYCOSIDE,aminoglycoside antibiotic,AMINOGLYCOSIDE,FULL,,,
SRR25394889,SRR25394889_39472_1,LINCOSAMIDE,lincosamide antibiotic,LINCOSAMIDE,FULL,,,
SRR25394889,SRR25394889_89021_1,LINCOSAMIDE/MACROLIDE/STREPTOGRAMIN,macrolide antibiotic; lincosamide antibiotic; streptogramin antibiotic; streptogramin A antibiotic; streptogramin B antibiotic,LINCOSAMIDE/MACROLIDE/STREPTOGRAMIN,FULL,,,
SRR25394890,SRR25394890_5656_3,AMINOGLYCOSIDE,aminoglycoside antibiotic,AMINOGLYCOSIDE,FULL,,,
SRR25394890,SRR25394890_9443_1,TETRACYCLINE,tetracycline antibiotic,TETRACYCLINE,FULL,,,
SRR25394890,SRR25394890_9443_2,AMINOGLYCOSIDE,aminoglycoside antibiotic,AMINOGLYCOSIDE,FULL,,,
SRR25394890,SRR25394890_26778_2,LINCOSAMIDE/MACROLIDE/STREPTOGRAMIN,macrolide antibiotic; lincosamide antibiotic; streptogramin antibiotic; streptogramin A antibiotic; streptogramin B antibiotic,LINCOSAMIDE/MACROLIDE/STREPTOGRAMIN,FULL,,,
SRR25394890,SRR25394890_101126_1,LINCOSAMIDE,lincosamide antibiotic,LINCOSAMIDE,FULL,,,
SRR25394891,SRR25394891_4195_1,AMINOGLYCOSIDE,aminoglycoside antibiotic,AMINOGLYCOSIDE,FULL,,,
SRR25394891,SRR25394891_4195_2,TETRACYCLINE,tetracycline antibiotic,TETRACYCLINE,FULL,,,
SRR25394891,SRR25394891_20710_2,BETA-LACTAM,penicillin beta-lactam,BETA-LACTAM,FULL,,,
SRR25394891,SRR25394891_53522_2,TETRACYCLINE,tetracycline antibiotic,TETRACYCLINE,FULL,,,
SRR25394891,SRR25394891_60420_1,AMINOGLYCOSIDE,aminoglycoside antibiotic,AMINOGLYCOSIDE,FULL,,,
SRR25394891,SRR25394891_76368_1,LINCOSAMIDE/MACROLIDE/STREPTOGRAMIN,macrolide antibiotic; lincosamide antibiotic; streptogramin antibiotic; streptogramin A antibiotic; streptogramin B antibiotic,LINCOSAMIDE/MACROLIDE/STREPTOGRAMIN,FULL,,,
SRR25394891,SRR25394891_99144_1,LINCOSAMIDE,lincosamide antibiotic,LINCOSAMIDE,FULL,,,
SRR25394892,SRR25394892_2128_2,BETA-LACTAM,penicillin beta-lactam,BETA-LACTAM,FULL,,,
SRR25394892,SRR25394892_2458_1,AMINOGLYCOSIDE,aminoglycoside antibiotic,AMINOGLYCOSIDE,FULL,,,
SRR25394892,SRR25394892_2458_2,TETRACYCLINE,tetracycline antibiotic,TETRACYCLINE,FULL,,,
SRR25394892,SRR25394892_11544_2,PHENICOL,phenicol antibiotic,PHENICOL,FULL,,,
SRR25394892,SRR25394892_22708_1,AMINOGLYCOSIDE,aminoglycoside antibiotic,AMINOGLYCOSIDE,FULL,,,
SRR25394892,SRR25394892_25165_1,LINCOSAMIDE,lincosamide antibiotic,LINCOSAMIDE,FULL,,,
SRR25394892,SRR25394892_26965_2,LINCOSAMIDE/MACROLIDE/STREPTOGRAMIN,macrolide antibiotic; lincosamide antibiotic; streptogramin antibiotic; streptogramin A antibiotic; streptogramin B antibiotic,LINCOSAMIDE/MACROLIDE/STREPTOGRAMIN,FULL,,,
SRR25394897,SRR25394897_46175_2,AMINOGLYCOSIDE,aminoglycoside antibiotic,AMINOGLYCOSIDE,FULL,,,
SRR25394899,SRR25394899_514276_1,AMINOGLYCOSIDE,aminoglycoside antibiotic,AMINOGLYCOSIDE,FULL,,,
SRR25394900,SRR25394900_717_1,TETRACYCLINE,tetracycline antibiotic,TETRACYCLINE,FULL,,,
SRR25394900,SRR25394900_6982_1,AMINOGLYCOSIDE,aminoglycoside antibiotic,AMINOGLYCOSIDE,FULL,,,
SRR25394900,SRR25394900_83107_4,AMINOGLYCOSIDE,aminoglycoside antibiotic,AMINOGLYCOSIDE,FULL,,,
SRR25394901,SRR25394901_21057_2,AMINOGLYCOSIDE,aminoglycoside antibiotic,AMINOGLYCOSIDE,FULL,,,
SRR25394902,SRR25394902_4854_1,TETRACYCLINE,tetracycline antibiotic,TETRACYCLINE,FULL,,,
SRR25394902,SRR25394902_6369_1,TETRACYCLINE,tetracycline antibiotic,TETRACYCLINE,FULL,,,
SRR25394902,SRR25394902_8485_2,AMINOGLYCOSIDE,aminoglycoside antibiotic,AMINOGLYCOSIDE,FULL,,,
SRR25394902,SRR25394902_15346_2,LINCOSAMIDE/MACROLIDE/STREPTOGRAMIN,macrolide antibiotic; lincosamide antibiotic; streptogramin antibiotic; streptogramin A antibiotic; streptogramin B antibiotic,LINCOSAMIDE/MACROLIDE/STREPTOGRAMIN,FULL,,,
SRR25394902,SRR25394902_22172_1,AMINOGLYCOSIDE,aminoglycoside antibiotic,AMINOGLYCOSIDE,FULL,,,
SRR25394902,SRR25394902_22172_2,AMINOGLYCOSIDE,aminoglycoside antibiotic,AMINOGLYCOSIDE,FULL,,,
SRR25394902,SRR25394902_22172_3,SULFONAMIDE,sulfonamide antibiotic,SULFONAMIDE,FULL,,,
SRR25394902,SRR25394902_47931_2,AMINOGLYCOSIDE,aminoglycoside antibiotic,AMINOGLYCOSIDE,FULL,,,
SRR25394903,SRR25394903_4976_2,AMINOGLYCOSIDE,aminoglycoside antibiotic,AMINOGLYCOSIDE,FULL,,,
SRR25394903,SRR25394903_4976_3,STREPTOTHRICIN,nucleoside antibiotic,STREPTOTHRICIN,FULL,,,
SRR25394903,SRR25394903_4976_4,AMINOGLYCOSIDE,aminoglycoside antibiotic,AMINOGLYCOSIDE,FULL,,,
SRR25394903,SRR25394903_6383_2,LINCOSAMIDE/STREPTOGRAMIN,lincosamide antibiotic; streptogramin antibiotic; pleuromutilin antibiotic,LINCOSAMIDE/STREPTOGRAMIN,PARTIAL,,PLEUROMUTILIN,
SRR25394903,SRR25394903_22613_2,AMINOGLYCOSIDE,aminoglycoside antibiotic,AMINOGLYCOSIDE,FULL,,,
SRR25394903,SRR25394903_29646_4,TETRACYCLINE,tetracycline antibiotic,TETRACYCLINE,FULL,,,
SRR25394903,SRR25394903_34752_4,TETRACYCLINE,tetracycline antibiotic,TETRACYCLINE,FULL,,,
SRR25394903,SRR25394903_47907_2,LINCOSAMIDE/MACROLIDE/STREPTOGRAMIN,macrolide antibiotic; lincosamide antibiotic; streptogramin antibiotic; streptogramin A antibiotic; streptogramin B antibiotic,LINCOSAMIDE/MACROLIDE/STREPTOGRAMIN,FULL,,,
SRR25394903,SRR25394903_68268_2,AMINOGLYCOSIDE,aminoglycoside antibiotic,AMINOGLYCOSIDE,FULL,,,
SRR25394903,SRR25394903_93859_1,LINCOSAMIDE,lincosamide antibiotic,LINCOSAMIDE,FULL,,,
SRR25394904,SRR25394904_4664_2,LINCOSAMIDE/MACROLIDE/STREPTOGRAMIN,macrolide antibiotic; lincosamide antibiotic; streptogramin antibiotic; streptogramin A antibiotic; streptogramin B antibiotic,LINCOSAMIDE/MACROLIDE/STREPTOGRAMIN,FULL,,,
SRR25394904,SRR25394904_6072_1,TETRACYCLINE,tetracycline antibiotic,TETRACYCLINE,FULL,,,
SRR25394904,SRR25394904_10875_1,TETRACYCLINE,tetracycline antibiotic,TETRACYCLINE,FULL,,,
SRR25394904,SRR25394904_12203_2,AMINOGLYCOSIDE,aminoglycoside antibiotic,AMINOGLYCOSIDE,FULL,,,
SRR25394904,SRR25394904_21825_2,STREPTOTHRICIN,nucleoside antibiotic,STREPTOTHRICIN,FULL,,,
SRR25394904,SRR25394904_21825_3,AMINOGLYCOSIDE,aminoglycoside antibiotic,AMINOGLYCOSIDE,FULL,,,
SRR25394904,SRR25394904_76082_1,LINCOSAMIDE,lincosamide antibiotic,LINCOSAMIDE,FULL,,,
SRR25394907,SRR25394907_2092_2,STREPTOTHRICIN,nucleoside antibiotic,STREPTOTHRICIN,FULL,,,
SRR25394907,SRR25394907_6349_1,TETRACYCLINE,tetracycline antibiotic,TETRACYCLINE,FULL,,,
SRR25394908,SRR25394908_5528_2,AMINOGLYCOSIDE,aminoglycoside antibiotic,AMINOGLYCOSIDE,FULL,,,
SRR25394908,SRR25394908_7054_2,AMINOGLYCOSIDE,aminoglycoside antibiotic,AMINOGLYCOSIDE,FULL,,,
SRR25394908,SRR25394908_7054_3,STREPTOTHRICIN,nucleoside antibiotic,STREPTOTHRICIN,FULL,,,
SRR25394910,SRR25394910_19599_2,STREPTOTHRICIN,nucleoside antibiotic,STREPTOTHRICIN,FULL,,,
SRR25394921,SRR25394921_4907_1,TETRACYCLINE,tetracycline antibiotic,TETRACYCLINE,FULL,,,
SRR25394924,SRR25394924_26311_1,QUATERNARY AMMONIUM,disinfecting agents and antiseptics,QUATERNARY AMMONIUM,FULL,,,
SRR25394924,SRR25394924_113027_1,QUATERNARY AMMONIUM,disinfecting agents and antiseptics,QUATERNARY AMMONIUM,FULL,,,
SRR25394925,SRR25394925_3777_2,QUATERNARY AMMONIUM,disinfecting agents and antiseptics,QUATERNARY AMMONIUM,FULL,,,
SRR25394927,SRR25394927_16027_1,QUATERNARY AMMONIUM,disinfecting agents and antiseptics,QUATERNARY AMMONIUM,FULL,,,
SRR25394927,SRR25394927_245125_1,AMINOGLYCOSIDE,aminoglycoside antibiotic,AMINOGLYCOSIDE,FULL,,,
SRR25394927,SRR25394927_1411181_1,AMINOGLYCOSIDE,aminoglycoside antibiotic,AMINOGLYCOSIDE,FULL,,,
SRR25394928,SRR25394928_1640_1,BETA-LACTAM,cephalosporin,BETA-LACTAM,FULL,,,
SRR25394928,SRR25394928_4752_3,TETRACYCLINE,tetracycline antibiotic,TETRACYCLINE,FULL,,,
SRR25394928,SRR25394928_5621_1,BETA-LACTAM,monobactam; cephalosporin; penicillin beta-lactam,BETA-LACTAM,FULL,,,
SRR25394928,SRR25394928_6613_2,AMINOGLYCOSIDE,aminoglycoside antibiotic,AMINOGLYCOSIDE,FULL,,,
SRR25394928,SRR25394928_6613_3,AMINOGLYCOSIDE,aminoglycoside antibiotic,AMINOGLYCOSIDE,FULL,,,
SRR25394928,SRR25394928_7711_1,AMINOGLYCOSIDE,aminoglycoside antibiotic,AMINOGLYCOSIDE,FULL,,,
SRR25394928,SRR25394928_7711_2,TRIMETHOPRIM,diaminopyrimidine antibiotic,TRIMETHOPRIM,FULL,,,
SRR25394928,SRR25394928_46201_1,PHENICOL,phenicol antibiotic,PHENICOL,FULL,,,
SRR25394929,SRR25394929_59217_4,TETRACYCLINE,tetracycline antibiotic,TETRACYCLINE,FULL,,,
SRR25394929,SRR25394929_118174_1,QUATERNARY AMMONIUM,disinfecting agents and antiseptics,QUATERNARY AMMONIUM,FULL,,,
SRR25394929,SRR25394929_1052762_1,AMINOGLYCOSIDE,aminoglycoside antibiotic,AMINOGLYCOSIDE,FULL,,,
SRR25394930,SRR25394930_802_2,AMINOGLYCOSIDE,aminoglycoside antibiotic,AMINOGLYCOSIDE,FULL,,,
SRR25394930,SRR25394930_11891_1,TETRACYCLINE,tetracycline antibiotic,TETRACYCLINE,FULL,,,
SRR25394931,SRR25394931_87237_1,QUATERNARY AMMONIUM,disinfecting agents and antiseptics,QUATERNARY AMMONIUM,FULL,,,
SRR25394931,SRR25394931_214893_1,QUATERNARY AMMONIUM,disinfecting agents and antiseptics,QUATERNARY AMMONIUM,FULL,,,
SRR25394932,SRR25394932_25433_1,QUATERNARY AMMONIUM,disinfecting agents and antiseptics,QUATERNARY AMMONIUM,FULL,,,
SRR25394934,SRR25394934_6681_1,AMINOGLYCOSIDE,aminoglycoside antibiotic,AMINOGLYCOSIDE,FULL,,,
SRR25394939,SRR25394939_227235_2,AMINOGLYCOSIDE,aminoglycoside antibiotic,AMINOGLYCOSIDE,FULL,,,
SRR25394940,SRR25394940_100319_2,AMINOGLYCOSIDE,aminoglycoside antibiotic,AMINOGLYCOSIDE,FULL,,,
SRR25394942,SRR25394942_98094_1,TETRACYCLINE,tetracycline antibiotic,TETRACYCLINE,FULL,,,
SRR25394942,SRR25394942_580115_1,AMINOGLYCOSIDE,aminoglycoside antibiotic,AMINOGLYCOSIDE,FULL,,,
SRR25394944,SRR25394944_12288_1,TETRACYCLINE,tetracycline antibiotic,TETRACYCLINE,FULL,,,
SRR25394944,SRR25394944_101431_1,QUATERNARY AMMONIUM,disinfecting agents and antiseptics,QUATERNARY AMMONIUM,FULL,,,
SRR25394946,SRR25394946_55164_2,AMINOGLYCOSIDE,aminoglycoside antibiotic,AMINOGLYCOSIDE,FULL,,,
SRR25394949,SRR25394949_29363_1,LINCOSAMIDE,lincosamide antibiotic,LINCOSAMIDE,FULL,,,
SRR25394950,SRR25394950_6652_1,TETRACYCLINE,tetracycline antibiotic,TETRACYCLINE,FULL,,,
SRR25394960,SRR25394960_340066_1,QUATERNARY AMMONIUM,disinfecting agents and antiseptics,QUATERNARY AMMONIUM,FULL,,,
SRR25394962,SRR25394962_9775_1,FOSFOMYCIN,phosphonic acid antibiotic,FOSFOMYCIN,FULL,,,
SRR25394962,SRR25394962_168471_1,QUATERNARY AMMONIUM,disinfecting agents and antiseptics,QUATERNARY AMMONIUM,FULL,,,
SRR25394964,SRR25394964_1245_2,MACROLIDE,macrolide antibiotic,MACROLIDE,FULL,,,
SRR25394964,SRR25394964_29028_1,QUATERNARY AMMONIUM,disinfecting agents and antiseptics,QUATERNARY AMMONIUM,FULL,,,
SRR25394964,SRR25394964_34715_1,TETRACYCLINE,tetracycline antibiotic,TETRACYCLINE,FULL,,,
SRR25394964,SRR25394964_83988_1,FOSFOMYCIN,phosphonic acid antibiotic,FOSFOMYCIN,FULL,,,
SRR25394965,SRR25394965_7609_1,MACROLIDE/STREPTOGRAMIN,macrolide antibiotic; streptogramin antibiotic; streptogramin B antibiotic,MACROLIDE/STREPTOGRAMIN,FULL,,,
SRR25394965,SRR25394965_14287_1,QUATERNARY AMMONIUM,disinfecting agents and antiseptics,QUATERNARY AMMONIUM,FULL,,,
SRR25394965,SRR25394965_15792_2,MACROLIDE,macrolide antibiotic,MACROLIDE,FULL,,,
SRR25394965,SRR25394965_31317_1,TETRACYCLINE,tetracycline antibiotic,TETRACYCLINE,FULL,,,
SRR25394965,SRR25394965_50976_1,FOSFOMYCIN,phosphonic acid antibiotic,FOSFOMYCIN,FULL,,,
SRR25394965,SRR25394965_86082_1,PHENICOL,phenicol antibiotic,PHENICOL,FULL,,,
SRR25394965,SRR25394965_93316_1,LINCOSAMIDE,lincosamide antibiotic,LINCOSAMIDE,FULL,,,
SRR25394965,SRR25394965_180266_1,QUATERNARY AMMONIUM,disinfecting agents and antiseptics,QUATERNARY AMMONIUM,FULL,,,
SRR25394967,SRR25394967_950_1,QUATERNARY AMMONIUM,disinfecting agents and antiseptics,QUATERNARY AMMONIUM,FULL,,,
SRR25394971,SRR25394971_671_4,TETRACYCLINE,tetracycline antibiotic,TETRACYCLINE,FULL,,,
SRR25394972,SRR25394972_4215_1,TETRACYCLINE,tetracycline antibiotic,TETRACYCLINE,FULL,,,
SRR25394973,SRR25394973_20067_1,TETRACYCLINE,tetracycline antibiotic,TETRACYCLINE,FULL,,,
SRR25394973,SRR25394973_25205_2,TETRACYCLINE,tetracycline antibiotic,TETRACYCLINE,FULL,,,
SRR25394973,SRR25394973_29085_1,AMINOGLYCOSIDE,aminoglycoside antibiotic,AMINOGLYCOSIDE,FULL,,,
SRR25394974,SRR25394974_7522_1,QUATERNARY AMMONIUM,disinfecting agents and antiseptics,QUATERNARY AMMONIUM,FULL,,,
SRR25394974,SRR25394974_33093_1,LINCOSAMIDE,lincosamide antibiotic,LINCOSAMIDE,FULL,,,
SRR25394974,SRR25394974_53628_2,TETRACYCLINE,tetracycline antibiotic,TETRACYCLINE,FULL,,,
SRR25394975,SRR25394975_96_1,TETRACYCLINE,tetracycline antibiotic,TETRACYCLINE,FULL,,,
SRR25394975,SRR25394975_12124_2,TETRACYCLINE,tetracycline antibiotic,TETRACYCLINE,FULL,,,
SRR25394975,SRR25394975_23696_3,AMINOGLYCOSIDE,aminoglycoside antibiotic,AMINOGLYCOSIDE,FULL,,,
SRR25394975,SRR25394975_174515_1,QUATERNARY AMMONIUM,disinfecting agents and antiseptics,QUATERNARY AMMONIUM,FULL,,,
SRR25394976,SRR25394976_3779_1,QUATERNARY AMMONIUM,disinfecting agents and antiseptics,QUATERNARY AMMONIUM,FULL,,,
SRR25394976,SRR25394976_11463_3,AMINOGLYCOSIDE,aminoglycoside antibiotic,AMINOGLYCOSIDE,FULL,,,
SRR25394976,SRR25394976_13718_2,TETRACYCLINE,tetracycline antibiotic,TETRACYCLINE,FULL,,,
SRR25394976,SRR25394976_22258_2,TETRACYCLINE,tetracycline antibiotic,TETRACYCLINE,FULL,,,
SRR25394976,SRR25394976_67374_1,LINCOSAMIDE,lincosamide antibiotic,LINCOSAMIDE,FULL,,,
SRR25394977,SRR25394977_28894_2,TETRACYCLINE,tetracycline antibiotic,TETRACYCLINE,FULL,,,
SRR25394977,SRR25394977_62256_1,AMINOGLYCOSIDE,aminoglycoside antibiotic,AMINOGLYCOSIDE,FULL,,,
SRR25394977,SRR25394977_86275_1,FOSFOMYCIN,phosphonic acid antibiotic,FOSFOMYCIN,FULL,,,
SRR25394977,SRR25394977_156816_1,QUATERNARY AMMONIUM,disinfecting agents and antiseptics,QUATERNARY AMMONIUM,FULL,,,
SRR25394978,SRR25394978_64332_1,LINCOSAMIDE/MACROLIDE/STREPTOGRAMIN,macrolide antibiotic; lincosamide antibiotic; streptogramin antibiotic; streptogramin A antibiotic; streptogramin B antibiotic,LINCOSAMIDE/MACROLIDE/STREPTOGRAMIN,FULL,,,
SRR25394978,SRR25394978_85389_2,FOSFOMYCIN,phosphonic acid antibiotic,FOSFOMYCIN,FULL,,,
SRR25394978,SRR25394978_91673_1,QUATERNARY AMMONIUM,disinfecting agents and antiseptics,QUATERNARY AMMONIUM,FULL,,,
SRR25394978,SRR25394978_222723_1,LINCOSAMIDE,lincosamide antibiotic,LINCOSAMIDE,FULL,,,
SRR25394980,SRR25394980_15037_1,TETRACYCLINE,tetracycline antibiotic,TETRACYCLINE,FULL,,,
SRR25394980,SRR25394980_65483_1,LINCOSAMIDE,lincosamide antibiotic,LINCOSAMIDE,FULL,,,
SRR25394980,SRR25394980_78220_1,LINCOSAMIDE/MACROLIDE/STREPTOGRAMIN,macrolide antibiotic; lincosamide antibiotic; streptogramin antibiotic; streptogramin A antibiotic; streptogramin B antibiotic,LINCOSAMIDE/MACROLIDE/STREPTOGRAMIN,FULL,,,
SRR25394981,SRR25394981_3054_1,LINCOSAMIDE,lincosamide antibiotic,LINCOSAMIDE,FULL,,,
SRR25394981,SRR25394981_7691_1,MACROLIDE/STREPTOGRAMIN,macrolide antibiotic; streptogramin antibiotic; streptogramin B antibiotic,MACROLIDE/STREPTOGRAMIN,FULL,,,
SRR25394981,SRR25394981_8219_1,TETRACYCLINE,tetracycline antibiotic,TETRACYCLINE,FULL,,,
SRR25394981,SRR25394981_13120_1,QUATERNARY AMMONIUM,disinfecting agents and antiseptics,QUATERNARY AMMONIUM,FULL,,,
SRR25394981,SRR25394981_40484_2,FOSFOMYCIN,phosphonic acid antibiotic,FOSFOMYCIN,FULL,,,
SRR25394981,SRR25394981_127617_1,QUATERNARY AMMONIUM,disinfecting agents and antiseptics,QUATERNARY AMMONIUM,FULL,,,
SRR25394982,SRR25394982_475_4,TETRACYCLINE,tetracycline antibiotic,TETRACYCLINE,FULL,,,
SRR25394983,SRR25394983_5283_2,TETRACYCLINE,tetracycline antibiotic,TETRACYCLINE,FULL,,,
SRR25394984,SRR25394984_989831_1,BETA-LACTAM,penicillin beta-lactam,BETA-LACTAM,FULL,,,
SRR25394985,SRR25394985_13620_2,TETRACYCLINE,tetracycline antibiotic,TETRACYCLINE,FULL,,,
SRR25394986,SRR25394986_592_2,TETRACYCLINE,tetracycline antibiotic,TETRACYCLINE,FULL,,,
SRR25394987,SRR25394987_379_2,TETRACYCLINE,tetracycline antibiotic,TETRACYCLINE,FULL,,,
SRR25394992,SRR25394992_3049_2,TETRACYCLINE,tetracycline antibiotic,TETRACYCLINE,FULL,,,
SRR25394992,SRR25394992_3049_3,AMINOGLYCOSIDE,aminoglycoside antibiotic,AMINOGLYCOSIDE,FULL,,,
SRR25394992,SRR25394992_3105_1,AMINOGLYCOSIDE,aminoglycoside antibiotic,AMINOGLYCOSIDE,FULL,,,
SRR25394992,SRR25394992_9240_2,AMINOGLYCOSIDE,aminoglycoside antibiotic,AMINOGLYCOSIDE,FULL,,,
SRR25394992,SRR25394992_9240_8,LINCOSAMIDE/STREPTOGRAMIN,lincosamide antibiotic; streptogramin antibiotic; pleuromutilin antibiotic,LINCOSAMIDE/STREPTOGRAMIN,PARTIAL,,PLEUROMUTILIN,
SRR25394992,SRR25394992_9240_9,LINCOSAMIDE,lincosamide antibiotic,LINCOSAMIDE,FULL,,,
SRR25394992,SRR25394992_9556_1,TETRACYCLINE,tetracycline antibiotic,TETRACYCLINE,FULL,,,
SRR25394992,SRR25394992_13168_3,FOSFOMYCIN,phosphonic acid antibiotic,FOSFOMYCIN,FULL,,,
SRR25394992,SRR25394992_19296_2,PHENICOL,phenicol antibiotic,PHENICOL,FULL,,,
SRR25394992,SRR25394992_19932_1,AMINOGLYCOSIDE,aminoglycoside antibiotic,AMINOGLYCOSIDE,FULL,,,
SRR25394992,SRR25394992_19932_2,AMINOGLYCOSIDE,aminoglycoside antibiotic,AMINOGLYCOSIDE,FULL,,,
SRR25394992,SRR25394992_33747_2,TETRACYCLINE,tetracycline antibiotic,TETRACYCLINE,FULL,,,
SRR25394992,SRR25394992_54064_1,QUATERNARY AMMONIUM,disinfecting agents and antiseptics,QUATERNARY AMMONIUM,FULL,,,
SRR25394992,SRR25394992_63737_3,SULFONAMIDE,sulfonamide antibiotic,SULFONAMIDE,FULL,,,
SRR25394992,SRR25394992_63737_4,QUATERNARY AMMONIUM,disinfecting agents and antiseptics,QUATERNARY AMMONIUM,FULL,,,
SRR25394992,SRR25394992_68864_3,TETRACYCLINE,tetracycline antibiotic,TETRACYCLINE,FULL,,,
SRR25394992,SRR25394992_81848_1,LINCOSAMIDE/MACROLIDE/STREPTOGRAMIN,macrolide antibiotic; lincosamide antibiotic; streptogramin antibiotic; streptogramin A antibiotic; streptogramin B antibiotic,LINCOSAMIDE/MACROLIDE/STREPTOGRAMIN,FULL,,,
SRR25394992,SRR25394992_128367_1,AMINOGLYCOSIDE,aminoglycoside antibiotic,AMINOGLYCOSIDE,FULL,,,
SRR25394993,SRR25394993_266_2,AMINOGLYCOSIDE,aminoglycoside antibiotic,AMINOGLYCOSIDE,FULL,,,
SRR25394993,SRR25394993_266_3,QUATERNARY AMMONIUM,disinfecting agents and antiseptics,QUATERNARY AMMONIUM,FULL,,,
SRR25394993,SRR25394993_266_4,SULFONAMIDE,sulfonamide antibiotic,SULFONAMIDE,FULL,,,
SRR25394993,SRR25394993_3387_2,TETRACYCLINE,tetracycline antibiotic,TETRACYCLINE,FULL,,,
SRR25394993,SRR25394993_3389_1,LINCOSAMIDE,lincosamide antibiotic,LINCOSAMIDE,FULL,,,
SRR25394993,SRR25394993_3411_6,MACROLIDE/STREPTOGRAMIN,macrolide antibiotic; streptogramin antibiotic; streptogramin B antibiotic,MACROLIDE/STREPTOGRAMIN,FULL,,,
SRR25394993,SRR25394993_7881_3,TETRACYCLINE,tetracycline antibiotic,TETRACYCLINE,FULL,,,
SRR25394993,SRR25394993_15038_2,TETRACYCLINE,tetracycline antibiotic,TETRACYCLINE,FULL,,,
SRR25394993,SRR25394993_15106_1,FOSFOMYCIN,phosphonic acid antibiotic,FOSFOMYCIN,FULL,,,
SRR25394993,SRR25394993_15520_1,LINCOSAMIDE/MACROLIDE/STREPTOGRAMIN,macrolide antibiotic; lincosamide antibiotic; streptogramin antibiotic; streptogramin A antibiotic; streptogramin B antibiotic,LINCOSAMIDE/MACROLIDE/STREPTOGRAMIN,FULL,,,
SRR25394993,SRR25394993_29613_2,MACROLIDE,macrolide antibiotic,MACROLIDE,FULL,,,
SRR25394993,SRR25394993_37120_1,AMINOGLYCOSIDE,aminoglycoside antibiotic,AMINOGLYCOSIDE,FULL,,,
SRR25394993,SRR25394993_42679_1,LINCOSAMIDE/MACROLIDE/STREPTOGRAMIN,macrolide antibiotic; lincosamide antibiotic; streptogramin antibiotic; streptogramin A antibiotic; streptogramin B antibiotic,LINCOSAMIDE/MACROLIDE/STREPTOGRAMIN,FULL,,,
SRR25394993,SRR25394993_46912_2,AMINOGLYCOSIDE,aminoglycoside antibiotic,AMINOGLYCOSIDE,FULL,,,
SRR25394993,SRR25394993_73328_1,QUATERNARY AMMONIUM,disinfecting agents and antiseptics,QUATERNARY AMMONIUM,FULL,,,
SRR25394993,SRR25394993_89966_1,AMINOGLYCOSIDE,aminoglycoside antibiotic,AMINOGLYCOSIDE,FULL,,,
SRR25394993,SRR25394993_133307_1,AMINOGLYCOSIDE,aminoglycoside antibiotic,AMINOGLYCOSIDE,FULL,,,
SRR25394993,SRR25394993_133307_2,AMINOGLYCOSIDE,aminoglycoside antibiotic,AMINOGLYCOSIDE,FULL,,,
SRR25394994,SRR25394994_447_3,FOSFOMYCIN,phosphonic acid antibiotic,FOSFOMYCIN,FULL,,,
SRR25394994,SRR25394994_6788_2,TETRACYCLINE,tetracycline antibiotic,TETRACYCLINE,FULL,,,
SRR25394994,SRR25394994_6788_3,AMINOGLYCOSIDE,aminoglycoside antibiotic,AMINOGLYCOSIDE,FULL,,,
SRR25394994,SRR25394994_9672_1,AMINOGLYCOSIDE,aminoglycoside antibiotic,AMINOGLYCOSIDE,FULL,,,
SRR25394994,SRR25394994_9672_2,AMINOGLYCOSIDE,aminoglycoside antibiotic,AMINOGLYCOSIDE,FULL,,,
SRR25394994,SRR25394994_12522_1,TETRACYCLINE,tetracycline antibiotic,TETRACYCLINE,FULL,,,
SRR25394994,SRR25394994_17468_7,LINCOSAMIDE/STREPTOGRAMIN,lincosamide antibiotic; streptogramin antibiotic; pleuromutilin antibiotic,LINCOSAMIDE/STREPTOGRAMIN,PARTIAL,,PLEUROMUTILIN,
SRR25394994,SRR25394994_17468_8,LINCOSAMIDE,lincosamide antibiotic,LINCOSAMIDE,FULL,,,
SRR25394994,SRR25394994_22496_1,LINCOSAMIDE/MACROLIDE/STREPTOGRAMIN,macrolide antibiotic; lincosamide antibiotic; streptogramin antibiotic; streptogramin A antibiotic; streptogramin B antibiotic,LINCOSAMIDE/MACROLIDE/STREPTOGRAMIN,FULL,,,
SRR25394994,SRR25394994_29419_2,PHENICOL,phenicol antibiotic,PHENICOL,FULL,,,
SRR25394994,SRR25394994_29546_2,AMINOGLYCOSIDE,aminoglycoside antibiotic,AMINOGLYCOSIDE,FULL,,,
SRR25394994,SRR25394994_36570_3,TETRACYCLINE,tetracycline antibiotic,TETRACYCLINE,FULL,,,
SRR25394994,SRR25394994_69660_3,TETRACYCLINE,tetracycline antibiotic,TETRACYCLINE,FULL,,,
SRR25394994,SRR25394994_77913_1,AMINOGLYCOSIDE,aminoglycoside antibiotic,AMINOGLYCOSIDE,FULL,,,
SRR25394994,SRR25394994_94041_3,SULFONAMIDE,sulfonamide antibiotic,SULFONAMIDE,FULL,,,
SRR25394994,SRR25394994_94041_4,QUATERNARY AMMONIUM,disinfecting agents and antiseptics,QUATERNARY AMMONIUM,FULL,,,
SRR25394994,SRR25394994_274092_1,AMINOGLYCOSIDE,aminoglycoside antibiotic,AMINOGLYCOSIDE,FULL,,,
SRR25394996,SRR25394996_3950_1,MACROLIDE/STREPTOGRAMIN,macrolide antibiotic; streptogramin antibiotic; streptogramin B antibiotic,MACROLIDE/STREPTOGRAMIN,FULL,,,
SRR25394996,SRR25394996_12527_2,LINCOSAMIDE/MACROLIDE/STREPTOGRAMIN,macrolide antibiotic; lincosamide antibiotic; streptogramin antibiotic; streptogramin A antibiotic; streptogramin B antibiotic,LINCOSAMIDE/MACROLIDE/STREPTOGRAMIN,FULL,,,
SRR25394996,SRR25394996_13568_1,FOSFOMYCIN,phosphonic acid antibiotic,FOSFOMYCIN,FULL,,,
SRR25394996,SRR25394996_15470_3,SULFONAMIDE,sulfonamide antibiotic,SULFONAMIDE,FULL,,,
SRR25394996,SRR25394996_15470_4,QUATERNARY AMMONIUM,disinfecting agents and antiseptics,QUATERNARY AMMONIUM,FULL,,,
SRR25394996,SRR25394996_15470_5,AMINOGLYCOSIDE,aminoglycoside antibiotic,AMINOGLYCOSIDE,FULL,,,
SRR25394996,SRR25394996_20538_1,AMINOGLYCOSIDE,aminoglycoside antibiotic,AMINOGLYCOSIDE,FULL,,,
SRR25394996,SRR25394996_29911_1,TETRACYCLINE,tetracycline antibiotic,TETRACYCLINE,FULL,,,
SRR25394996,SRR25394996_34352_1,TETRACYCLINE,tetracycline antibiotic,TETRACYCLINE,FULL,,,
SRR25394996,SRR25394996_46068_2,TETRACYCLINE,tetracycline antibiotic,TETRACYCLINE,FULL,,,
SRR25394996,SRR25394996_49088_1,MACROLIDE,macrolide antibiotic,MACROLIDE,FULL,,,
SRR25394996,SRR25394996_57106_1,AMINOGLYCOSIDE,aminoglycoside antibiotic,AMINOGLYCOSIDE,FULL,,,
SRR25394996,SRR25394996_67050_1,TETRACYCLINE,tetracycline antibiotic,TETRACYCLINE,FULL,,,
SRR25394996,SRR25394996_120793_2,LINCOSAMIDE/MACROLIDE/STREPTOGRAMIN,macrolide antibiotic; lincosamide antibiotic; streptogramin antibiotic; streptogramin A antibiotic; streptogramin B antibiotic,LINCOSAMIDE/MACROLIDE/STREPTOGRAMIN,FULL,,,
SRR25394996,SRR25394996_149362_1,TETRACYCLINE,tetracycline antibiotic,TETRACYCLINE,FULL,,,
SRR25394996,SRR25394996_294481_1,QUATERNARY AMMONIUM,disinfecting agents and antiseptics,QUATERNARY AMMONIUM,FULL,,,
SRR25394996,SRR25394996_326962_1,LINCOSAMIDE,lincosamide antibiotic,LINCOSAMIDE,FULL,,,
SRR25394997,SRR25394997_9377_6,AMINOGLYCOSIDE,aminoglycoside antibiotic,AMINOGLYCOSIDE,FULL,,,
SRR25394997,SRR25394997_9377_7,STREPTOTHRICIN,nucleoside antibiotic,STREPTOTHRICIN,FULL,,,
SRR25394997,SRR25394997_13462_1,TETRACYCLINE,tetracycline antibiotic,TETRACYCLINE,FULL,,,
SRR25394997,SRR25394997_15349_1,LINCOSAMIDE/MACROLIDE/STREPTOGRAMIN,macrolide antibiotic; lincosamide antibiotic; streptogramin antibiotic; streptogramin A antibiotic; streptogramin B antibiotic,LINCOSAMIDE/MACROLIDE/STREPTOGRAMIN,FULL,,,
SRR25394998,SRR25394998_28202_1,AMINOGLYCOSIDE,aminoglycoside antibiotic,AMINOGLYCOSIDE,FULL,,,
SRR25394998,SRR25394998_28202_2,AMINOGLYCOSIDE,aminoglycoside antibiotic,AMINOGLYCOSIDE,FULL,,,
SRR25394998,SRR25394998_92326_2,LINCOSAMIDE/MACROLIDE/STREPTOGRAMIN,macrolide antibiotic; lincosamide antibiotic; streptogramin antibiotic; streptogramin B antibiotic,LINCOSAMIDE/MACROLIDE/STREPTOGRAMIN,FULL,,,
SRR25395000,SRR25395000_50302_1,MACROLIDE/STREPTOGRAMIN,macrolide antibiotic; streptogramin antibiotic; streptogramin B antibiotic,MACROLIDE/STREPTOGRAMIN,FULL,,,
SRR25395000,SRR25395000_55309_2,LINCOSAMIDE/MACROLIDE/STREPTOGRAMIN,macrolide antibiotic; lincosamide antibiotic; streptogramin antibiotic; streptogramin B antibiotic,LINCOSAMIDE/MACROLIDE/STREPTOGRAMIN,FULL,,,
SRR25395000,SRR25395000_72650_2,FOSFOMYCIN,phosphonic acid antibiotic,FOSFOMYCIN,FULL,,,
SRR25395000,SRR25395000_310235_1,QUATERNARY AMMONIUM,disinfecting agents and antiseptics,QUATERNARY AMMONIUM,FULL,,,
SRR25395001,SRR25395001_1509_4,TETRACYCLINE,tetracycline antibiotic,TETRACYCLINE,FULL,,,
SRR25395001,SRR25395001_8342_3,TETRACYCLINE,tetracycline antibiotic,TETRACYCLINE,FULL,,,
SRR25395001,SRR25395001_13802_1,PHENICOL,phenicol antibiotic,PHENICOL,FULL,,,
SRR25395001,SRR25395001_15420_1,AMINOGLYCOSIDE,aminoglycoside antibiotic,AMINOGLYCOSIDE,FULL,,,
SRR25395001,SRR25395001_15605_2,TETRACYCLINE,tetracycline antibiotic,TETRACYCLINE,FULL,,,
SRR25395001,SRR25395001_16245_1,AMINOGLYCOSIDE,aminoglycoside antibiotic,AMINOGLYCOSIDE,FULL,,,
SRR25395001,SRR25395001_18177_3,AMINOGLYCOSIDE,aminoglycoside antibiotic,AMINOGLYCOSIDE,FULL,,,
SRR25395001,SRR25395001_36477_2,SULFONAMIDE,sulfonamide antibiotic,SULFONAMIDE,FULL,,,
SRR25395001,SRR25395001_65012_2,AMINOGLYCOSIDE,aminoglycoside antibiotic,AMINOGLYCOSIDE,FULL,,,
SRR25395001,SRR25395001_83246_1,LINCOSAMIDE,lincosamide antibiotic,LINCOSAMIDE,FULL,,,
SRR25395001,SRR25395001_94391_1,QUATERNARY AMMONIUM,disinfecting agents and antiseptics,QUATERNARY AMMONIUM,FULL,,,
SRR25395002,SRR25395002_3542_1,BETA-LACTAM,penicillin beta-lactam,BETA-LACTAM,FULL,,,
SRR25395002,SRR25395002_54369_1,QUATERNARY AMMONIUM,disinfecting agents and antiseptics,QUATERNARY AMMONIUM,FULL,,,
SRR25395003,SRR25395003_7635_8,AMINOGLYCOSIDE,aminoglycoside antibiotic,AMINOGLYCOSIDE,FULL,,,
SRR25395003,SRR25395003_10273_1,BETA-LACTAM,penicillin beta-lactam,BETA-LACTAM,FULL,,,
SRR25395003,SRR25395003_14306_2,TETRACYCLINE,tetracycline antibiotic,TETRACYCLINE,FULL,,,
SRR25395003,SRR25395003_32644_1,AMINOGLYCOSIDE,aminoglycoside antibiotic,AMINOGLYCOSIDE,FULL,,,
SRR25395003,SRR25395003_42559_1,TETRACYCLINE,tetracycline antibiotic,TETRACYCLINE,FULL,,,
SRR25395003,SRR25395003_71498_3,TETRACYCLINE,tetracycline antibiotic,TETRACYCLINE,FULL,,,
SRR25395003,SRR25395003_78834_1,AMINOGLYCOSIDE,aminoglycoside antibiotic,AMINOGLYCOSIDE,FULL,,,
SRR25395003,SRR25395003_86751_1,BETA-LACTAM,monobactam; cephalosporin; penicillin beta-lactam,BETA-LACTAM,FULL,,,
SRR25395003,SRR25395003_88344_2,PHENICOL,phenicol antibiotic,PHENICOL,FULL,,,
SRR25395003,SRR25395003_126907_2,AMINOGLYCOSIDE,aminoglycoside antibiotic,AMINOGLYCOSIDE,FULL,,,
SRR25395003,SRR25395003_168444_1,QUATERNARY AMMONIUM,disinfecting agents and antiseptics,QUATERNARY AMMONIUM,FULL,,,
SRR25395003,SRR25395003_221230_1,SULFONAMIDE,sulfonamide antibiotic,SULFONAMIDE,FULL,,,
SRR25395004,SRR25395004_128917_1,FOSFOMYCIN,phosphonic acid antibiotic,FOSFOMYCIN,FULL,,,
SRR25395005,SRR25395005_182818_1,QUATERNARY AMMONIUM,disinfecting agents and antiseptics,QUATERNARY AMMONIUM,FULL,,,
SRR25395005,SRR25395005_281058_1,FOSFOMYCIN,phosphonic acid antibiotic,FOSFOMYCIN,FULL,,,
SRR25395005,SRR25395005_290545_1,QUATERNARY AMMONIUM,disinfecting agents and antiseptics,QUATERNARY AMMONIUM,FULL,,,
SRR25395006,SRR25395006_200_1,QUATERNARY AMMONIUM,disinfecting agents and antiseptics,QUATERNARY AMMONIUM,FULL,,,
SRR25395006,SRR25395006_106893_1,FOSFOMYCIN,phosphonic acid antibiotic,FOSFOMYCIN,FULL,,,
SRR25395006,SRR25395006_164248_1,QUATERNARY AMMONIUM,disinfecting agents and antiseptics,QUATERNARY AMMONIUM,FULL,,,
SRR25395007,SRR25395007_2649_1,QUATERNARY AMMONIUM,disinfecting agents and antiseptics,QUATERNARY AMMONIUM,FULL,,,
SRR25395007,SRR25395007_3466_2,FOSFOMYCIN,phosphonic acid antibiotic,FOSFOMYCIN,FULL,,,
SRR25395007,SRR25395007_51643_1,QUATERNARY AMMONIUM,disinfecting agents and antiseptics,QUATERNARY AMMONIUM,FULL,,,
SRR25395008,SRR25395008_217495_1,QUATERNARY AMMONIUM,disinfecting agents and antiseptics,QUATERNARY AMMONIUM,FULL,,,
SRR25395008,SRR25395008_370861_2,FOSFOMYCIN,phosphonic acid antibiotic,FOSFOMYCIN,FULL,,,
SRR25395008,SRR25395008_392306_1,QUATERNARY AMMONIUM,disinfecting agents and antiseptics,QUATERNARY AMMONIUM,FULL,,,
SRR25395009,SRR25395009_375181_2,FOSFOMYCIN,phosphonic acid antibiotic,FOSFOMYCIN,FULL,,,
SRR25395009,SRR25395009_451412_1,QUATERNARY AMMONIUM,disinfecting agents and antiseptics,QUATERNARY AMMONIUM,FULL,,,
SRR25395010,SRR25395010_752765_1,QUATERNARY AMMONIUM,disinfecting agents and antiseptics,QUATERNARY AMMONIUM,FULL,,,
SRR25395010,SRR25395010_766698_1,FOSFOMYCIN,phosphonic acid antibiotic,FOSFOMYCIN,FULL,,,
SRR25395011,SRR25395011_191838_2,TETRACYCLINE,tetracycline antibiotic,TETRACYCLINE,FULL,,,
SRR25395012,SRR25395012_578425_1,QUATERNARY AMMONIUM,disinfecting agents and antiseptics,QUATERNARY AMMONIUM,FULL,,,
SRR25395012,SRR25395012_627051_1,FOSFOMYCIN,phosphonic acid antibiotic,FOSFOMYCIN,FULL,,,
SRR25395013,SRR25395013_157158_1,QUATERNARY AMMONIUM,disinfecting agents and antiseptics,QUATERNARY AMMONIUM,FULL,,,
SRR25395014,SRR25395014_33347_1,QUATERNARY AMMONIUM,disinfecting agents and antiseptics,QUATERNARY AMMONIUM,FULL,,,
SRR25395014,SRR25395014_248892_2,FOSFOMYCIN,phosphonic acid antibiotic,FOSFOMYCIN,FULL,,,
SRR25395015,SRR25395015_235377_1,QUATERNARY AMMONIUM,disinfecting agents and antiseptics,QUATERNARY AMMONIUM,FULL,,,
SRR25395015,SRR25395015_390360_3,FOSFOMYCIN,phosphonic acid antibiotic,FOSFOMYCIN,FULL,,,
SRR25395015,SRR25395015_398389_1,QUATERNARY AMMONIUM,disinfecting agents and antiseptics,QUATERNARY AMMONIUM,FULL,,,
SRR25395016,SRR25395016_300502_1,QUATERNARY AMMONIUM,disinfecting agents and antiseptics,QUATERNARY AMMONIUM,FULL,,,
SRR25395016,SRR25395016_361202_3,FOSFOMYCIN,phosphonic acid antibiotic,FOSFOMYCIN,FULL,,,
SRR25395017,SRR25395017_716417_1,QUATERNARY AMMONIUM,disinfecting agents and antiseptics,QUATERNARY AMMONIUM,FULL,,,
SRR25395017,SRR25395017_733007_1,FOSFOMYCIN,phosphonic acid antibiotic,FOSFOMYCIN,FULL,,,
SRR25395018,SRR25395018_553897_1,QUATERNARY AMMONIUM,disinfecting agents and antiseptics,QUATERNARY AMMONIUM,FULL,,,
SRR25395018,SRR25395018_561844_1,FOSFOMYCIN,phosphonic acid antibiotic,FOSFOMYCIN,FULL,,,
SRR25395019,SRR25395019_321967_2,FOSFOMYCIN,phosphonic acid antibiotic,FOSFOMYCIN,FULL,,,
SRR25395019,SRR25395019_365997_1,QUATERNARY AMMONIUM,disinfecting agents and antiseptics,QUATERNARY AMMONIUM,FULL,,,
SRR25395020,SRR25395020_217853_1,QUATERNARY AMMONIUM,disinfecting agents and antiseptics,QUATERNARY AMMONIUM,FULL,,,
SRR25395021,SRR25395021_417676_1,QUATERNARY AMMONIUM,disinfecting agents and antiseptics,QUATERNARY AMMONIUM,FULL,,,
SRR25395021,SRR25395021_449301_3,FOSFOMYCIN,phosphonic acid antibiotic,FOSFOMYCIN,FULL,,,
SRR25395022,SRR25395022_75033_1,AMINOGLYCOSIDE,aminoglycoside antibiotic,AMINOGLYCOSIDE,FULL,,,
SRR25395023,SRR25395023_276390_3,FOSFOMYCIN,phosphonic acid antibiotic,FOSFOMYCIN,FULL,,,
SRR25395023,SRR25395023_371114_1,QUATERNARY AMMONIUM,disinfecting agents and antiseptics,QUATERNARY AMMONIUM,FULL,,,
SRR25395024,SRR25395024_443948_2,QUATERNARY AMMONIUM,disinfecting agents and antiseptics,QUATERNARY AMMONIUM,FULL,,,
SRR25395024,SRR25395024_505993_1,QUATERNARY AMMONIUM,disinfecting agents and antiseptics,QUATERNARY AMMONIUM,FULL,,,
SRR25395024,SRR25395024_526106_3,FOSFOMYCIN,phosphonic acid antibiotic,FOSFOMYCIN,FULL,,,
SRR25395025,SRR25395025_453454_1,QUATERNARY AMMONIUM,disinfecting agents and antiseptics,QUATERNARY AMMONIUM,FULL,,,
SRR25395025,SRR25395025_546692_1,QUATERNARY AMMONIUM,disinfecting agents and antiseptics,QUATERNARY AMMONIUM,FULL,,,
SRR25395025,SRR25395025_575868_1,FOSFOMYCIN,phosphonic acid antibiotic,FOSFOMYCIN,FULL,,,
SRR25395026,SRR25395026_373486_2,FOSFOMYCIN,phosphonic acid antibiotic,FOSFOMYCIN,FULL,,,
SRR25395026,SRR25395026_426222_1,QUATERNARY AMMONIUM,disinfecting agents and antiseptics,QUATERNARY AMMONIUM,FULL,,,
SRR25395027,SRR25395027_210511_1,QUATERNARY AMMONIUM,disinfecting agents and antiseptics,QUATERNARY AMMONIUM,FULL,,,
SRR25395027,SRR25395027_337498_1,QUATERNARY AMMONIUM,disinfecting agents and antiseptics,QUATERNARY AMMONIUM,FULL,,,
SRR25395027,SRR25395027_343184_1,FOSFOMYCIN,phosphonic acid antibiotic,FOSFOMYCIN,FULL,,,
SRR25395028,SRR25395028_228148_1,QUATERNARY AMMONIUM,disinfecting agents and antiseptics,QUATERNARY AMMONIUM,FULL,,,
SRR25395028,SRR25395028_363740_1,QUATERNARY AMMONIUM,disinfecting agents and antiseptics,QUATERNARY AMMONIUM,FULL,,,
SRR25395028,SRR25395028_366338_1,FOSFOMYCIN,phosphonic acid antibiotic,FOSFOMYCIN,FULL,,,
SRR25395029,SRR25395029_344489_3,FOSFOMYCIN,phosphonic acid antibiotic,FOSFOMYCIN,FULL,,,
SRR25395029,SRR25395029_386189_1,QUATERNARY AMMONIUM,disinfecting agents and antiseptics,QUATERNARY AMMONIUM,FULL,,,
SRR25395030,SRR25395030_386567_1,QUATERNARY AMMONIUM,disinfecting agents and antiseptics,QUATERNARY AMMONIUM,FULL,,,
SRR25395030,SRR25395030_401448_1,FOSFOMYCIN,phosphonic acid antibiotic,FOSFOMYCIN,FULL,,,
SRR25395031,SRR25395031_171167_1,QUATERNARY AMMONIUM,disinfecting agents and antiseptics,QUATERNARY AMMONIUM,FULL,,,
SRR25395031,SRR25395031_396957_1,QUATERNARY AMMONIUM,disinfecting agents and antiseptics,QUATERNARY AMMONIUM,FULL,,,
SRR25395031,SRR25395031_434801_2,FOSFOMYCIN,phosphonic acid antibiotic,FOSFOMYCIN,FULL,,,
SRR25395032,SRR25395032_333155_1,FOSFOMYCIN,phosphonic acid antibiotic,FOSFOMYCIN,FULL,,,
SRR25395032,SRR25395032_358542_1,QUATERNARY AMMONIUM,disinfecting agents and antiseptics,QUATERNARY AMMONIUM,FULL,,,
SRR25395038,SRR25395038_3349_2,AMINOGLYCOSIDE,aminoglycoside antibiotic,AMINOGLYCOSIDE,FULL,,,
SRR25395038,SRR25395038_5227_1,TETRACYCLINE,tetracycline antibiotic,TETRACYCLINE,FULL,,,
SRR25395038,SRR25395038_12099_2,PHENICOL,phenicol antibiotic,PHENICOL,FULL,,,
SRR25395038,SRR25395038_17960_1,COLISTIN,peptide antibiotic,COLISTIN,FULL,,,
SRR25395038,SRR25395038_44722_2,TETRACYCLINE,tetracycline antibiotic,TETRACYCLINE,FULL,,,
SRR25395038,SRR25395038_424009_1,AMINOGLYCOSIDE,aminoglycoside antibiotic,AMINOGLYCOSIDE,FULL,,,
SRR25395039,SRR25395039_23439_1,QUATERNARY AMMONIUM,disinfecting agents and antiseptics,QUATERNARY AMMONIUM,FULL,,,
SRR25395051,SRR25395051_7561_3,PHENICOL,phenicol antibiotic,PHENICOL,FULL,,,
SRR25395051,SRR25395051_75469_1,STREPTOTHRICIN,nucleoside antibiotic,STREPTOTHRICIN,FULL,,,
SRR25395052,SRR25395052_4808_1,PHENICOL,phenicol antibiotic,PHENICOL,FULL,,,
SRR25395054,SRR25395054_8139_2,STREPTOTHRICIN,nucleoside antibiotic,STREPTOTHRICIN,FULL,,,
SRR25395054,SRR25395054_8673_1,PHENICOL,phenicol antibiotic,PHENICOL,FULL,,,
SRR25395059,SRR25395059_111278_1,QUATERNARY AMMONIUM,disinfecting agents and antiseptics,QUATERNARY AMMONIUM,FULL,,,
SRR25395059,SRR25395059_304953_1,QUATERNARY AMMONIUM,disinfecting agents and antiseptics,QUATERNARY AMMONIUM,FULL,,,
SRR25395060,SRR25395060_2720_1,LINCOSAMIDE,lincosamide antibiotic,LINCOSAMIDE,FULL,,,
SRR25395062,SRR25395062_416409_1,FOSFOMYCIN,phosphonic acid antibiotic,FOSFOMYCIN,FULL,,,
SRR25395062,SRR25395062_417066_1,QUATERNARY AMMONIUM,disinfecting agents and antiseptics,QUATERNARY AMMONIUM,FULL,,,
SRR25395063,SRR25395063_488064_1,QUATERNARY AMMONIUM,disinfecting agents and antiseptics,QUATERNARY AMMONIUM,FULL,,,
SRR25395066,SRR25395066_445110_1,QUATERNARY AMMONIUM,disinfecting agents and antiseptics,QUATERNARY AMMONIUM,FULL,,,
SRR25395066,SRR25395066_447660_2,FOSFOMYCIN,phosphonic acid antibiotic,FOSFOMYCIN,FULL,,,
SRR25395068,SRR25395068_131082_1,QUATERNARY AMMONIUM,disinfecting agents and antiseptics,QUATERNARY AMMONIUM,FULL,,,
SRR25395072,SRR25395072_326460_2,FOSFOMYCIN,phosphonic acid antibiotic,FOSFOMYCIN,FULL,,,
SRR25395075,SRR25395075_812_1,LINCOSAMIDE,lincosamide antibiotic,LINCOSAMIDE,FULL,,,
SRR25395076,SRR25395076_184964_2,FOSFOMYCIN,phosphonic acid antibiotic,FOSFOMYCIN,FULL,,,
SRR25395077,SRR25395077_188159_2,FOSFOMYCIN,phosphonic acid antibiotic,FOSFOMYCIN,FULL,,,
SRR25395080,SRR25395080_452353_1,QUATERNARY AMMONIUM,disinfecting agents and antiseptics,QUATERNARY AMMONIUM,FULL,,,
SRR25395080,SRR25395080_497474_1,FOSFOMYCIN,phosphonic acid antibiotic,FOSFOMYCIN,FULL,,,
SRR25395081,SRR25395081_314176_3,FOSFOMYCIN,phosphonic acid antibiotic,FOSFOMYCIN,FULL,,,
SRR25395081,SRR25395081_480557_1,QUATERNARY AMMONIUM,disinfecting agents and antiseptics,QUATERNARY AMMONIUM,FULL,,,
SRR25395084,SRR25395084_395919_1,FOSFOMYCIN,phosphonic acid antibiotic,FOSFOMYCIN,FULL,,,
SRR25395086,SRR25395086_247269_1,QUATERNARY AMMONIUM,disinfecting agents and antiseptics,QUATERNARY AMMONIUM,FULL,,,
SRR25395086,SRR25395086_337626_1,QUATERNARY AMMONIUM,disinfecting agents and antiseptics,QUATERNARY AMMONIUM,FULL,,,
SRR25395086,SRR25395086_357010_1,FOSFOMYCIN,phosphonic acid antibiotic,FOSFOMYCIN,FULL,,,
SRR25395087,SRR25395087_5254_1,TETRACYCLINE,tetracycline antibiotic,TETRACYCLINE,FULL,,,
SRR25395090,SRR25395090_6266_2,AMINOGLYCOSIDE,aminoglycoside antibiotic,AMINOGLYCOSIDE,FULL,,,
SRR25395090,SRR25395090_17310_1,TETRACYCLINE,tetracycline antibiotic,TETRACYCLINE,FULL,,,
SRR25395091,SRR25395091_2442_2,AMINOGLYCOSIDE,aminoglycoside antibiotic,AMINOGLYCOSIDE,FULL,,,
SRR25395092,SRR25395092_1000_1,AMINOGLYCOSIDE,aminoglycoside antibiotic,AMINOGLYCOSIDE,FULL,,,
SRR25395093,SRR25395093_600_1,AMINOGLYCOSIDE,aminoglycoside antibiotic,AMINOGLYCOSIDE,FULL,,,
SRR25395093,SRR25395093_3767_1,TETRACYCLINE,tetracycline antibiotic,TETRACYCLINE,FULL,,,
SRR25395093,SRR25395093_4538_2,STREPTOTHRICIN,nucleoside antibiotic,STREPTOTHRICIN,FULL,,,
SRR25395093,SRR25395093_4538_3,AMINOGLYCOSIDE,aminoglycoside antibiotic,AMINOGLYCOSIDE,FULL,,,
SRR25395093,SRR25395093_11245_2,TETRACYCLINE,tetracycline antibiotic,TETRACYCLINE,FULL,,,
SRR25395093,SRR25395093_19872_2,LINCOSAMIDE,lincosamide antibiotic,LINCOSAMIDE,FULL,,,
SRR25395093,SRR25395093_32514_2,LINCOSAMIDE/MACROLIDE/STREPTOGRAMIN,macrolide antibiotic; lincosamide antibiotic; streptogramin antibiotic; streptogramin A antibiotic; streptogramin B antibiotic,LINCOSAMIDE/MACROLIDE/STREPTOGRAMIN,FULL,,,
SRR25395097,SRR25395097_360_1,TETRACYCLINE,tetracycline antibiotic,TETRACYCLINE,FULL,,,
SRR25395099,SRR25395099_161436_1,QUATERNARY AMMONIUM,disinfecting agents and antiseptics,QUATERNARY AMMONIUM,FULL,,,
SRR25395100,SRR25395100_2339_1,QUATERNARY AMMONIUM,disinfecting agents and antiseptics,QUATERNARY AMMONIUM,FULL,,,
SRR25395100,SRR25395100_6007_2,QUATERNARY AMMONIUM,disinfecting agents and antiseptics,QUATERNARY AMMONIUM,FULL,,,
SRR25395101,SRR25395101_255_3,LINCOSAMIDE,lincosamide antibiotic,LINCOSAMIDE,FULL,,,
SRR25395105,SRR25395105_7400_4,AMINOGLYCOSIDE,aminoglycoside antibiotic,AMINOGLYCOSIDE,FULL,,,
SRR25395105,SRR25395105_14664_3,AMINOGLYCOSIDE,aminoglycoside antibiotic,AMINOGLYCOSIDE,FULL,,,
SRR25395105,SRR25395105_14664_4,TETRACYCLINE,tetracycline antibiotic,TETRACYCLINE,FULL,,,
SRR25395105,SRR25395105_31444_2,BETA-LACTAM,penicillin beta-lactam,BETA-LACTAM,FULL,,,
SRR25395105,SRR25395105_31473_1,TETRACYCLINE,tetracycline antibiotic,TETRACYCLINE,FULL,,,
SRR25395105,SRR25395105_44753_2,PHENICOL,phenicol antibiotic,PHENICOL,FULL,,,
SRR25395105,SRR25395105_45536_3,TETRACYCLINE,tetracycline antibiotic,TETRACYCLINE,FULL,,,
SRR25395105,SRR25395105_50156_4,TETRACYCLINE,tetracycline antibiotic,TETRACYCLINE,FULL,,,
SRR25395105,SRR25395105_56499_1,AMINOGLYCOSIDE,aminoglycoside antibiotic,AMINOGLYCOSIDE,FULL,,,
SRR25395105,SRR25395105_94011_1,AMINOGLYCOSIDE,aminoglycoside antibiotic,AMINOGLYCOSIDE,FULL,,,
SRR25395105,SRR25395105_94011_2,AMINOGLYCOSIDE,aminoglycoside antibiotic,AMINOGLYCOSIDE,FULL,,,
SRR25395105,SRR25395105_127166_3,SULFONAMIDE,sulfonamide antibiotic,SULFONAMIDE,FULL,,,
SRR25395105,SRR25395105_127166_4,QUATERNARY AMMONIUM,disinfecting agents and antiseptics,QUATERNARY AMMONIUM,FULL,,,
SRR25395105,SRR25395105_127166_5,AMINOGLYCOSIDE,aminoglycoside antibiotic,AMINOGLYCOSIDE,FULL,,,
SRR25395105,SRR25395105_127166_6,STREPTOTHRICIN,nucleoside antibiotic,STREPTOTHRICIN,FULL,,,
SRR25395105,SRR25395105_166221_1,TETRACYCLINE,tetracycline antibiotic,TETRACYCLINE,FULL,,,
SRR25395105,SRR25395105_249101_2,SULFONAMIDE,sulfonamide antibiotic,SULFONAMIDE,FULL,,,
SRR25395105,SRR25395105_262815_2,BETA-LACTAM,monobactam; cephalosporin; penicillin beta-lactam,BETA-LACTAM,FULL,,,
SRR25395105,SRR25395105_305473_2,LINCOSAMIDE/MACROLIDE/STREPTOGRAMIN,macrolide antibiotic; lincosamide antibiotic; streptogramin antibiotic; streptogramin A antibiotic; streptogramin B antibiotic,LINCOSAMIDE/MACROLIDE/STREPTOGRAMIN,FULL,,,
SRR25395106,SRR25395106_715_3,TETRACYCLINE,tetracycline antibiotic,TETRACYCLINE,FULL,,,
SRR25395107,SRR25395107_2850_3,TETRACYCLINE,tetracycline antibiotic,TETRACYCLINE,FULL,,,
SRR25395108,SRR25395108_42302_1,QUATERNARY AMMONIUM,disinfecting agents and antiseptics,QUATERNARY AMMONIUM,FULL,,,
SRR25395110,SRR25395110_2895_1,QUATERNARY AMMONIUM,disinfecting agents and antiseptics,QUATERNARY AMMONIUM,FULL,,,
SRR25395115,SRR25395115_7137_1,LINCOSAMIDE/MACROLIDE/STREPTOGRAMIN,macrolide antibiotic; lincosamide antibiotic; streptogramin antibiotic; streptogramin A antibiotic; streptogramin B antibiotic,LINCOSAMIDE/MACROLIDE/STREPTOGRAMIN,FULL,,,
SRR25395116,SRR25395116_41071_2,LINCOSAMIDE/MACROLIDE/STREPTOGRAMIN,macrolide antibiotic; lincosamide antibiotic; streptogramin antibiotic; streptogramin A antibiotic; streptogramin B antibiotic,LINCOSAMIDE/MACROLIDE/STREPTOGRAMIN,FULL,,,
SRR25395116,SRR25395116_57586_1,AMINOGLYCOSIDE,aminoglycoside antibiotic,AMINOGLYCOSIDE,FULL,,,
SRR25395116,SRR25395116_58774_1,PHENICOL,phenicol antibiotic,PHENICOL,FULL,,,
SRR25395117,SRR25395117_5217_2,LINCOSAMIDE/MACROLIDE/STREPTOGRAMIN,macrolide antibiotic; lincosamide antibiotic; streptogramin antibiotic; streptogramin A antibiotic; streptogramin B antibiotic,LINCOSAMIDE/MACROLIDE/STREPTOGRAMIN,FULL,,,
SRR25395121,SRR25395121_61171_1,PHENICOL,phenicol antibiotic,PHENICOL,FULL,,,
SRR25395121,SRR25395121_139240_1,TETRACYCLINE,tetracycline antibiotic,TETRACYCLINE,FULL,,,
SRR25395121,SRR25395121_386924_1,AMINOGLYCOSIDE,aminoglycoside antibiotic,AMINOGLYCOSIDE,FULL,,,
SRR25395121,SRR25395121_398374_2,AMINOGLYCOSIDE,aminoglycoside antibiotic,AMINOGLYCOSIDE,FULL,,,
SRR25395121,SRR25395121_398374_3,AMINOGLYCOSIDE,aminoglycoside antibiotic,AMINOGLYCOSIDE,FULL,,,
SRR25395121,SRR25395121_761731_3,LINCOSAMIDE/MACROLIDE/STREPTOGRAMIN,macrolide antibiotic; lincosamide antibiotic; streptogramin antibiotic; streptogramin A antibiotic; streptogramin B antibiotic,LINCOSAMIDE/MACROLIDE/STREPTOGRAMIN,FULL,,,
SRR25395121,SRR25395121_781243_1,LINCOSAMIDE,lincosamide antibiotic,LINCOSAMIDE,FULL,,,
SRR25395131,SRR25395131_3276_1,AMINOGLYCOSIDE,aminoglycoside antibiotic,AMINOGLYCOSIDE,FULL,,,
SRR25395131,SRR25395131_13727_2,AMINOGLYCOSIDE,aminoglycoside antibiotic,AMINOGLYCOSIDE,FULL,,,
SRR25395143,SRR25395143_367017_2,FOSFOMYCIN,phosphonic acid antibiotic,FOSFOMYCIN,FULL,,,
SRR25395143,SRR25395143_374180_1,QUATERNARY AMMONIUM,disinfecting agents and antiseptics,QUATERNARY AMMONIUM,FULL,,,
SRR25395144,SRR25395144_224252_2,FOSFOMYCIN,phosphonic acid antibiotic,FOSFOMYCIN,FULL,,,
SRR25395144,SRR25395144_324553_1,QUATERNARY AMMONIUM,disinfecting agents and antiseptics,QUATERNARY AMMONIUM,FULL,,,
SRR25395145,SRR25395145_359088_1,QUATERNARY AMMONIUM,disinfecting agents and antiseptics,QUATERNARY AMMONIUM,FULL,,,
SRR25395145,SRR25395145_399456_1,FOSFOMYCIN,phosphonic acid antibiotic,FOSFOMYCIN,FULL,,,
SRR25395146,SRR25395146_1007_2,QUATERNARY AMMONIUM,disinfecting agents and antiseptics,QUATERNARY AMMONIUM,FULL,,,
SRR25395147,SRR25395147_1297_1,QUATERNARY AMMONIUM,disinfecting agents and antiseptics,QUATERNARY AMMONIUM,FULL,,,
SRR25395152,SRR25395152_5448_1,FOSFOMYCIN,phosphonic acid antibiotic,FOSFOMYCIN,FULL,,,
SRR25395153,SRR25395153_7020_1,AMINOGLYCOSIDE,aminoglycoside antibiotic,AMINOGLYCOSIDE,FULL,,,
SRR25395167,SRR25395167_188_2,AMINOGLYCOSIDE,aminoglycoside antibiotic,AMINOGLYCOSIDE,FULL,,,
SRR25395167,SRR25395167_215_3,AMINOGLYCOSIDE,aminoglycoside antibiotic,AMINOGLYCOSIDE,FULL,,,
SRR25395167,SRR25395167_920_1,TETRACYCLINE,tetracycline antibiotic,TETRACYCLINE,FULL,,,
SRR25395168,SRR25395168_1280_3,AMINOGLYCOSIDE,aminoglycoside antibiotic,AMINOGLYCOSIDE,FULL,,,
SRR25395168,SRR25395168_1348_3,AMINOGLYCOSIDE,aminoglycoside antibiotic,AMINOGLYCOSIDE,FULL,,,
SRR25395168,SRR25395168_4118_2,TETRACYCLINE,tetracycline antibiotic,TETRACYCLINE,FULL,,,
SRR25395169,SRR25395169_1634_4,AMINOGLYCOSIDE,aminoglycoside antibiotic,AMINOGLYCOSIDE,FULL,,,
SRR25395169,SRR25395169_2933_2,TETRACYCLINE,tetracycline antibiotic,TETRACYCLINE,FULL,,,
SRR25395169,SRR25395169_3104_2,AMINOGLYCOSIDE,aminoglycoside antibiotic,AMINOGLYCOSIDE,FULL,,,
SRR25395171,SRR25395171_90298_1,STREPTOTHRICIN,nucleoside antibiotic,STREPTOTHRICIN,FULL,,,
SRR25395173,SRR25395173_45834_2,AMINOGLYCOSIDE,aminoglycoside antibiotic,AMINOGLYCOSIDE,FULL,,,
SRR25395173,SRR25395173_206681_1,AMINOGLYCOSIDE,aminoglycoside antibiotic,AMINOGLYCOSIDE,FULL,,,
SRR25395174,SRR25395174_19292_1,BETA-LACTAM,monobactam; cephalosporin; penicillin beta-lactam,BETA-LACTAM,FULL,,,
SRR25395174,SRR25395174_73064_10,AMINOGLYCOSIDE,aminoglycoside antibiotic,AMINOGLYCOSIDE,FULL,,,
SRR25395174,SRR25395174_143881_1,TETRACYCLINE,tetracycline antibiotic,TETRACYCLINE,FULL,,,
SRR25395174,SRR25395174_144556_1,SULFONAMIDE,sulfonamide antibiotic,SULFONAMIDE,FULL,,,
SRR25395174,SRR25395174_145669_1,AMINOGLYCOSIDE,aminoglycoside antibiotic,AMINOGLYCOSIDE,FULL,,,
SRR25395174,SRR25395174_145669_2,AMINOGLYCOSIDE,aminoglycoside antibiotic,AMINOGLYCOSIDE,FULL,,,
SRR25395174,SRR25395174_147451_2,AMINOGLYCOSIDE,aminoglycoside antibiotic,AMINOGLYCOSIDE,FULL,,,
SRR25395174,SRR25395174_186587_1,AMINOGLYCOSIDE,aminoglycoside antibiotic,AMINOGLYCOSIDE,FULL,,,
SRR25395175,SRR25395175_46773_1,AMINOGLYCOSIDE,aminoglycoside antibiotic,AMINOGLYCOSIDE,FULL,,,
SRR25395175,SRR25395175_46773_2,AMINOGLYCOSIDE,aminoglycoside antibiotic,AMINOGLYCOSIDE,FULL,,,
SRR25395175,SRR25395175_90364_3,TETRACYCLINE,tetracycline antibiotic,TETRACYCLINE,FULL,,,
SRR25395175,SRR25395175_164721_1,AMINOGLYCOSIDE,aminoglycoside antibiotic,AMINOGLYCOSIDE,FULL,,,
SRR25395175,SRR25395175_177233_1,AMINOGLYCOSIDE,aminoglycoside antibiotic,AMINOGLYCOSIDE,FULL,,,
SRR25395176,SRR25395176_223123_2,AMINOGLYCOSIDE,aminoglycoside antibiotic,AMINOGLYCOSIDE,FULL,,,
SRR25395177,SRR25395177_51913_1,AMINOGLYCOSIDE,aminoglycoside antibiotic,AMINOGLYCOSIDE,FULL,,,
SRR25395177,SRR25395177_58260_3,SULFONAMIDE,sulfonamide antibiotic,SULFONAMIDE,FULL,,,
SRR25395177,SRR25395177_75468_2,AMINOGLYCOSIDE,aminoglycoside antibiotic,AMINOGLYCOSIDE,FULL,,,
SRR25395177,SRR25395177_75468_3,AMINOGLYCOSIDE,aminoglycoside antibiotic,AMINOGLYCOSIDE,FULL,,,
SRR25395177,SRR25395177_105571_1,BETA-LACTAM,monobactam; cephalosporin; penicillin beta-lactam,BETA-LACTAM,FULL,,,
SRR25395177,SRR25395177_434707_1,AMINOGLYCOSIDE,aminoglycoside antibiotic,AMINOGLYCOSIDE,FULL,,,
SRR25395177,SRR25395177_441718_1,AMINOGLYCOSIDE,aminoglycoside antibiotic,AMINOGLYCOSIDE,FULL,,,
SRR25395188,SRR25395188_2964_2,AMINOGLYCOSIDE,aminoglycoside antibiotic,AMINOGLYCOSIDE,FULL,,,
SRR25395188,SRR25395188_24671_1,QUATERNARY AMMONIUM,disinfecting agents and antiseptics,QUATERNARY AMMONIUM,FULL,,,
SRR25395190,SRR25395190_2521_2,AMINOGLYCOSIDE,aminoglycoside antibiotic,AMINOGLYCOSIDE,FULL,,,
SRR25395192,SRR25395192_14113_2,AMINOGLYCOSIDE,aminoglycoside antibiotic,AMINOGLYCOSIDE,FULL,,,
SRR25395193,SRR25395193_10095_3,AMINOGLYCOSIDE,aminoglycoside antibiotic,AMINOGLYCOSIDE,FULL,,,
SRR25395194,SRR25395194_13789_2,AMINOGLYCOSIDE,aminoglycoside antibiotic,AMINOGLYCOSIDE,FULL,,,
SRR25395195,SRR25395195_16916_2,AMINOGLYCOSIDE,aminoglycoside antibiotic,AMINOGLYCOSIDE,FULL,,,
SRR25395199,SRR25395199_546_1,LINCOSAMIDE/MACROLIDE/STREPTOGRAMIN,macrolide antibiotic; lincosamide antibiotic; streptogramin antibiotic; streptogramin A antibiotic; streptogramin B antibiotic,LINCOSAMIDE/MACROLIDE/STREPTOGRAMIN,FULL,,,
SRR25395199,SRR25395199_3498_1,AMINOGLYCOSIDE,aminoglycoside antibiotic,AMINOGLYCOSIDE,FULL,,,
SRR25395199,SRR25395199_25931_1,LINCOSAMIDE,lincosamide antibiotic,LINCOSAMIDE,FULL,,,
SRR25395200,SRR25395200_5417_1,LINCOSAMIDE,lincosamide antibiotic,LINCOSAMIDE,FULL,,,
SRR25395200,SRR25395200_28629_2,LINCOSAMIDE/MACROLIDE/STREPTOGRAMIN,macrolide antibiotic; lincosamide antibiotic; streptogramin antibiotic; streptogramin A antibiotic; streptogramin B antibiotic,LINCOSAMIDE/MACROLIDE/STREPTOGRAMIN,FULL,,,
SRR25395200,SRR25395200_29287_1,AMINOGLYCOSIDE,aminoglycoside antibiotic,AMINOGLYCOSIDE,FULL,,,
SRR25395227,SRR25395227_296494_1,QUATERNARY AMMONIUM,disinfecting agents and antiseptics,QUATERNARY AMMONIUM,FULL,,,
SRR25395227,SRR25395227_314377_1,FOSFOMYCIN,phosphonic acid antibiotic,FOSFOMYCIN,FULL,,,
SRR25395229,SRR25395229_128118_2,AMINOGLYCOSIDE,aminoglycoside antibiotic,AMINOGLYCOSIDE,FULL,,,
SRR25395229,SRR25395229_168747_2,AMINOGLYCOSIDE,aminoglycoside antibiotic,AMINOGLYCOSIDE,FULL,,,
SRR25395229,SRR25395229_831467_1,QUATERNARY AMMONIUM,disinfecting agents and antiseptics,QUATERNARY AMMONIUM,FULL,,,
SRR25395229,SRR25395229_831467_2,SULFONAMIDE,sulfonamide antibiotic,SULFONAMIDE,FULL,,,
SRR25395232,SRR25395232_296553_1,QUATERNARY AMMONIUM,disinfecting agents and antiseptics,QUATERNARY AMMONIUM,FULL,,,
SRR25395232,SRR25395232_364366_1,QUATERNARY AMMONIUM,disinfecting agents and antiseptics,QUATERNARY AMMONIUM,FULL,,,
SRR25395232,SRR25395232_371142_1,FOSFOMYCIN,phosphonic acid antibiotic,FOSFOMYCIN,FULL,,,
SRR25395233,SRR25395233_292058_1,QUATERNARY AMMONIUM,disinfecting agents and antiseptics,QUATERNARY AMMONIUM,FULL,,,
SRR25395233,SRR25395233_305180_1,FOSFOMYCIN,phosphonic acid antibiotic,FOSFOMYCIN,FULL,,,
SRR25395235,SRR25395235_1441_1,AMINOGLYCOSIDE,aminoglycoside antibiotic,AMINOGLYCOSIDE,FULL,,,
SRR25395235,SRR25395235_5577_4,TETRACYCLINE,tetracycline antibiotic,TETRACYCLINE,FULL,,,
SRR25395235,SRR25395235_56374_1,STREPTOTHRICIN,nucleoside antibiotic,STREPTOTHRICIN,FULL,,,
SRR25395235,SRR25395235_57867_1,TETRACYCLINE,tetracycline antibiotic,TETRACYCLINE,FULL,,,
SRR25395235,SRR25395235_66039_1,LINCOSAMIDE,lincosamide antibiotic,LINCOSAMIDE,FULL,,,
SRR25395235,SRR25395235_89243_1,LINCOSAMIDE/MACROLIDE/STREPTOGRAMIN,macrolide antibiotic; lincosamide antibiotic; streptogramin antibiotic; streptogramin A antibiotic; streptogramin B antibiotic,LINCOSAMIDE/MACROLIDE/STREPTOGRAMIN,FULL,,,
SRR25395235,SRR25395235_90378_1,LINCOSAMIDE/STREPTOGRAMIN,lincosamide antibiotic; streptogramin antibiotic; pleuromutilin antibiotic,LINCOSAMIDE/STREPTOGRAMIN,PARTIAL,,PLEUROMUTILIN,
SRR25395235,SRR25395235_101205_1,AMINOGLYCOSIDE,aminoglycoside antibiotic,AMINOGLYCOSIDE,FULL,,,
SRR25395237,SRR25395237_23179_1,AMINOGLYCOSIDE,aminoglycoside antibiotic,AMINOGLYCOSIDE,FULL,,,
SRR25395238,SRR25395238_26418_1,QUATERNARY AMMONIUM,disinfecting agents and antiseptics,QUATERNARY AMMONIUM,FULL,,,
SRR25395239,SRR25395239_16517_1,AMINOGLYCOSIDE,aminoglycoside antibiotic,AMINOGLYCOSIDE,FULL,,,
SRR25395241,SRR25395241_283591_1,AMINOGLYCOSIDE,aminoglycoside antibiotic,AMINOGLYCOSIDE,FULL,,,
SRR25395241,SRR25395241_362757_2,AMINOGLYCOSIDE,aminoglycoside antibiotic,AMINOGLYCOSIDE,FULL,,,
SRR25395242,SRR25395242_83418_1,TETRACYCLINE,tetracycline antibiotic,TETRACYCLINE,FULL,,,
SRR25395243,SRR25395243_193414_1,TETRACYCLINE,tetracycline antibiotic,TETRACYCLINE,FULL,,,
SRR25395243,SRR25395243_485170_1,AMINOGLYCOSIDE,aminoglycoside antibiotic,AMINOGLYCOSIDE,FULL,,,
SRR25395243,SRR25395243_485170_2,AMINOGLYCOSIDE,aminoglycoside antibiotic,AMINOGLYCOSIDE,FULL,,,
SRR25395243,SRR25395243_940274_1,AMINOGLYCOSIDE,aminoglycoside antibiotic,AMINOGLYCOSIDE,FULL,,,
SRR25395243,SRR25395243_1468391_1,FOSFOMYCIN,phosphonic acid antibiotic,FOSFOMYCIN,FULL,,,
SRR25395245,SRR25395245_115414_2,TETRACYCLINE,tetracycline antibiotic,TETRACYCLINE,FULL,,,
SRR25395251,SRR25395251_131_9,FOSFOMYCIN,phosphonic acid antibiotic,FOSFOMYCIN,FULL,,,
SRR25395251,SRR25395251_5109_1,MACROLIDE/STREPTOGRAMIN,macrolide antibiotic; streptogramin antibiotic; streptogramin B antibiotic,MACROLIDE/STREPTOGRAMIN,FULL,,,
SRR25395251,SRR25395251_13888_2,LINCOSAMIDE/MACROLIDE/STREPTOGRAMIN,macrolide antibiotic; lincosamide antibiotic; streptogramin antibiotic; streptogramin A antibiotic; streptogramin B antibiotic,LINCOSAMIDE/MACROLIDE/STREPTOGRAMIN,FULL,,,
SRR25395251,SRR25395251_17748_1,LINCOSAMIDE/MACROLIDE/STREPTOGRAMIN,macrolide antibiotic; lincosamide antibiotic; streptogramin antibiotic; streptogramin A antibiotic; streptogramin B antibiotic,LINCOSAMIDE/MACROLIDE/STREPTOGRAMIN,FULL,,,
SRR25395251,SRR25395251_18261_2,AMINOGLYCOSIDE,aminoglycoside antibiotic,AMINOGLYCOSIDE,FULL,,,
SRR25395251,SRR25395251_73380_1,TETRACYCLINE,tetracycline antibiotic,TETRACYCLINE,FULL,,,
SRR25395251,SRR25395251_97131_3,AMINOGLYCOSIDE,aminoglycoside antibiotic,AMINOGLYCOSIDE,FULL,,,
SRR25395251,SRR25395251_97131_4,AMINOGLYCOSIDE,aminoglycoside antibiotic,AMINOGLYCOSIDE,FULL,,,
SRR25395251,SRR25395251_101797_1,MACROLIDE,macrolide antibiotic,MACROLIDE,FULL,,,
SRR25395252,SRR25395252_1562148_1,AMINOGLYCOSIDE,aminoglycoside antibiotic,AMINOGLYCOSIDE,FULL,,,
SRR25395253,SRR25395253_30909_1,PHENICOL,phenicol antibiotic,PHENICOL,FULL,,,
SRR25395253,SRR25395253_59427_1,AMINOGLYCOSIDE,aminoglycoside antibiotic,AMINOGLYCOSIDE,FULL,,,
SRR25395253,SRR25395253_61336_1,LINCOSAMIDE/MACROLIDE/STREPTOGRAMIN,macrolide antibiotic; lincosamide antibiotic; streptogramin antibiotic; streptogramin A antibiotic; streptogramin B antibiotic,LINCOSAMIDE/MACROLIDE/STREPTOGRAMIN,FULL,,,
SRR25395253,SRR25395253_65633_2,AMINOGLYCOSIDE,aminoglycoside antibiotic,AMINOGLYCOSIDE,FULL,,,
SRR25395254,SRR25395254_369_9,FOSFOMYCIN,phosphonic acid antibiotic,FOSFOMYCIN,FULL,,,
SRR25395254,SRR25395254_9789_1,MACROLIDE,macrolide antibiotic,MACROLIDE,FULL,,,
SRR25395254,SRR25395254_20109_6,MACROLIDE/STREPTOGRAMIN,macrolide antibiotic; streptogramin antibiotic; streptogramin B antibiotic,MACROLIDE/STREPTOGRAMIN,FULL,,,
SRR25395254,SRR25395254_35663_4,AMINOGLYCOSIDE,aminoglycoside antibiotic,AMINOGLYCOSIDE,FULL,,,
SRR25395254,SRR25395254_62678_4,AMINOGLYCOSIDE,aminoglycoside antibiotic,AMINOGLYCOSIDE,FULL,,,
SRR25395254,SRR25395254_62678_5,AMINOGLYCOSIDE,aminoglycoside antibiotic,AMINOGLYCOSIDE,FULL,,,
SRR25395254,SRR25395254_94804_2,AMINOGLYCOSIDE,aminoglycoside antibiotic,AMINOGLYCOSIDE,FULL,,,
SRR25395254,SRR25395254_142779_2,LINCOSAMIDE/MACROLIDE/STREPTOGRAMIN,macrolide antibiotic; lincosamide antibiotic; streptogramin antibiotic; streptogramin A antibiotic; streptogramin B antibiotic,LINCOSAMIDE/MACROLIDE/STREPTOGRAMIN,FULL,,,
SRR25395254,SRR25395254_291602_1,PHENICOL,phenicol antibiotic,PHENICOL,FULL,,,
SRR25395255,SRR25395255_38237_1,STREPTOTHRICIN,nucleoside antibiotic,STREPTOTHRICIN,FULL,,,
SRR25395256,SRR25395256_1198_1,LINCOSAMIDE/MACROLIDE/STREPTOGRAMIN,macrolide antibiotic; lincosamide antibiotic; streptogramin antibiotic; streptogramin A antibiotic; streptogramin B antibiotic,LINCOSAMIDE/MACROLIDE/STREPTOGRAMIN,FULL,,,
SRR25395256,SRR25395256_4324_1,TETRACYCLINE,tetracycline antibiotic,TETRACYCLINE,FULL,,,
SRR25395256,SRR25395256_32448_2,AMINOGLYCOSIDE,aminoglycoside antibiotic,AMINOGLYCOSIDE,FULL,,,
SRR25395256,SRR25395256_32448_3,AMINOGLYCOSIDE,aminoglycoside antibiotic,AMINOGLYCOSIDE,FULL,,,
SRR25395257,SRR25395257_6612_2,AMINOGLYCOSIDE,aminoglycoside antibiotic,AMINOGLYCOSIDE,FULL,,,
SRR25395257,SRR25395257_6612_3,AMINOGLYCOSIDE,aminoglycoside antibiotic,AMINOGLYCOSIDE,FULL,,,
SRR25395259,SRR25395259_15349_3,AMINOGLYCOSIDE,aminoglycoside antibiotic,AMINOGLYCOSIDE,FULL,,,
SRR25395259,SRR25395259_33421_2,TETRACYCLINE,tetracycline antibiotic,TETRACYCLINE,FULL,,,
SRR25395259,SRR25395259_40315_1,TETRACYCLINE,tetracycline antibiotic,TETRACYCLINE,FULL,,,
SRR25395259,SRR25395259_94171_1,PHENICOL,phenicol antibiotic,PHENICOL,FULL,,,
SRR25395259,SRR25395259_110547_2,AMINOGLYCOSIDE,aminoglycoside antibiotic,AMINOGLYCOSIDE,FULL,,,
SRR25395260,SRR25395260_11999_3,AMINOGLYCOSIDE,aminoglycoside antibiotic,AMINOGLYCOSIDE,FULL,,,
SRR25395260,SRR25395260_13501_1,TETRACYCLINE,tetracycline antibiotic,TETRACYCLINE,FULL,,,
SRR25395260,SRR25395260_52733_2,AMINOGLYCOSIDE,aminoglycoside antibiotic,AMINOGLYCOSIDE,FULL,,,
SRR25395262,SRR25395262_4262_1,TETRACYCLINE,tetracycline antibiotic,TETRACYCLINE,FULL,,,
SRR25395263,SRR25395263_470014_1,FOSFOMYCIN,phosphonic acid antibiotic,FOSFOMYCIN,FULL,,,
SRR25395263,SRR25395263_536938_1,QUATERNARY AMMONIUM,disinfecting agents and antiseptics,QUATERNARY AMMONIUM,FULL,,,
SRR25395266,SRR25395266_167752_2,TETRACYCLINE,tetracycline antibiotic,TETRACYCLINE,FULL,,,
SRR25395266,SRR25395266_208905_2,AMINOGLYCOSIDE,aminoglycoside antibiotic,AMINOGLYCOSIDE,FULL,,,
SRR25395266,SRR25395266_407788_1,BETA-LACTAM,monobactam; cephalosporin; penicillin beta-lactam,BETA-LACTAM,FULL,,,
SRR25395266,SRR25395266_509292_1,SULFONAMIDE,sulfonamide antibiotic,SULFONAMIDE,FULL,,,
SRR25395266,SRR25395266_1109721_1,AMINOGLYCOSIDE,aminoglycoside antibiotic,AMINOGLYCOSIDE,FULL,,,
SRR25395270,SRR25395270_1769663_2,AMINOGLYCOSIDE,aminoglycoside antibiotic,AMINOGLYCOSIDE,FULL,,,
SRR25395272,SRR25395272_2495_4,AMINOGLYCOSIDE,aminoglycoside antibiotic,AMINOGLYCOSIDE,FULL,,,
SRR25395272,SRR25395272_33948_4,TETRACYCLINE,tetracycline antibiotic,TETRACYCLINE,FULL,,,
SRR25395272,SRR25395272_60639_1,AMINOGLYCOSIDE,aminoglycoside antibiotic,AMINOGLYCOSIDE,FULL,,,
SRR25395272,SRR25395272_96475_1,TETRACYCLINE,tetracycline antibiotic,TETRACYCLINE,FULL,,,
SRR25395272,SRR25395272_228958_1,AMINOGLYCOSIDE,aminoglycoside antibiotic,AMINOGLYCOSIDE,FULL,,,
SRR25395272,SRR25395272_565430_1,AMINOGLYCOSIDE,aminoglycoside antibiotic,AMINOGLYCOSIDE,FULL,,,
SRR25395273,SRR25395273_208685_3,AMINOGLYCOSIDE,aminoglycoside antibiotic,AMINOGLYCOSIDE,FULL,,,
SRR25395273,SRR25395273_1794578_2,AMINOGLYCOSIDE,aminoglycoside antibiotic,AMINOGLYCOSIDE,FULL,,,
SRR25395273,SRR25395273_3668665_1,AMINOGLYCOSIDE,aminoglycoside antibiotic,AMINOGLYCOSIDE,FULL,,,
SRR25395276,SRR25395276_194595_1,TETRACYCLINE,tetracycline antibiotic,TETRACYCLINE,FULL,,,
SRR25395276,SRR25395276_285566_2,AMINOGLYCOSIDE,aminoglycoside antibiotic,AMINOGLYCOSIDE,FULL,,,
SRR25395278,SRR25395278_226836_1,TETRACYCLINE,tetracycline antibiotic,TETRACYCLINE,FULL,,,
SRR25395278,SRR25395278_305835_1,AMINOGLYCOSIDE,aminoglycoside antibiotic,AMINOGLYCOSIDE,FULL,,,
SRR25395278,SRR25395278_957346_2,TETRACYCLINE,tetracycline antibiotic,TETRACYCLINE,FULL,,,
SRR25395278,SRR25395278_1091926_1,QUATERNARY AMMONIUM,disinfecting agents and antiseptics,QUATERNARY AMMONIUM,FULL,,,
SRR25395281,SRR25395281_16402_1,AMINOGLYCOSIDE,aminoglycoside antibiotic,AMINOGLYCOSIDE,FULL,,,
SRR25395281,SRR25395281_86681_1,TETRACYCLINE,tetracycline antibiotic,TETRACYCLINE,FULL,,,
SRR25395281,SRR25395281_105894_1,AMINOGLYCOSIDE,aminoglycoside antibiotic,AMINOGLYCOSIDE,FULL,,,
SRR25395281,SRR25395281_105894_2,AMINOGLYCOSIDE,aminoglycoside antibiotic,AMINOGLYCOSIDE,FULL,,,
SRR25395281,SRR25395281_164601_4,TETRACYCLINE,tetracycline antibiotic,TETRACYCLINE,FULL,,,
SRR25395281,SRR25395281_241299_1,QUATERNARY AMMONIUM,disinfecting agents and antiseptics,QUATERNARY AMMONIUM,FULL,,,
SRR25395282,SRR25395282_36620_6,TETRACYCLINE,tetracycline antibiotic,TETRACYCLINE,FULL,,,
SRR25395282,SRR25395282_1311150_1,AMINOGLYCOSIDE,aminoglycoside antibiotic,AMINOGLYCOSIDE,FULL,,,
SRR25395284,SRR25395284_8334_1,QUATERNARY AMMONIUM,disinfecting agents and antiseptics,QUATERNARY AMMONIUM,FULL,,,
SRR25395284,SRR25395284_14229_1,AMINOGLYCOSIDE,aminoglycoside antibiotic,AMINOGLYCOSIDE,FULL,,,
SRR25395285,SRR25395285_10389_2,AMINOGLYCOSIDE,aminoglycoside antibiotic,AMINOGLYCOSIDE,FULL,,,
SRR25395285,SRR25395285_989366_2,TETRACYCLINE,tetracycline antibiotic,TETRACYCLINE,FULL,,,
SRR25395285,SRR25395285_1349710_1,AMINOGLYCOSIDE,aminoglycoside antibiotic,AMINOGLYCOSIDE,FULL,,,
SRR25395286,SRR25395286_170792_2,TETRACYCLINE,tetracycline antibiotic,TETRACYCLINE,FULL,,,
SRR25395286,SRR25395286_318594_1,BETA-LACTAM,penicillin beta-lactam,BETA-LACTAM,FULL,,,
SRR25395286,SRR25395286_472911_1,QUATERNARY AMMONIUM,disinfecting agents and antiseptics,QUATERNARY AMMONIUM,FULL,,,
SRR25395286,SRR25395286_706658_1,AMINOGLYCOSIDE,aminoglycoside antibiotic,AMINOGLYCOSIDE,FULL,,,
SRR25395296,SRR25395296_858_2,TETRACYCLINE,tetracycline antibiotic,TETRACYCLINE,FULL,,,
SRR25395298,SRR25395298_531060_1,AMINOGLYCOSIDE,aminoglycoside antibiotic,AMINOGLYCOSIDE,FULL,,,
SRR25395298,SRR25395298_531060_2,QUATERNARY AMMONIUM,disinfecting agents and antiseptics,QUATERNARY AMMONIUM,FULL,,,
SRR25395298,SRR25395298_531060_3,SULFONAMIDE,sulfonamide antibiotic,SULFONAMIDE,FULL,,,
SRR25395298,SRR25395298_1445071_1,AMINOGLYCOSIDE,aminoglycoside antibiotic,AMINOGLYCOSIDE,FULL,,,
SRR25395298,SRR25395298_1445071_2,AMINOGLYCOSIDE,aminoglycoside antibiotic,AMINOGLYCOSIDE,FULL,,,
SRR25395301,SRR25395301_151238_3,QUATERNARY AMMONIUM,disinfecting agents and antiseptics,QUATERNARY AMMONIUM,FULL,,,
SRR25395303,SRR25395303_303260_1,QUATERNARY AMMONIUM,disinfecting agents and antiseptics,QUATERNARY AMMONIUM,FULL,,,
SRR25395304,SRR25395304_220946_1,QUATERNARY AMMONIUM,disinfecting agents and antiseptics,QUATERNARY AMMONIUM,FULL,,,
SRR25395308,SRR25395308_288377_1,QUATERNARY AMMONIUM,disinfecting agents and antiseptics,QUATERNARY AMMONIUM,FULL,,,
SRR25395308,SRR25395308_320018_1,QUATERNARY AMMONIUM,disinfecting agents and antiseptics,QUATERNARY AMMONIUM,FULL,,,
SRR25395308,SRR25395308_338374_1,FOSFOMYCIN,phosphonic acid antibiotic,FOSFOMYCIN,FULL,,,
SRR25395309,SRR25395309_431799_1,QUATERNARY AMMONIUM,disinfecting agents and antiseptics,QUATERNARY AMMONIUM,FULL,,,
SRR25395309,SRR25395309_456422_1,FOSFOMYCIN,phosphonic acid antibiotic,FOSFOMYCIN,FULL,,,
SRR25395310,SRR25395310_229306_1,QUATERNARY AMMONIUM,disinfecting agents and antiseptics,QUATERNARY AMMONIUM,FULL,,,
SRR25395312,SRR25395312_1637_1,AMINOGLYCOSIDE,aminoglycoside antibiotic,AMINOGLYCOSIDE,FULL,,,
SRR25395313,SRR25395313_444231_1,QUATERNARY AMMONIUM,disinfecting agents and antiseptics,QUATERNARY AMMONIUM,FULL,,,
SRR25395313,SRR25395313_471960_2,FOSFOMYCIN,phosphonic acid antibiotic,FOSFOMYCIN,FULL,,,
SRR25395314,SRR25395314_320342_1,QUATERNARY AMMONIUM,disinfecting agents and antiseptics,QUATERNARY AMMONIUM,FULL,,,
SRR25395314,SRR25395314_460763_2,FOSFOMYCIN,phosphonic acid antibiotic,FOSFOMYCIN,FULL,,,
SRR25395314,SRR25395314_471604_1,QUATERNARY AMMONIUM,disinfecting agents and antiseptics,QUATERNARY AMMONIUM,FULL,,,
SRR25395317,SRR25395317_151699_2,AMINOGLYCOSIDE,aminoglycoside antibiotic,AMINOGLYCOSIDE,FULL,,,
SRR25395317,SRR25395317_229037_3,AMINOGLYCOSIDE,aminoglycoside antibiotic,AMINOGLYCOSIDE,FULL,,,
SRR25395317,SRR25395317_1270232_1,QUATERNARY AMMONIUM,disinfecting agents and antiseptics,QUATERNARY AMMONIUM,FULL,,,
SRR25395317,SRR25395317_1270232_2,SULFONAMIDE,sulfonamide antibiotic,SULFONAMIDE,FULL,,,
SRR25395318,SRR25395318_688195_2,FOSFOMYCIN,phosphonic acid antibiotic,FOSFOMYCIN,FULL,,,
SRR25395319,SRR25395319_211836_1,QUATERNARY AMMONIUM,disinfecting agents and antiseptics,QUATERNARY AMMONIUM,FULL,,,
SRR25395320,SRR25395320_2119_2,TETRACYCLINE,tetracycline antibiotic,TETRACYCLINE,FULL,,,
SRR25395320,SRR25395320_7897_2,PHENICOL,phenicol antibiotic,PHENICOL,FULL,,,
SRR25395320,SRR25395320_35023_1,LINCOSAMIDE,lincosamide antibiotic,LINCOSAMIDE,FULL,,,
SRR25395321,SRR25395321_2246_2,TETRACYCLINE,tetracycline antibiotic,TETRACYCLINE,FULL,,,
SRR25395321,SRR25395321_15529_1,LINCOSAMIDE,lincosamide antibiotic,LINCOSAMIDE,FULL,,,
SRR25395325,SRR25395325_15326_2,TETRACYCLINE,tetracycline antibiotic,TETRACYCLINE,FULL,,,
SRR25395325,SRR25395325_19315_3,AMINOGLYCOSIDE,aminoglycoside antibiotic,AMINOGLYCOSIDE,FULL,,,
SRR25395325,SRR25395325_29978_1,FOSFOMYCIN,phosphonic acid antibiotic,FOSFOMYCIN,FULL,,,
SRR25395325,SRR25395325_37846_1,MACROLIDE/STREPTOGRAMIN,macrolide antibiotic; streptogramin antibiotic; streptogramin B antibiotic,MACROLIDE/STREPTOGRAMIN,FULL,,,
SRR25395325,SRR25395325_37846_2,MACROLIDE,macrolide antibiotic,MACROLIDE,FULL,,,
SRR25395325,SRR25395325_38359_2,TRIMETHOPRIM,diaminopyrimidine antibiotic,TRIMETHOPRIM,FULL,,,
SRR25395325,SRR25395325_40636_1,AMINOGLYCOSIDE,aminoglycoside antibiotic,AMINOGLYCOSIDE,FULL,,,
SRR25395325,SRR25395325_193360_1,LINCOSAMIDE,lincosamide antibiotic,LINCOSAMIDE,FULL,,,
SRR25395325,SRR25395325_193363_1,QUATERNARY AMMONIUM,disinfecting agents and antiseptics,QUATERNARY AMMONIUM,FULL,,,
SRR25395325,SRR25395325_216305_1,QUATERNARY AMMONIUM,disinfecting agents and antiseptics,QUATERNARY AMMONIUM,FULL,,,
SRR25395326,SRR25395326_6269_1,PHENICOL,phenicol antibiotic,PHENICOL,FULL,,,
SRR25395326,SRR25395326_16163_1,TETRACYCLINE,tetracycline antibiotic,TETRACYCLINE,FULL,,,
SRR25395326,SRR25395326_28350_1,FOSFOMYCIN,phosphonic acid antibiotic,FOSFOMYCIN,FULL,,,
SRR25395326,SRR25395326_43354_1,MACROLIDE/STREPTOGRAMIN,macrolide antibiotic; streptogramin antibiotic; streptogramin B antibiotic,MACROLIDE/STREPTOGRAMIN,FULL,,,
SRR25395326,SRR25395326_43354_2,MACROLIDE,macrolide antibiotic,MACROLIDE,FULL,,,
SRR25395326,SRR25395326_49608_1,LINCOSAMIDE,lincosamide antibiotic,LINCOSAMIDE,FULL,,,
SRR25395326,SRR25395326_56864_1,AMINOGLYCOSIDE,aminoglycoside antibiotic,AMINOGLYCOSIDE,FULL,,,
SRR25395326,SRR25395326_86110_1,AMINOGLYCOSIDE,aminoglycoside antibiotic,AMINOGLYCOSIDE,FULL,,,
SRR25395326,SRR25395326_104224_2,LINCOSAMIDE/MACROLIDE/STREPTOGRAMIN,macrolide antibiotic; lincosamide antibiotic; streptogramin antibiotic; streptogramin A antibiotic; streptogramin B antibiotic,LINCOSAMIDE/MACROLIDE/STREPTOGRAMIN,FULL,,,
SRR25395326,SRR25395326_228170_1,TRIMETHOPRIM,diaminopyrimidine antibiotic,TRIMETHOPRIM,FULL,,,
SRR25395326,SRR25395326_294781_1,TETRACYCLINE,tetracycline antibiotic,TETRACYCLINE,FULL,,,
SRR25395327,SRR25395327_11919_3,AMINOGLYCOSIDE,aminoglycoside antibiotic,AMINOGLYCOSIDE,FULL,,,
SRR25395327,SRR25395327_40910_1,QUATERNARY AMMONIUM,disinfecting agents and antiseptics,QUATERNARY AMMONIUM,FULL,,,
SRR25395327,SRR25395327_164689_3,QUATERNARY AMMONIUM,disinfecting agents and antiseptics,QUATERNARY AMMONIUM,FULL,,,
SRR25395327,SRR25395327_390296_1,LINCOSAMIDE/MACROLIDE/STREPTOGRAMIN,macrolide antibiotic; lincosamide antibiotic; streptogramin antibiotic; streptogramin A antibiotic; streptogramin B antibiotic,LINCOSAMIDE/MACROLIDE/STREPTOGRAMIN,FULL,,,
SRR25395327,SRR25395327_818379_1,LINCOSAMIDE,lincosamide antibiotic,LINCOSAMIDE,FULL,,,
SRR25395328,SRR25395328_7095_3,AMINOGLYCOSIDE,aminoglycoside antibiotic,AMINOGLYCOSIDE,FULL,,,
SRR25395328,SRR25395328_14093_19,AMINOGLYCOSIDE,aminoglycoside antibiotic,AMINOGLYCOSIDE,FULL,,,
SRR25395328,SRR25395328_77167_1,LINCOSAMIDE/MACROLIDE/STREPTOGRAMIN,macrolide antibiotic; lincosamide antibiotic; streptogramin antibiotic; streptogramin A antibiotic; streptogramin B antibiotic,LINCOSAMIDE/MACROLIDE/STREPTOGRAMIN,FULL,,,
SRR25395329,SRR25395329_2243_7,LINCOSAMIDE/MACROLIDE/STREPTOGRAMIN,macrolide antibiotic; lincosamide antibiotic; streptogramin antibiotic; streptogramin B antibiotic,LINCOSAMIDE/MACROLIDE/STREPTOGRAMIN,FULL,,,
SRR25395329,SRR25395329_34275_1,LINCOSAMIDE,lincosamide antibiotic,LINCOSAMIDE,FULL,,,
SRR25395329,SRR25395329_115187_1,QUATERNARY AMMONIUM,disinfecting agents and antiseptics,QUATERNARY AMMONIUM,FULL,,,
SRR25395330,SRR25395330_249_2,LINCOSAMIDE/MACROLIDE/STREPTOGRAMIN,macrolide antibiotic; lincosamide antibiotic; streptogramin antibiotic; streptogramin B antibiotic,LINCOSAMIDE/MACROLIDE/STREPTOGRAMIN,FULL,,,
SRR25395330,SRR25395330_81275_1,QUATERNARY AMMONIUM,disinfecting agents and antiseptics,QUATERNARY AMMONIUM,FULL,,,
SRR25395330,SRR25395330_109326_1,LINCOSAMIDE,lincosamide antibiotic,LINCOSAMIDE,FULL,,,
SRR25395333,SRR25395333_7354_2,TETRACYCLINE,tetracycline antibiotic,TETRACYCLINE,FULL,,,
SRR25395333,SRR25395333_118871_2,SULFONAMIDE,sulfonamide antibiotic,SULFONAMIDE,FULL,,,
SRR25395333,SRR25395333_183161_1,AMINOGLYCOSIDE,aminoglycoside antibiotic,AMINOGLYCOSIDE,FULL,,,
SRR25395333,SRR25395333_183161_2,AMINOGLYCOSIDE,aminoglycoside antibiotic,AMINOGLYCOSIDE,FULL,,,
SRR25395333,SRR25395333_203593_1,AMINOGLYCOSIDE,aminoglycoside antibiotic,AMINOGLYCOSIDE,FULL,,,
SRR25395333,SRR25395333_284082_1,AMINOGLYCOSIDE,aminoglycoside antibiotic,AMINOGLYCOSIDE,FULL,,,
SRR25395333,SRR25395333_346237_1,BETA-LACTAM,penicillin beta-lactam,BETA-LACTAM,FULL,,,
SRR25395333,SRR25395333_460086_1,AMINOGLYCOSIDE,aminoglycoside antibiotic,AMINOGLYCOSIDE,FULL,,,
SRR25395333,SRR25395333_530310_1,QUATERNARY AMMONIUM,disinfecting agents and antiseptics,QUATERNARY AMMONIUM,FULL,,,
SRR25395333,SRR25395333_530310_2,SULFONAMIDE,sulfonamide antibiotic,SULFONAMIDE,FULL,,,
SRR25395334,SRR25395334_13565_3,TETRACYCLINE,tetracycline antibiotic,TETRACYCLINE,FULL,,,
SRR25395334,SRR25395334_95213_1,AMINOGLYCOSIDE,aminoglycoside antibiotic,AMINOGLYCOSIDE,FULL,,,
SRR25395334,SRR25395334_204849_2,AMINOGLYCOSIDE,aminoglycoside antibiotic,AMINOGLYCOSIDE,FULL,,,
SRR25395335,SRR25395335_21207_3,NITROFURAN/PHENICOL/QUINOLONE/TETRACYCLINE,fluoroquinolone antibiotic; tetracycline antibiotic,QUINOLONE/TETRACYCLINE,PARTIAL,NITROFURAN/PHENICOL,,
SRR25395335,SRR25395335_46109_2,AMINOGLYCOSIDE,aminoglycoside antibiotic,AMINOGLYCOSIDE,FULL,,,
SRR25395335,SRR25395335_224278_3,TETRACYCLINE,tetracycline antibiotic,TETRACYCLINE,FULL,,,
SRR25395336,SRR25395336_16634_3,TETRACYCLINE,tetracycline antibiotic,TETRACYCLINE,FULL,,,
SRR25395336,SRR25395336_82451_1,AMINOGLYCOSIDE,aminoglycoside antibiotic,AMINOGLYCOSIDE,FULL,,,
SRR25395337,SRR25395337_17972_3,NITROFURAN/PHENICOL/QUINOLONE/TETRACYCLINE,fluoroquinolone antibiotic; tetracycline antibiotic,QUINOLONE/TETRACYCLINE,PARTIAL,NITROFURAN/PHENICOL,,
SRR25395337,SRR25395337_71252_3,TETRACYCLINE,tetracycline antibiotic,TETRACYCLINE,FULL,,,
SRR25395338,SRR25395338_1837_1,QUATERNARY AMMONIUM,disinfecting agents and antiseptics,QUATERNARY AMMONIUM,FULL,,,
SRR25395338,SRR25395338_6587_1,MACROLIDE,macrolide antibiotic,MACROLIDE,FULL,,,
SRR25395338,SRR25395338_69675_1,LINCOSAMIDE/MACROLIDE/STREPTOGRAMIN,macrolide antibiotic; lincosamide antibiotic; streptogramin antibiotic; streptogramin B antibiotic,LINCOSAMIDE/MACROLIDE/STREPTOGRAMIN,FULL,,,
SRR25395338,SRR25395338_71332_1,QUATERNARY AMMONIUM,disinfecting agents and antiseptics,QUATERNARY AMMONIUM,FULL,,,
SRR25395338,SRR25395338_207604_1,FOSFOMYCIN,phosphonic acid antibiotic,FOSFOMYCIN,FULL,,,
SRR25395339,SRR25395339_54026_1,QUATERNARY AMMONIUM,disinfecting agents and antiseptics,QUATERNARY AMMONIUM,FULL,,,
SRR25395339,SRR25395339_90703_1,QUATERNARY AMMONIUM,disinfecting agents and antiseptics,QUATERNARY AMMONIUM,FULL,,,
SRR25395339,SRR25395339_126743_2,FOSFOMYCIN,phosphonic acid antibiotic,FOSFOMYCIN,FULL,,,
SRR25395344,SRR25395344_6685_4,BETA-LACTAM,penicillin beta-lactam,BETA-LACTAM,FULL,,,
SRR25395344,SRR25395344_8256_1,AMINOGLYCOSIDE,aminoglycoside antibiotic,AMINOGLYCOSIDE,FULL,,,
SRR25395344,SRR25395344_11558_3,TETRACYCLINE,tetracycline antibiotic,TETRACYCLINE,FULL,,,
SRR25395344,SRR25395344_11558_4,AMINOGLYCOSIDE,aminoglycoside antibiotic,AMINOGLYCOSIDE,FULL,,,
SRR25395344,SRR25395344_127713_1,AMINOGLYCOSIDE,aminoglycoside antibiotic,AMINOGLYCOSIDE,FULL,,,
SRR25395344,SRR25395344_127713_2,AMINOGLYCOSIDE,aminoglycoside antibiotic,AMINOGLYCOSIDE,FULL,,,
SRR25395344,SRR25395344_219540_2,AMINOGLYCOSIDE,aminoglycoside antibiotic,AMINOGLYCOSIDE,FULL,,,
SRR25395344,SRR25395344_398468_2,SULFONAMIDE,sulfonamide antibiotic,SULFONAMIDE,FULL,,,
SRR25395346,SRR25395346_11842_1,TETRACYCLINE,tetracycline antibiotic,TETRACYCLINE,FULL,,,
SRR25395346,SRR25395346_25129_2,QUATERNARY AMMONIUM,disinfecting agents and antiseptics,QUATERNARY AMMONIUM,FULL,,,
SRR25395346,SRR25395346_35063_1,QUATERNARY AMMONIUM,disinfecting agents and antiseptics,QUATERNARY AMMONIUM,FULL,,,
SRR25395348,SRR25395348_11342_1,FOSFOMYCIN,phosphonic acid antibiotic,FOSFOMYCIN,FULL,,,
SRR25395348,SRR25395348_102574_1,QUATERNARY AMMONIUM,disinfecting agents and antiseptics,QUATERNARY AMMONIUM,FULL,,,
SRR25395350,SRR25395350_4828_2,TETRACYCLINE,tetracycline antibiotic,TETRACYCLINE,FULL,,,
SRR25395350,SRR25395350_13401_2,AMINOGLYCOSIDE,aminoglycoside antibiotic,AMINOGLYCOSIDE,FULL,,,
SRR25395350,SRR25395350_19384_2,TETRACYCLINE,tetracycline antibiotic,TETRACYCLINE,FULL,,,
SRR25395350,SRR25395350_48837_1,AMINOGLYCOSIDE,aminoglycoside antibiotic,AMINOGLYCOSIDE,FULL,,,
SRR25395350,SRR25395350_48837_2,AMINOGLYCOSIDE,aminoglycoside antibiotic,AMINOGLYCOSIDE,FULL,,,
SRR25395350,SRR25395350_56956_2,PHENICOL,phenicol antibiotic,PHENICOL,FULL,,,
SRR25395351,SRR25395351_12875_4,TETRACYCLINE,tetracycline antibiotic,TETRACYCLINE,FULL,,,
SRR25395351,SRR25395351_13885_1,AMINOGLYCOSIDE,aminoglycoside antibiotic,AMINOGLYCOSIDE,FULL,,,
SRR25395351,SRR25395351_18148_1,AMINOGLYCOSIDE,aminoglycoside antibiotic,AMINOGLYCOSIDE,FULL,,,
SRR25395351,SRR25395351_18148_2,AMINOGLYCOSIDE,aminoglycoside antibiotic,AMINOGLYCOSIDE,FULL,,,
SRR25395351,SRR25395351_19731_2,TETRACYCLINE,tetracycline antibiotic,TETRACYCLINE,FULL,,,
SRR25395351,SRR25395351_22861_1,PHENICOL,phenicol antibiotic,PHENICOL,FULL,,,
SRR25395352,SRR25395352_50793_3,TETRACYCLINE,tetracycline antibiotic,TETRACYCLINE,FULL,,,
SRR25395352,SRR25395352_125464_1,TETRACYCLINE,tetracycline antibiotic,TETRACYCLINE,FULL,,,
SRR25395352,SRR25395352_129818_1,LINCOSAMIDE,lincosamide antibiotic,LINCOSAMIDE,FULL,,,
SRR25395352,SRR25395352_155044_2,PHENICOL,phenicol antibiotic,PHENICOL,FULL,,,
SRR25395352,SRR25395352_155974_2,AMINOGLYCOSIDE,aminoglycoside antibiotic,AMINOGLYCOSIDE,FULL,,,
SRR25395352,SRR25395352_353064_1,QUATERNARY AMMONIUM,disinfecting agents and antiseptics,QUATERNARY AMMONIUM,FULL,,,
SRR25395353,SRR25395353_4057_1,AMINOGLYCOSIDE,aminoglycoside antibiotic,AMINOGLYCOSIDE,FULL,,,
SRR25395353,SRR25395353_4057_2,AMINOGLYCOSIDE,aminoglycoside antibiotic,AMINOGLYCOSIDE,FULL,,,
SRR25395353,SRR25395353_52603_1,FOSFOMYCIN,phosphonic acid antibiotic,FOSFOMYCIN,FULL,,,
SRR25395354,SRR25395354_63672_1,QUATERNARY AMMONIUM,disinfecting agents and antiseptics,QUATERNARY AMMONIUM,FULL,,,
SRR25395354,SRR25395354_98514_2,FOSFOMYCIN,phosphonic acid antibiotic,FOSFOMYCIN,FULL,,,
SRR25395355,SRR25395355_29055_2,FOSFOMYCIN,phosphonic acid antibiotic,FOSFOMYCIN,FULL,,,
SRR25395355,SRR25395355_42213_1,QUATERNARY AMMONIUM,disinfecting agents and antiseptics,QUATERNARY AMMONIUM,FULL,,,
SRR25395356,SRR25395356_1250_1,QUATERNARY AMMONIUM,disinfecting agents and antiseptics,QUATERNARY AMMONIUM,FULL,,,
SRR25395356,SRR25395356_33641_1,BETA-LACTAM,penicillin beta-lactam,BETA-LACTAM,FULL,,,
SRR25395360,SRR25395360_6341_1,TETRACYCLINE,tetracycline antibiotic,TETRACYCLINE,FULL,,,
SRR25395360,SRR25395360_358647_5,TETRACYCLINE,tetracycline antibiotic,TETRACYCLINE,FULL,,,
SRR25395360,SRR25395360_439923_2,AMINOGLYCOSIDE,aminoglycoside antibiotic,AMINOGLYCOSIDE,FULL,,,
SRR25395362,SRR25395362_5996_1,QUATERNARY AMMONIUM,disinfecting agents and antiseptics,QUATERNARY AMMONIUM,FULL,,,
SRR25395362,SRR25395362_8025_2,LINCOSAMIDE/MACROLIDE/STREPTOGRAMIN,macrolide antibiotic; lincosamide antibiotic; streptogramin antibiotic; streptogramin B antibiotic,LINCOSAMIDE/MACROLIDE/STREPTOGRAMIN,FULL,,,
SRR25395363,SRR25395363_3585_1,BETA-LACTAM,penicillin beta-lactam,BETA-LACTAM,FULL,,,
SRR25395363,SRR25395363_63371_2,LINCOSAMIDE/MACROLIDE/STREPTOGRAMIN,macrolide antibiotic; lincosamide antibiotic; streptogramin antibiotic; streptogramin B antibiotic,LINCOSAMIDE/MACROLIDE/STREPTOGRAMIN,FULL,,,
SRR25395363,SRR25395363_354558_1,QUATERNARY AMMONIUM,disinfecting agents and antiseptics,QUATERNARY AMMONIUM,FULL,,,
SRR25395363,SRR25395363_355519_1,FOSFOMYCIN,phosphonic acid antibiotic,FOSFOMYCIN,FULL,,,
SRR25395364,SRR25395364_86690_1,MACROLIDE/STREPTOGRAMIN,macrolide antibiotic; streptogramin antibiotic; streptogramin B antibiotic,MACROLIDE/STREPTOGRAMIN,FULL,,,
SRR25395364,SRR25395364_88872_2,LINCOSAMIDE/MACROLIDE/STREPTOGRAMIN,macrolide antibiotic; lincosamide antibiotic; streptogramin antibiotic; streptogramin B antibiotic,LINCOSAMIDE/MACROLIDE/STREPTOGRAMIN,FULL,,,
SRR25395364,SRR25395364_96276_1,FOSFOMYCIN,phosphonic acid antibiotic,FOSFOMYCIN,FULL,,,
SRR25395364,SRR25395364_109053_1,QUATERNARY AMMONIUM,disinfecting agents and antiseptics,QUATERNARY AMMONIUM,FULL,,,
SRR25395365,SRR25395365_88024_2,LINCOSAMIDE/MACROLIDE/STREPTOGRAMIN,macrolide antibiotic; lincosamide antibiotic; streptogramin antibiotic; streptogramin B antibiotic,LINCOSAMIDE/MACROLIDE/STREPTOGRAMIN,FULL,,,
SRR25395365,SRR25395365_128242_1,FOSFOMYCIN,phosphonic acid antibiotic,FOSFOMYCIN,FULL,,,
SRR25395367,SRR25395367_23018_1,TETRACYCLINE,tetracycline antibiotic,TETRACYCLINE,FULL,,,
SRR25395367,SRR25395367_26445_1,QUATERNARY AMMONIUM,disinfecting agents and antiseptics,QUATERNARY AMMONIUM,FULL,,,
SRR25395367,SRR25395367_31461_2,MACROLIDE/STREPTOGRAMIN,macrolide antibiotic; streptogramin antibiotic; streptogramin B antibiotic,MACROLIDE/STREPTOGRAMIN,FULL,,,
SRR25395367,SRR25395367_37617_1,QUATERNARY AMMONIUM,disinfecting agents and antiseptics,QUATERNARY AMMONIUM,FULL,,,
SRR25395367,SRR25395367_80686_1,FOSFOMYCIN,phosphonic acid antibiotic,FOSFOMYCIN,FULL,,,
SRR25395369,SRR25395369_59274_2,FOSFOMYCIN,phosphonic acid antibiotic,FOSFOMYCIN,FULL,,,
SRR25395369,SRR25395369_60320_1,LINCOSAMIDE,lincosamide antibiotic,LINCOSAMIDE,FULL,,,
SRR25395369,SRR25395369_126648_1,LINCOSAMIDE/MACROLIDE/STREPTOGRAMIN,macrolide antibiotic; lincosamide antibiotic; streptogramin antibiotic; streptogramin A antibiotic; streptogramin B antibiotic,LINCOSAMIDE/MACROLIDE/STREPTOGRAMIN,FULL,,,
SRR25395369,SRR25395369_144440_1,QUATERNARY AMMONIUM,disinfecting agents and antiseptics,QUATERNARY AMMONIUM,FULL,,,
SRR25395372,SRR25395372_11650_1,QUATERNARY AMMONIUM,disinfecting agents and antiseptics,QUATERNARY AMMONIUM,FULL,,,
SRR25395372,SRR25395372_109605_1,TETRACYCLINE,tetracycline antibiotic,TETRACYCLINE,FULL,,,
SRR25395372,SRR25395372_131035_2,TETRACYCLINE,tetracycline antibiotic,TETRACYCLINE,FULL,,,
SRR25395372,SRR25395372_145096_1,AMINOGLYCOSIDE,aminoglycoside antibiotic,AMINOGLYCOSIDE,FULL,,,
SRR25395372,SRR25395372_145096_2,AMINOGLYCOSIDE,aminoglycoside antibiotic,AMINOGLYCOSIDE,FULL,,,
SRR25395372,SRR25395372_619405_1,QUATERNARY AMMONIUM,disinfecting agents and antiseptics,QUATERNARY AMMONIUM,FULL,,,
SRR25395374,SRR25395374_4391_2,FOSFOMYCIN,phosphonic acid antibiotic,FOSFOMYCIN,FULL,,,
SRR25395374,SRR25395374_9704_1,AMINOGLYCOSIDE,aminoglycoside antibiotic,AMINOGLYCOSIDE,FULL,,,
SRR25395374,SRR25395374_9704_2,AMINOGLYCOSIDE,aminoglycoside antibiotic,AMINOGLYCOSIDE,FULL,,,
SRR25395374,SRR25395374_386341_1,QUATERNARY AMMONIUM,disinfecting agents and antiseptics,QUATERNARY AMMONIUM,FULL,,,
SRR25395374,SRR25395374_716290_1,QUATERNARY AMMONIUM,disinfecting agents and antiseptics,QUATERNARY AMMONIUM,FULL,,,
SRR25395375,SRR25395375_14131_2,LINCOSAMIDE/MACROLIDE/STREPTOGRAMIN,macrolide antibiotic; lincosamide antibiotic; streptogramin antibiotic; streptogramin A antibiotic; streptogramin B antibiotic,LINCOSAMIDE/MACROLIDE/STREPTOGRAMIN,FULL,,,
SRR25395377,SRR25395377_440_9,AMINOGLYCOSIDE,aminoglycoside antibiotic,AMINOGLYCOSIDE,FULL,,,
SRR25395377,SRR25395377_440_10,AMINOGLYCOSIDE,aminoglycoside antibiotic,AMINOGLYCOSIDE,FULL,,,
SRR25395378,SRR25395378_10728_9,AMINOGLYCOSIDE,aminoglycoside antibiotic,AMINOGLYCOSIDE,FULL,,,
SRR25395378,SRR25395378_10728_10,AMINOGLYCOSIDE,aminoglycoside antibiotic,AMINOGLYCOSIDE,FULL,,,
SRR25395378,SRR25395378_93425_1,PHENICOL,phenicol antibiotic,PHENICOL,FULL,,,
SRR25395380,SRR25395380_1066_8,AMINOGLYCOSIDE,aminoglycoside antibiotic,AMINOGLYCOSIDE,FULL,,,
SRR25395380,SRR25395380_1066_9,AMINOGLYCOSIDE,aminoglycoside antibiotic,AMINOGLYCOSIDE,FULL,,,
SRR25395385,SRR25395385_6250_1,TETRACYCLINE,tetracycline antibiotic,TETRACYCLINE,FULL,,,
SRR25395385,SRR25395385_13649_2,LINCOSAMIDE/MACROLIDE/STREPTOGRAMIN,macrolide antibiotic; lincosamide antibiotic; streptogramin antibiotic; streptogramin A antibiotic; streptogramin B antibiotic,LINCOSAMIDE/MACROLIDE/STREPTOGRAMIN,FULL,,,
SRR25395385,SRR25395385_60811_1,QUATERNARY AMMONIUM,disinfecting agents and antiseptics,QUATERNARY AMMONIUM,FULL,,,
SRR25395385,SRR25395385_87777_1,QUATERNARY AMMONIUM,disinfecting agents and antiseptics,QUATERNARY AMMONIUM,FULL,,,
SRR25395386,SRR25395386_5308_1,AMINOGLYCOSIDE,aminoglycoside antibiotic,AMINOGLYCOSIDE,FULL,,,
SRR25395386,SRR25395386_31401_3,BETA-LACTAM,cephalosporin,BETA-LACTAM,FULL,,,
SRR25395386,SRR25395386_48278_1,AMINOGLYCOSIDE,aminoglycoside antibiotic,AMINOGLYCOSIDE,FULL,,,
SRR25395386,SRR25395386_78263_3,TETRACYCLINE,tetracycline antibiotic,TETRACYCLINE,FULL,,,
SRR25395390,SRR25395390_23165_3,AMINOGLYCOSIDE,aminoglycoside antibiotic,AMINOGLYCOSIDE,FULL,,,
SRR25395391,SRR25395391_16154_3,AMINOGLYCOSIDE,aminoglycoside antibiotic,AMINOGLYCOSIDE,FULL,,,
SRR25395392,SRR25395392_22231_2,AMINOGLYCOSIDE,aminoglycoside antibiotic,AMINOGLYCOSIDE,FULL,,,
SRR25395393,SRR25395393_19509_1,AMINOGLYCOSIDE,aminoglycoside antibiotic,AMINOGLYCOSIDE,FULL,,,
SRR25395394,SRR25395394_585_2,AMINOGLYCOSIDE,aminoglycoside antibiotic,AMINOGLYCOSIDE,FULL,,,
SRR25395395,SRR25395395_18477_1,AMINOGLYCOSIDE,aminoglycoside antibiotic,AMINOGLYCOSIDE,FULL,,,
SRR25395397,SRR25395397_1328_1,AMINOGLYCOSIDE,aminoglycoside antibiotic,AMINOGLYCOSIDE,FULL,,,
SRR25395398,SRR25395398_8869_2,LINCOSAMIDE/MACROLIDE/STREPTOGRAMIN,macrolide antibiotic; lincosamide antibiotic; streptogramin antibiotic; streptogramin A antibiotic; streptogramin B antibiotic,LINCOSAMIDE/MACROLIDE/STREPTOGRAMIN,FULL,,,
SRR25395398,SRR25395398_29894_4,AMINOGLYCOSIDE,aminoglycoside antibiotic,AMINOGLYCOSIDE,FULL,,,
SRR25395398,SRR25395398_29894_5,AMINOGLYCOSIDE,aminoglycoside antibiotic,AMINOGLYCOSIDE,FULL,,,
SRR25395398,SRR25395398_31978_1,QUATERNARY AMMONIUM,disinfecting agents and antiseptics,QUATERNARY AMMONIUM,FULL,,,
SRR25395398,SRR25395398_80082_2,AMINOGLYCOSIDE,aminoglycoside antibiotic,AMINOGLYCOSIDE,FULL,,,
SRR25395399,SRR25395399_296393_1,FOSFOMYCIN,phosphonic acid antibiotic,FOSFOMYCIN,FULL,,,
SRR25395400,SRR25395400_578160_1,FOSFOMYCIN,phosphonic acid antibiotic,FOSFOMYCIN,FULL,,,
SRR25395400,SRR25395400_623934_1,QUATERNARY AMMONIUM,disinfecting agents and antiseptics,QUATERNARY AMMONIUM,FULL,,,
SRR25395403,SRR25395403_529689_2,FOSFOMYCIN,phosphonic acid antibiotic,FOSFOMYCIN,FULL,,,
SRR25395403,SRR25395403_554869_1,QUATERNARY AMMONIUM,disinfecting agents and antiseptics,QUATERNARY AMMONIUM,FULL,,,
SRR25395407,SRR25395407_82302_3,AMINOGLYCOSIDE,aminoglycoside antibiotic,AMINOGLYCOSIDE,FULL,,,
SRR25395407,SRR25395407_82302_4,AMINOGLYCOSIDE,aminoglycoside antibiotic,AMINOGLYCOSIDE,FULL,,,
SRR25395407,SRR25395407_164189_2,QUATERNARY AMMONIUM,disinfecting agents and antiseptics,QUATERNARY AMMONIUM,FULL,,,
SRR25395407,SRR25395407_187931_1,AMINOGLYCOSIDE,aminoglycoside antibiotic,AMINOGLYCOSIDE,FULL,,,
SRR25395408,SRR25395408_15497_3,AMINOGLYCOSIDE,aminoglycoside antibiotic,AMINOGLYCOSIDE,FULL,,,
SRR25395408,SRR25395408_15497_4,AMINOGLYCOSIDE,aminoglycoside antibiotic,AMINOGLYCOSIDE,FULL,,,
SRR25395408,SRR25395408_220809_2,AMINOGLYCOSIDE,aminoglycoside antibiotic,AMINOGLYCOSIDE,FULL,,,
SRR25395408,SRR25395408_247730_1,QUATERNARY AMMONIUM,disinfecting agents and antiseptics,QUATERNARY AMMONIUM,FULL,,,
SRR25395411,SRR25395411_18837_4,TETRACYCLINE,tetracycline antibiotic,TETRACYCLINE,FULL,,,
SRR25395412,SRR25395412_26436_4,TETRACYCLINE,tetracycline antibiotic,TETRACYCLINE,FULL,,,
SRR25395415,SRR25395415_3176_4,TETRACYCLINE,tetracycline antibiotic,TETRACYCLINE,FULL,,,
SRR25395416,SRR25395416_56482_2,TETRACYCLINE,tetracycline antibiotic,TETRACYCLINE,FULL,,,
SRR25395417,SRR25395417_77439_2,TETRACYCLINE,tetracycline antibiotic,TETRACYCLINE,FULL,,,
SRR25395417,SRR25395417_180735_1,BETA-LACTAM,penicillin beta-lactam,BETA-LACTAM,FULL,,,
SRR25395419,SRR25395419_341060_1,TETRACYCLINE,tetracycline antibiotic,TETRACYCLINE,FULL,,,
SRR25395420,SRR25395420_17806_2,TETRACYCLINE,tetracycline antibiotic,TETRACYCLINE,FULL,,,
SRR25395421,SRR25395421_1488_2,TETRACYCLINE,tetracycline antibiotic,TETRACYCLINE,FULL,,,
SRR25395424,SRR25395424_21292_2,QUATERNARY AMMONIUM,disinfecting agents and antiseptics,QUATERNARY AMMONIUM,FULL,,,
SRR25395424,SRR25395424_26453_1,AMINOGLYCOSIDE,aminoglycoside antibiotic,AMINOGLYCOSIDE,FULL,,,
SRR25395424,SRR25395424_26453_2,AMINOGLYCOSIDE,aminoglycoside antibiotic,AMINOGLYCOSIDE,FULL,,,
SRR25395424,SRR25395424_67163_1,AMINOGLYCOSIDE,aminoglycoside antibiotic,AMINOGLYCOSIDE,FULL,,,
SRR25395426,SRR25395426_39541_1,AMINOGLYCOSIDE,aminoglycoside antibiotic,AMINOGLYCOSIDE,FULL,,,
SRR25395426,SRR25395426_39541_2,AMINOGLYCOSIDE,aminoglycoside antibiotic,AMINOGLYCOSIDE,FULL,,,
SRR25395426,SRR25395426_126888_2,QUATERNARY AMMONIUM,disinfecting agents and antiseptics,QUATERNARY AMMONIUM,FULL,,,
SRR25395426,SRR25395426_518538_1,AMINOGLYCOSIDE,aminoglycoside antibiotic,AMINOGLYCOSIDE,FULL,,,
SRR25395427,SRR25395427_3019_1,AMINOGLYCOSIDE,aminoglycoside antibiotic,AMINOGLYCOSIDE,FULL,,,
SRR25395427,SRR25395427_3019_2,AMINOGLYCOSIDE,aminoglycoside antibiotic,AMINOGLYCOSIDE,FULL,,,
SRR25395427,SRR25395427_64132_1,AMINOGLYCOSIDE,aminoglycoside antibiotic,AMINOGLYCOSIDE,FULL,,,
SRR25395427,SRR25395427_177710_1,QUATERNARY AMMONIUM,disinfecting agents and antiseptics,QUATERNARY AMMONIUM,FULL,,,
SRR25395428,SRR25395428_113093_2,QUATERNARY AMMONIUM,disinfecting agents and antiseptics,QUATERNARY AMMONIUM,FULL,,,
SRR25395428,SRR25395428_190764_2,AMINOGLYCOSIDE,aminoglycoside antibiotic,AMINOGLYCOSIDE,FULL,,,
SRR25395428,SRR25395428_190764_3,AMINOGLYCOSIDE,aminoglycoside antibiotic,AMINOGLYCOSIDE,FULL,,,
SRR25395428,SRR25395428_253925_2,AMINOGLYCOSIDE,aminoglycoside antibiotic,AMINOGLYCOSIDE,FULL,,,
SRR25395431,SRR25395431_1888_1,COLISTIN,peptide antibiotic,COLISTIN,FULL,,,
SRR25395431,SRR25395431_3070_2,PHENICOL,phenicol antibiotic,PHENICOL,FULL,,,
SRR25395431,SRR25395431_7723_2,TETRACYCLINE,tetracycline antibiotic,TETRACYCLINE,FULL,,,
SRR25395431,SRR25395431_11211_3,SULFONAMIDE,sulfonamide antibiotic,SULFONAMIDE,FULL,,,
SRR25395431,SRR25395431_27837_1,AMINOGLYCOSIDE,aminoglycoside antibiotic,AMINOGLYCOSIDE,FULL,,,
SRR25395431,SRR25395431_27837_2,AMINOGLYCOSIDE,aminoglycoside antibiotic,AMINOGLYCOSIDE,FULL,,,
SRR25395431,SRR25395431_34640_2,TETRACYCLINE,tetracycline antibiotic,TETRACYCLINE,FULL,,,
SRR25395431,SRR25395431_64623_1,AMINOGLYCOSIDE,aminoglycoside antibiotic,AMINOGLYCOSIDE,FULL,,,
SRR25395432,SRR25395432_22666_4,TETRACYCLINE,tetracycline antibiotic,TETRACYCLINE,FULL,,,
SRR25395432,SRR25395432_68932_2,TETRACYCLINE,tetracycline antibiotic,TETRACYCLINE,FULL,,,
SRR25395432,SRR25395432_74147_1,AMINOGLYCOSIDE,aminoglycoside antibiotic,AMINOGLYCOSIDE,FULL,,,
SRR25395432,SRR25395432_79470_1,AMINOGLYCOSIDE,aminoglycoside antibiotic,AMINOGLYCOSIDE,FULL,,,
SRR25395432,SRR25395432_79470_2,AMINOGLYCOSIDE,aminoglycoside antibiotic,AMINOGLYCOSIDE,FULL,,,
SRR25395432,SRR25395432_104008_1,FOSFOMYCIN,phosphonic acid antibiotic,FOSFOMYCIN,FULL,,,
SRR25395432,SRR25395432_134833_2,PHENICOL,phenicol antibiotic,PHENICOL,FULL,,,
SRR25395433,SRR25395433_4702_2,TETRACYCLINE,tetracycline antibiotic,TETRACYCLINE,FULL,,,
SRR25395433,SRR25395433_20811_1,COLISTIN,peptide antibiotic,COLISTIN,FULL,,,
SRR25395433,SRR25395433_22409_1,PHENICOL,phenicol antibiotic,PHENICOL,FULL,,,
SRR25395433,SRR25395433_26905_1,AMINOGLYCOSIDE,aminoglycoside antibiotic,AMINOGLYCOSIDE,FULL,,,
SRR25395433,SRR25395433_30418_2,TETRACYCLINE,tetracycline antibiotic,TETRACYCLINE,FULL,,,
SRR25395433,SRR25395433_32429_1,AMINOGLYCOSIDE,aminoglycoside antibiotic,AMINOGLYCOSIDE,FULL,,,
SRR25395433,SRR25395433_32429_2,AMINOGLYCOSIDE,aminoglycoside antibiotic,AMINOGLYCOSIDE,FULL,,,
SRR25395434,SRR25395434_3217_6,FOSFOMYCIN,phosphonic acid antibiotic,FOSFOMYCIN,FULL,,,
SRR25395434,SRR25395434_3393_1,AMINOGLYCOSIDE,aminoglycoside antibiotic,AMINOGLYCOSIDE,FULL,,,
SRR25395434,SRR25395434_3393_2,AMINOGLYCOSIDE,aminoglycoside antibiotic,AMINOGLYCOSIDE,FULL,,,
SRR25395434,SRR25395434_38511_2,PHENICOL,phenicol antibiotic,PHENICOL,FULL,,,
SRR25395434,SRR25395434_43053_1,COLISTIN,peptide antibiotic,COLISTIN,FULL,,,
SRR25395434,SRR25395434_46126_1,AMINOGLYCOSIDE,aminoglycoside antibiotic,AMINOGLYCOSIDE,FULL,,,
SRR25395434,SRR25395434_46560_2,TETRACYCLINE,tetracycline antibiotic,TETRACYCLINE,FULL,,,
SRR25395434,SRR25395434_65443_1,TETRACYCLINE,tetracycline antibiotic,TETRACYCLINE,FULL,,,
SRR25395438,SRR25395438_80460_1,AMINOGLYCOSIDE,aminoglycoside antibiotic,AMINOGLYCOSIDE,FULL,,,
SRR25395441,SRR25395441_642_1,AMINOGLYCOSIDE,aminoglycoside antibiotic,AMINOGLYCOSIDE,FULL,,,
SRR25395441,SRR25395441_5397_2,AMINOGLYCOSIDE,aminoglycoside antibiotic,AMINOGLYCOSIDE,FULL,,,
SRR25395441,SRR25395441_20650_1,TETRACYCLINE,tetracycline antibiotic,TETRACYCLINE,FULL,,,
SRR25395441,SRR25395441_21108_1,TETRACYCLINE,tetracycline antibiotic,TETRACYCLINE,FULL,,,
SRR25395441,SRR25395441_42047_1,AMINOGLYCOSIDE,aminoglycoside antibiotic,AMINOGLYCOSIDE,FULL,,,
SRR25395441,SRR25395441_43979_2,SULFONAMIDE,sulfonamide antibiotic,SULFONAMIDE,FULL,,,
SRR25395449,SRR25395449_37410_1,QUATERNARY AMMONIUM,disinfecting agents and antiseptics,QUATERNARY AMMONIUM,FULL,,,
SRR25395449,SRR25395449_43696_1,QUATERNARY AMMONIUM,disinfecting agents and antiseptics,QUATERNARY AMMONIUM,FULL,,,
SRR25395449,SRR25395449_92537_1,TETRACYCLINE,tetracycline antibiotic,TETRACYCLINE,FULL,,,
SRR25395449,SRR25395449_159657_1,FOSFOMYCIN,phosphonic acid antibiotic,FOSFOMYCIN,FULL,,,
SRR25395452,SRR25395452_311029_1,AMINOGLYCOSIDE,aminoglycoside antibiotic,AMINOGLYCOSIDE,FULL,,,
SRR25395454,SRR25395454_141670_3,AMINOGLYCOSIDE,aminoglycoside antibiotic,AMINOGLYCOSIDE,FULL,,,
SRR25395455,SRR25395455_128716_1,AMINOGLYCOSIDE,aminoglycoside antibiotic,AMINOGLYCOSIDE,FULL,,,
SRR25395455,SRR25395455_128716_2,AMINOGLYCOSIDE,aminoglycoside antibiotic,AMINOGLYCOSIDE,FULL,,,
SRR25395456,SRR25395456_26121_1,TETRACYCLINE,tetracycline antibiotic,TETRACYCLINE,FULL,,,
SRR25395456,SRR25395456_40682_1,AMINOGLYCOSIDE,aminoglycoside antibiotic,AMINOGLYCOSIDE,FULL,,,
SRR25395456,SRR25395456_40682_2,AMINOGLYCOSIDE,aminoglycoside antibiotic,AMINOGLYCOSIDE,FULL,,,
SRR25395461,SRR25395461_61674_1,AMINOGLYCOSIDE,aminoglycoside antibiotic,AMINOGLYCOSIDE,FULL,,,
SRR25395461,SRR25395461_124649_2,QUATERNARY AMMONIUM,disinfecting agents and antiseptics,QUATERNARY AMMONIUM,FULL,,,
SRR25395462,SRR25395462_5967_2,QUATERNARY AMMONIUM,disinfecting agents and antiseptics,QUATERNARY AMMONIUM,FULL,,,
SRR25395470,SRR25395470_30711_1,TETRACYCLINE,tetracycline antibiotic,TETRACYCLINE,FULL,,,
SRR25395471,SRR25395471_43259_2,AMINOGLYCOSIDE,aminoglycoside antibiotic,AMINOGLYCOSIDE,FULL,,,
SRR25395471,SRR25395471_54312_2,TETRACYCLINE,tetracycline antibiotic,TETRACYCLINE,FULL,,,
SRR25395471,SRR25395471_245107_1,AMINOGLYCOSIDE,aminoglycoside antibiotic,AMINOGLYCOSIDE,FULL,,,
SRR25395471,SRR25395471_385548_2,QUATERNARY AMMONIUM,disinfecting agents and antiseptics,QUATERNARY AMMONIUM,FULL,,,
SRR25395472,SRR25395472_445705_1,TETRACYCLINE,tetracycline antibiotic,TETRACYCLINE,FULL,,,
SRR25395481,SRR25395481_1118804_2,AMINOGLYCOSIDE,aminoglycoside antibiotic,AMINOGLYCOSIDE,FULL,,,
SRR25395483,SRR25395483_700_1,TETRACYCLINE,tetracycline antibiotic,TETRACYCLINE,FULL,,,
SRR25395484,SRR25395484_83209_1,QUATERNARY AMMONIUM,disinfecting agents and antiseptics,QUATERNARY AMMONIUM,FULL,,,
SRR25395486,SRR25395486_493_1,AMINOGLYCOSIDE,aminoglycoside antibiotic,AMINOGLYCOSIDE,FULL,,,
SRR25395486,SRR25395486_7460_1,AMINOGLYCOSIDE,aminoglycoside antibiotic,AMINOGLYCOSIDE,FULL,,,
SRR25395486,SRR25395486_7460_2,AMINOGLYCOSIDE,aminoglycoside antibiotic,AMINOGLYCOSIDE,FULL,,,
SRR25395486,SRR25395486_13214_10,BETA-LACTAM,cephalosporin,BETA-LACTAM,FULL,,,
SRR25395486,SRR25395486_18478_7,QUATERNARY AMMONIUM,disinfecting agents and antiseptics,QUATERNARY AMMONIUM,FULL,,,
SRR25395486,SRR25395486_25306_2,TETRACYCLINE,tetracycline antibiotic,TETRACYCLINE,FULL,,,
SRR25395486,SRR25395486_38103_2,SULFONAMIDE,sulfonamide antibiotic,SULFONAMIDE,FULL,,,
SRR25395486,SRR25395486_38103_3,QUATERNARY AMMONIUM,disinfecting agents and antiseptics,QUATERNARY AMMONIUM,FULL,,,
SRR25395486,SRR25395486_91492_1,QUATERNARY AMMONIUM,disinfecting agents and antiseptics,QUATERNARY AMMONIUM,FULL,,,
SRR25395488,SRR25395488_16044_2,AMINOGLYCOSIDE,aminoglycoside antibiotic,AMINOGLYCOSIDE,FULL,,,
SRR25395489,SRR25395489_4742_6,COLISTIN,peptide antibiotic,COLISTIN,FULL,,,
SRR25395489,SRR25395489_5841_1,AMINOGLYCOSIDE,aminoglycoside antibiotic,AMINOGLYCOSIDE,FULL,,,
SRR25395489,SRR25395489_5841_2,AMINOGLYCOSIDE,aminoglycoside antibiotic,AMINOGLYCOSIDE,FULL,,,
SRR25395490,SRR25395490_11815_1,AMINOGLYCOSIDE,aminoglycoside antibiotic,AMINOGLYCOSIDE,FULL,,,
SRR25395490,SRR25395490_37729_3,AMINOGLYCOSIDE,aminoglycoside antibiotic,AMINOGLYCOSIDE,FULL,,,
SRR25395491,SRR25395491_50518_2,AMINOGLYCOSIDE,aminoglycoside antibiotic,AMINOGLYCOSIDE,FULL,,,
SRR25395491,SRR25395491_50518_3,STREPTOTHRICIN,nucleoside antibiotic,STREPTOTHRICIN,FULL,,,
SRR25395491,SRR25395491_50518_4,AMINOGLYCOSIDE,aminoglycoside antibiotic,AMINOGLYCOSIDE,FULL,,,
SRR25395491,SRR25395491_88785_1,AMINOGLYCOSIDE,aminoglycoside antibiotic,AMINOGLYCOSIDE,FULL,,,
SRR25395491,SRR25395491_88785_2,STREPTOTHRICIN,nucleoside antibiotic,STREPTOTHRICIN,FULL,,,
SRR25395491,SRR25395491_123513_1,LINCOSAMIDE/MACROLIDE/STREPTOGRAMIN,macrolide antibiotic; lincosamide antibiotic; streptogramin antibiotic; streptogramin A antibiotic; streptogramin B antibiotic,LINCOSAMIDE/MACROLIDE/STREPTOGRAMIN,FULL,,,
SRR25395491,SRR25395491_410216_1,AMINOGLYCOSIDE,aminoglycoside antibiotic,AMINOGLYCOSIDE,FULL,,,
SRR25395493,SRR25395493_137170_3,TETRACYCLINE,tetracycline antibiotic,TETRACYCLINE,FULL,,,
SRR25395493,SRR25395493_160548_1,TETRACYCLINE,tetracycline antibiotic,TETRACYCLINE,FULL,,,
SRR25395493,SRR25395493_334306_3,AMINOGLYCOSIDE,aminoglycoside antibiotic,AMINOGLYCOSIDE,FULL,,,
SRR25395493,SRR25395493_334306_4,AMINOGLYCOSIDE,aminoglycoside antibiotic,AMINOGLYCOSIDE,FULL,,,
SRR25395496,SRR25395496_9156_7,AMINOGLYCOSIDE,aminoglycoside antibiotic,AMINOGLYCOSIDE,FULL,,,
SRR25395496,SRR25395496_9156_8,AMINOGLYCOSIDE,aminoglycoside antibiotic,AMINOGLYCOSIDE,FULL,,,
SRR25395496,SRR25395496_9156_10,TETRACYCLINE,tetracycline antibiotic,TETRACYCLINE,FULL,,,
SRR25395499,SRR25395499_15264_1,AMINOGLYCOSIDE,aminoglycoside antibiotic,AMINOGLYCOSIDE,FULL,,,
SRR25395499,SRR25395499_15816_2,AMINOGLYCOSIDE,aminoglycoside antibiotic,AMINOGLYCOSIDE,FULL,,,
SRR25395499,SRR25395499_15816_3,AMINOGLYCOSIDE,aminoglycoside antibiotic,AMINOGLYCOSIDE,FULL,,,
SRR25395499,SRR25395499_67764_1,STREPTOTHRICIN,nucleoside antibiotic,STREPTOTHRICIN,FULL,,,
SRR25395499,SRR25395499_67764_2,AMINOGLYCOSIDE,aminoglycoside antibiotic,AMINOGLYCOSIDE,FULL,,,
SRR25395499,SRR25395499_69412_1,QUATERNARY AMMONIUM,disinfecting agents and antiseptics,QUATERNARY AMMONIUM,FULL,,,
SRR25395499,SRR25395499_72078_2,SULFONAMIDE,sulfonamide antibiotic,SULFONAMIDE,FULL,,,
SRR25395500,SRR25395500_533_2,AMINOGLYCOSIDE,aminoglycoside antibiotic,AMINOGLYCOSIDE,FULL,,,
SRR25395500,SRR25395500_533_3,AMINOGLYCOSIDE,aminoglycoside antibiotic,AMINOGLYCOSIDE,FULL,,,
SRR25395500,SRR25395500_27463_2,QUATERNARY AMMONIUM,disinfecting agents and antiseptics,QUATERNARY AMMONIUM,FULL,,,
SRR25395500,SRR25395500_33468_1,AMINOGLYCOSIDE,aminoglycoside antibiotic,AMINOGLYCOSIDE,FULL,,,
SRR25395500,SRR25395500_68649_1,TETRACYCLINE,tetracycline antibiotic,TETRACYCLINE,FULL,,,
SRR25395503,SRR25395503_2617_3,TETRACYCLINE,tetracycline antibiotic,TETRACYCLINE,FULL,,,
SRR25395503,SRR25395503_5313_3,SULFONAMIDE,sulfonamide antibiotic,SULFONAMIDE,FULL,,,
SRR25395503,SRR25395503_5313_4,QUATERNARY AMMONIUM,disinfecting agents and antiseptics,QUATERNARY AMMONIUM,FULL,,,
SRR25395503,SRR25395503_5313_5,AMINOGLYCOSIDE,aminoglycoside antibiotic,AMINOGLYCOSIDE,FULL,,,
SRR25395503,SRR25395503_21998_1,AMINOGLYCOSIDE,aminoglycoside antibiotic,AMINOGLYCOSIDE,FULL,,,
SRR25395503,SRR25395503_21998_2,AMINOGLYCOSIDE,aminoglycoside antibiotic,AMINOGLYCOSIDE,FULL,,,
SRR25395503,SRR25395503_32968_2,TETRACYCLINE,tetracycline antibiotic,TETRACYCLINE,FULL,,,
SRR25395504,SRR25395504_34750_3,TETRACYCLINE,tetracycline antibiotic,TETRACYCLINE,FULL,,,
SRR25395504,SRR25395504_96971_2,AMINOGLYCOSIDE,aminoglycoside antibiotic,AMINOGLYCOSIDE,FULL,,,
SRR25395504,SRR25395504_96971_3,QUATERNARY AMMONIUM,disinfecting agents and antiseptics,QUATERNARY AMMONIUM,FULL,,,
SRR25395504,SRR25395504_96971_4,SULFONAMIDE,sulfonamide antibiotic,SULFONAMIDE,FULL,,,
SRR25395504,SRR25395504_152349_1,AMINOGLYCOSIDE,aminoglycoside antibiotic,AMINOGLYCOSIDE,FULL,,,
SRR25395504,SRR25395504_152349_2,AMINOGLYCOSIDE,aminoglycoside antibiotic,AMINOGLYCOSIDE,FULL,,,
SRR25395504,SRR25395504_527797_3,TETRACYCLINE,tetracycline antibiotic,TETRACYCLINE,FULL,,,
SRR25395505,SRR25395505_2607_5,TETRACYCLINE,tetracycline antibiotic,TETRACYCLINE,FULL,,,
SRR25395505,SRR25395505_3047_1,AMINOGLYCOSIDE,aminoglycoside antibiotic,AMINOGLYCOSIDE,FULL,,,
SRR25395505,SRR25395505_18306_2,AMINOGLYCOSIDE,aminoglycoside antibiotic,AMINOGLYCOSIDE,FULL,,,
SRR25395506,SRR25395506_344216_1,AMINOGLYCOSIDE,aminoglycoside antibiotic,AMINOGLYCOSIDE,FULL,,,
SRR25395513,SRR25395513_324208_1,AMINOGLYCOSIDE,aminoglycoside antibiotic,AMINOGLYCOSIDE,FULL,,,
SRR25395513,SRR25395513_2022591_1,AMINOGLYCOSIDE,aminoglycoside antibiotic,AMINOGLYCOSIDE,FULL,,,
SRR25395514,SRR25395514_79_8,FOSFOMYCIN,phosphonic acid antibiotic,FOSFOMYCIN,FULL,,,
SRR25395514,SRR25395514_7446_12,TETRACYCLINE,tetracycline antibiotic,TETRACYCLINE,FULL,,,
SRR25700600,SRR25700600_24602_1,LINCOSAMIDE,lincosamide antibiotic,LINCOSAMIDE,FULL,,,
SRR25700601,SRR25700601_49322_1,LINCOSAMIDE,lincosamide antibiotic,LINCOSAMIDE,FULL,,,
SRR25700602,SRR25700602_156335_1,LINCOSAMIDE,lincosamide antibiotic,LINCOSAMIDE,FULL,,,
SRR25934527,SRR25934527_3_12,TETRACYCLINE,tetracycline antibiotic,TETRACYCLINE,FULL,,,
SRR25934530,SRR25934530_395_12,TETRACYCLINE,tetracycline antibiotic,TETRACYCLINE,FULL,,,
SRR25934533,SRR25934533_17615_3,AMINOGLYCOSIDE,aminoglycoside antibiotic,AMINOGLYCOSIDE,FULL,,,
SRR25934533,SRR25934533_108846_1,FOSFOMYCIN,phosphonic acid antibiotic,FOSFOMYCIN,FULL,,,
SRR25934538,SRR25934538_1133_1,AMINOGLYCOSIDE,aminoglycoside antibiotic,AMINOGLYCOSIDE,FULL,,,
SRR25934538,SRR25934538_19484_2,AMINOGLYCOSIDE,aminoglycoside antibiotic,AMINOGLYCOSIDE,FULL,,,
SRR25934538,SRR25934538_31366_2,AMINOGLYCOSIDE,aminoglycoside antibiotic,AMINOGLYCOSIDE,FULL,,,
SRR26596524,SRR26596524_477945_1,TRIMETHOPRIM,diaminopyrimidine antibiotic,TRIMETHOPRIM,FULL,,,
SRR26596524,SRR26596524_709202_1,QUATERNARY AMMONIUM,disinfecting agents and antiseptics,QUATERNARY AMMONIUM,FULL,,,
SRR26596524,SRR26596524_1279234_3,SULFONAMIDE,sulfonamide antibiotic,SULFONAMIDE,FULL,,,
SRR26596526,SRR26596526_16697_4,QUATERNARY AMMONIUM,disinfecting agents and antiseptics,QUATERNARY AMMONIUM,FULL,,,
SRR26596526,SRR26596526_133045_2,QUATERNARY AMMONIUM,disinfecting agents and antiseptics,QUATERNARY AMMONIUM,FULL,,,
SRR26596526,SRR26596526_183547_1,QUATERNARY AMMONIUM,disinfecting agents and antiseptics,QUATERNARY AMMONIUM,FULL,,,
SRR26596526,SRR26596526_207914_1,BETA-LACTAM,cephalosporin,BETA-LACTAM,FULL,,,
SRR26596526,SRR26596526_219983_1,SULFONAMIDE,sulfonamide antibiotic,SULFONAMIDE,FULL,,,
SRR26596528,SRR26596528_2214_5,QUATERNARY AMMONIUM,disinfecting agents and antiseptics,QUATERNARY AMMONIUM,FULL,,,
SRR26596528,SRR26596528_21790_3,QUATERNARY AMMONIUM,disinfecting agents and antiseptics,QUATERNARY AMMONIUM,FULL,,,
SRR26596532,SRR26596532_101382_1,QUATERNARY AMMONIUM,disinfecting agents and antiseptics,QUATERNARY AMMONIUM,FULL,,,
SRR26596532,SRR26596532_140351_1,SULFONAMIDE,sulfonamide antibiotic,SULFONAMIDE,FULL,,,
SRR26596535,SRR26596535_38034_1,TRIMETHOPRIM,diaminopyrimidine antibiotic,TRIMETHOPRIM,FULL,,,
SRR26596535,SRR26596535_239602_1,QUATERNARY AMMONIUM,disinfecting agents and antiseptics,QUATERNARY AMMONIUM,FULL,,,
SRR26596535,SRR26596535_366613_1,SULFONAMIDE,sulfonamide antibiotic,SULFONAMIDE,FULL,,,
SRR26596542,SRR26596542_462139_1,QUATERNARY AMMONIUM,disinfecting agents and antiseptics,QUATERNARY AMMONIUM,FULL,,,
SRR26596542,SRR26596542_587365_2,QUATERNARY AMMONIUM,disinfecting agents and antiseptics,QUATERNARY AMMONIUM,FULL,,,
SRR26596545,SRR26596545_129679_1,AMINOGLYCOSIDE,aminoglycoside antibiotic,AMINOGLYCOSIDE,FULL,,,
SRR26596550,SRR26596550_19132_1,QUATERNARY AMMONIUM,disinfecting agents and antiseptics,QUATERNARY AMMONIUM,FULL,,,
SRR26596550,SRR26596550_102476_2,QUATERNARY AMMONIUM,disinfecting agents and antiseptics,QUATERNARY AMMONIUM,FULL,,,
SRR26596550,SRR26596550_273778_1,QUATERNARY AMMONIUM,disinfecting agents and antiseptics,QUATERNARY AMMONIUM,FULL,,,
SRR26596556,SRR26596556_71959_3,QUATERNARY AMMONIUM,disinfecting agents and antiseptics,QUATERNARY AMMONIUM,FULL,,,
SRR26596556,SRR26596556_73519_7,TETRACYCLINE,tetracycline antibiotic,TETRACYCLINE,FULL,,,
SRR26596558,SRR26596558_69873_1,QUATERNARY AMMONIUM,disinfecting agents and antiseptics,QUATERNARY AMMONIUM,FULL,,,
SRR26596558,SRR26596558_141242_1,QUATERNARY AMMONIUM,disinfecting agents and antiseptics,QUATERNARY AMMONIUM,FULL,,,
SRR26596561,SRR26596561_148915_1,QUATERNARY AMMONIUM,disinfecting agents and antiseptics,QUATERNARY AMMONIUM,FULL,,,
SRR26596561,SRR26596561_362303_1,QUATERNARY AMMONIUM,disinfecting agents and antiseptics,QUATERNARY AMMONIUM,FULL,,,
SRR26596563,SRR26596563_30495_1,TETRACYCLINE,tetracycline antibiotic,TETRACYCLINE,FULL,,,
SRR26596563,SRR26596563_89049_2,QUATERNARY AMMONIUM,disinfecting agents and antiseptics,QUATERNARY AMMONIUM,FULL,,,
SRR26596563,SRR26596563_226358_2,QUATERNARY AMMONIUM,disinfecting agents and antiseptics,QUATERNARY AMMONIUM,FULL,,,
SRR26596565,SRR26596565_445050_1,QUATERNARY AMMONIUM,disinfecting agents and antiseptics,QUATERNARY AMMONIUM,FULL,,,
SRR26596565,SRR26596565_619571_1,QUATERNARY AMMONIUM,disinfecting agents and antiseptics,QUATERNARY AMMONIUM,FULL,,,
SRR26596570,SRR26596570_24971_3,QUATERNARY AMMONIUM,disinfecting agents and antiseptics,QUATERNARY AMMONIUM,FULL,,,
SRR26596572,SRR26596572_17956_2,QUATERNARY AMMONIUM,disinfecting agents and antiseptics,QUATERNARY AMMONIUM,FULL,,,
SRR26596579,SRR26596579_12519_2,QUATERNARY AMMONIUM,disinfecting agents and antiseptics,QUATERNARY AMMONIUM,FULL,,,
SRR26596579,SRR26596579_48787_2,QUATERNARY AMMONIUM,disinfecting agents and antiseptics,QUATERNARY AMMONIUM,FULL,,,
SRR26596579,SRR26596579_145119_1,QUATERNARY AMMONIUM,disinfecting agents and antiseptics,QUATERNARY AMMONIUM,FULL,,,
SRR26596580,SRR26596580_61279_4,QUATERNARY AMMONIUM,disinfecting agents and antiseptics,QUATERNARY AMMONIUM,FULL,,,
SRR26596581,SRR26596581_12358_5,QUATERNARY AMMONIUM,disinfecting agents and antiseptics,QUATERNARY AMMONIUM,FULL,,,
SRR26596581,SRR26596581_400343_1,QUATERNARY AMMONIUM,disinfecting agents and antiseptics,QUATERNARY AMMONIUM,FULL,,,
SRR26596585,SRR26596585_56859_2,QUATERNARY AMMONIUM,disinfecting agents and antiseptics,QUATERNARY AMMONIUM,FULL,,,
SRR26596588,SRR26596588_553285_1,TRIMETHOPRIM,diaminopyrimidine antibiotic,TRIMETHOPRIM,FULL,,,
SRR26596588,SRR26596588_824280_3,SULFONAMIDE,sulfonamide antibiotic,SULFONAMIDE,FULL,,,
SRR26596588,SRR26596588_1033281_1,QUATERNARY AMMONIUM,disinfecting agents and antiseptics,QUATERNARY AMMONIUM,FULL,,,
SRR26596590,SRR26596590_105276_2,QUATERNARY AMMONIUM,disinfecting agents and antiseptics,QUATERNARY AMMONIUM,FULL,,,
SRR26596590,SRR26596590_116224_1,QUATERNARY AMMONIUM,disinfecting agents and antiseptics,QUATERNARY AMMONIUM,FULL,,,
SRR26596592,SRR26596592_141740_2,QUATERNARY AMMONIUM,disinfecting agents and antiseptics,QUATERNARY AMMONIUM,FULL,,,
SRR26596592,SRR26596592_446594_1,QUATERNARY AMMONIUM,disinfecting agents and antiseptics,QUATERNARY AMMONIUM,FULL,,,
SRR26596592,SRR26596592_447914_1,TRIMETHOPRIM,diaminopyrimidine antibiotic,TRIMETHOPRIM,FULL,,,
SRR26596592,SRR26596592_488609_1,QUATERNARY AMMONIUM,disinfecting agents and antiseptics,QUATERNARY AMMONIUM,FULL,,,
SRR26596598,SRR26596598_62570_1,TRIMETHOPRIM,diaminopyrimidine antibiotic,TRIMETHOPRIM,FULL,,,
SRR26596598,SRR26596598_94138_3,SULFONAMIDE,sulfonamide antibiotic,SULFONAMIDE,FULL,,,
SRR26596598,SRR26596598_310938_1,QUATERNARY AMMONIUM,disinfecting agents and antiseptics,QUATERNARY AMMONIUM,FULL,,,
SRR26994311,SRR26994311_2552_3,QUATERNARY AMMONIUM,disinfecting agents and antiseptics,QUATERNARY AMMONIUM,FULL,,,
SRR26994319,SRR26994319_10712_6,PHENICOL,phenicol antibiotic,PHENICOL,FULL,,,
SRR26994319,SRR26994319_25553_2,LINCOSAMIDE/MACROLIDE/STREPTOGRAMIN,macrolide antibiotic; lincosamide antibiotic; streptogramin antibiotic; streptogramin A antibiotic; streptogramin B antibiotic,LINCOSAMIDE/MACROLIDE/STREPTOGRAMIN,FULL,,,
SRR26994319,SRR26994319_77065_1,TETRACYCLINE,tetracycline antibiotic,TETRACYCLINE,FULL,,,
SRR27183618,SRR27183618_5955_4,COLISTIN,peptide antibiotic,COLISTIN,FULL,,,
SRR27183619,SRR27183619_1226_5,LINCOSAMIDE/STREPTOGRAMIN,lincosamide antibiotic; streptogramin antibiotic; pleuromutilin antibiotic,LINCOSAMIDE/STREPTOGRAMIN,PARTIAL,,PLEUROMUTILIN,
SRR27183619,SRR27183619_1226_6,LINCOSAMIDE,lincosamide antibiotic,LINCOSAMIDE,FULL,,,
SRR27183619,SRR27183619_2509_1,LINCOSAMIDE/MACROLIDE/STREPTOGRAMIN,macrolide antibiotic; lincosamide antibiotic; streptogramin antibiotic; streptogramin A antibiotic; streptogramin B antibiotic,LINCOSAMIDE/MACROLIDE/STREPTOGRAMIN,FULL,,,
SRR27183619,SRR27183619_13055_2,STREPTOTHRICIN,nucleoside antibiotic,STREPTOTHRICIN,FULL,,,
SRR27183619,SRR27183619_13055_3,AMINOGLYCOSIDE,aminoglycoside antibiotic,AMINOGLYCOSIDE,FULL,,,
SRR27183619,SRR27183619_27601_2,PHENICOL,phenicol antibiotic,PHENICOL,FULL,,,
SRR27183619,SRR27183619_63901_2,BETA-LACTAM,monobactam; cephalosporin; penicillin beta-lactam,BETA-LACTAM,FULL,,,
SRR27183620,SRR27183620_109445_1,QUATERNARY AMMONIUM,disinfecting agents and antiseptics,QUATERNARY AMMONIUM,FULL,,,
SRR27183621,SRR27183621_37121_1,QUATERNARY AMMONIUM,disinfecting agents and antiseptics,QUATERNARY AMMONIUM,FULL,,,
SRR27183621,SRR27183621_42719_2,FOSFOMYCIN,phosphonic acid antibiotic,FOSFOMYCIN,FULL,,,
SRR27183622,SRR27183622_6629_1,TETRACYCLINE,tetracycline antibiotic,TETRACYCLINE,FULL,,,
SRR27183629,SRR27183629_91760_2,FOSFOMYCIN,phosphonic acid antibiotic,FOSFOMYCIN,FULL,,,
SRR27183629,SRR27183629_103355_2,FOSFOMYCIN,phosphonic acid antibiotic,FOSFOMYCIN,FULL,,,
SRR27183629,SRR27183629_108197_1,TETRACYCLINE,tetracycline antibiotic,TETRACYCLINE,FULL,,,
SRR27183629,SRR27183629_167443_1,MACROLIDE/STREPTOGRAMIN,macrolide antibiotic; streptogramin antibiotic; streptogramin B antibiotic,MACROLIDE/STREPTOGRAMIN,FULL,,,
SRR27183629,SRR27183629_280697_1,QUATERNARY AMMONIUM,disinfecting agents and antiseptics,QUATERNARY AMMONIUM,FULL,,,
SRR27183630,SRR27183630_1431_2,PHENICOL,phenicol antibiotic,PHENICOL,FULL,,,
SRR27183630,SRR27183630_30812_1,TETRACYCLINE,tetracycline antibiotic,TETRACYCLINE,FULL,,,
SRR27183630,SRR27183630_31643_1,TETRACYCLINE,tetracycline antibiotic,TETRACYCLINE,FULL,,,
SRR27278105,SRR27278105_5226_4,QUATERNARY AMMONIUM,disinfecting agents and antiseptics,QUATERNARY AMMONIUM,FULL,,,
SRR27278105,SRR27278105_11563_1,TETRACYCLINE,tetracycline antibiotic,TETRACYCLINE,FULL,,,
SRR27278105,SRR27278105_11786_1,AMINOGLYCOSIDE,aminoglycoside antibiotic,AMINOGLYCOSIDE,FULL,,,
SRR27278105,SRR27278105_25276_1,AMINOGLYCOSIDE,aminoglycoside antibiotic,AMINOGLYCOSIDE,FULL,,,
SRR27278105,SRR27278105_25276_2,AMINOGLYCOSIDE,aminoglycoside antibiotic,AMINOGLYCOSIDE,FULL,,,
SRR27278105,SRR27278105_75745_1,BETA-LACTAM,penicillin beta-lactam,BETA-LACTAM,FULL,,,
SRR27278105,SRR27278105_115729_2,SULFONAMIDE,sulfonamide antibiotic,SULFONAMIDE,FULL,,,
SRR27278106,SRR27278106_2819_5,PHENICOL,phenicol antibiotic,PHENICOL,FULL,,,
SRR27278106,SRR27278106_9572_1,TETRACYCLINE,tetracycline antibiotic,TETRACYCLINE,FULL,,,
SRR27278106,SRR27278106_10683_3,AMINOGLYCOSIDE,aminoglycoside antibiotic,AMINOGLYCOSIDE,FULL,,,
SRR27278106,SRR27278106_13025_1,LINCOSAMIDE,lincosamide antibiotic,LINCOSAMIDE,FULL,,,
SRR27278106,SRR27278106_13025_2,LINCOSAMIDE/STREPTOGRAMIN,lincosamide antibiotic; streptogramin antibiotic; pleuromutilin antibiotic,LINCOSAMIDE/STREPTOGRAMIN,PARTIAL,,PLEUROMUTILIN,
SRR27278106,SRR27278106_18684_2,LINCOSAMIDE,lincosamide antibiotic,LINCOSAMIDE,FULL,,,
SRR27278106,SRR27278106_66034_1,TETRACYCLINE,tetracycline antibiotic,TETRACYCLINE,FULL,,,
SRR27278106,SRR27278106_68551_1,SULFONAMIDE,sulfonamide antibiotic,SULFONAMIDE,FULL,,,
SRR27278106,SRR27278106_82833_2,AMINOGLYCOSIDE,aminoglycoside antibiotic,AMINOGLYCOSIDE,FULL,,,
SRR27278106,SRR27278106_82924_1,AMINOGLYCOSIDE,aminoglycoside antibiotic,AMINOGLYCOSIDE,FULL,,,
SRR27278106,SRR27278106_82924_2,STREPTOTHRICIN,nucleoside antibiotic,STREPTOTHRICIN,FULL,,,
SRR27278106,SRR27278106_87200_3,AMINOGLYCOSIDE,aminoglycoside antibiotic,AMINOGLYCOSIDE,FULL,,,
SRR27278106,SRR27278106_99151_1,AMINOGLYCOSIDE,aminoglycoside antibiotic,AMINOGLYCOSIDE,FULL,,,
SRR27278106,SRR27278106_99151_2,AMINOGLYCOSIDE,aminoglycoside antibiotic,AMINOGLYCOSIDE,FULL,,,
SRR27278106,SRR27278106_173556_1,LINCOSAMIDE,lincosamide antibiotic,LINCOSAMIDE,FULL,,,
SRR27278106,SRR27278106_401407_2,LINCOSAMIDE/MACROLIDE/STREPTOGRAMIN,macrolide antibiotic; lincosamide antibiotic; streptogramin antibiotic; streptogramin A antibiotic; streptogramin B antibiotic,LINCOSAMIDE/MACROLIDE/STREPTOGRAMIN,FULL,,,
SRR27278108,SRR27278108_2095_3,TETRACYCLINE,tetracycline antibiotic,TETRACYCLINE,FULL,,,
SRR27278108,SRR27278108_10019_1,TETRACYCLINE,tetracycline antibiotic,TETRACYCLINE,FULL,,,
SRR27278108,SRR27278108_50376_1,TETRACYCLINE,tetracycline antibiotic,TETRACYCLINE,FULL,,,
SRR27278108,SRR27278108_51939_2,AMINOGLYCOSIDE,aminoglycoside antibiotic,AMINOGLYCOSIDE,FULL,,,
SRR27278108,SRR27278108_109390_1,AMINOGLYCOSIDE,aminoglycoside antibiotic,AMINOGLYCOSIDE,FULL,,,
SRR27278108,SRR27278108_214018_2,QUATERNARY AMMONIUM,disinfecting agents and antiseptics,QUATERNARY AMMONIUM,FULL,,,
SRR27278109,SRR27278109_4788_6,TETRACYCLINE,tetracycline antibiotic,TETRACYCLINE,FULL,,,
SRR27278109,SRR27278109_25460_2,QUATERNARY AMMONIUM,disinfecting agents and antiseptics,QUATERNARY AMMONIUM,FULL,,,
SRR27278109,SRR27278109_32588_1,AMINOGLYCOSIDE,aminoglycoside antibiotic,AMINOGLYCOSIDE,FULL,,,
SRR27278109,SRR27278109_39212_1,TETRACYCLINE,tetracycline antibiotic,TETRACYCLINE,FULL,,,
SRR27278109,SRR27278109_54163_1,TETRACYCLINE,tetracycline antibiotic,TETRACYCLINE,FULL,,,
SRR27278110,SRR27278110_16137_1,TETRACYCLINE,tetracycline antibiotic,TETRACYCLINE,FULL,,,
SRR27278110,SRR27278110_33971_2,TETRACYCLINE,tetracycline antibiotic,TETRACYCLINE,FULL,,,
SRR27278110,SRR27278110_139569_1,QUATERNARY AMMONIUM,disinfecting agents and antiseptics,QUATERNARY AMMONIUM,FULL,,,
SRR27278111,SRR27278111_10352_2,AMINOGLYCOSIDE,aminoglycoside antibiotic,AMINOGLYCOSIDE,FULL,,,
SRR27278111,SRR27278111_13465_2,TETRACYCLINE,tetracycline antibiotic,TETRACYCLINE,FULL,,,
SRR27278111,SRR27278111_45445_3,TETRACYCLINE,tetracycline antibiotic,TETRACYCLINE,FULL,,,
SRR27278111,SRR27278111_97640_2,QUATERNARY AMMONIUM,disinfecting agents and antiseptics,QUATERNARY AMMONIUM,FULL,,,
SRR27278111,SRR27278111_232319_1,PHENICOL,phenicol antibiotic,PHENICOL,FULL,,,
SRR27278112,SRR27278112_79949_1,SULFONAMIDE,sulfonamide antibiotic,SULFONAMIDE,FULL,,,
SRR27278112,SRR27278112_260670_1,TETRACYCLINE,tetracycline antibiotic,TETRACYCLINE,FULL,,,
SRR27278113,SRR27278113_27816_2,TETRACYCLINE,tetracycline antibiotic,TETRACYCLINE,FULL,,,
SRR27278113,SRR27278113_305525_1,QUATERNARY AMMONIUM,disinfecting agents and antiseptics,QUATERNARY AMMONIUM,FULL,,,
SRR27278114,SRR27278114_17364_1,TETRACYCLINE,tetracycline antibiotic,TETRACYCLINE,FULL,,,
SRR27278114,SRR27278114_31717_4,TETRACYCLINE,tetracycline antibiotic,TETRACYCLINE,FULL,,,
SRR27278114,SRR27278114_45011_1,TETRACYCLINE,tetracycline antibiotic,TETRACYCLINE,FULL,,,
SRR27278114,SRR27278114_137955_2,QUATERNARY AMMONIUM,disinfecting agents and antiseptics,QUATERNARY AMMONIUM,FULL,,,
SRR27278115,SRR27278115_26292_6,TETRACYCLINE,tetracycline antibiotic,TETRACYCLINE,FULL,,,
SRR27278115,SRR27278115_81585_1,TETRACYCLINE,tetracycline antibiotic,TETRACYCLINE,FULL,,,
SRR27278115,SRR27278115_133468_1,AMINOGLYCOSIDE,aminoglycoside antibiotic,AMINOGLYCOSIDE,FULL,,,
SRR27278115,SRR27278115_181805_1,QUATERNARY AMMONIUM,disinfecting agents and antiseptics,QUATERNARY AMMONIUM,FULL,,,
SRR27278116,SRR27278116_39633_3,TETRACYCLINE,tetracycline antibiotic,TETRACYCLINE,FULL,,,
SRR27278116,SRR27278116_49341_1,AMINOGLYCOSIDE,aminoglycoside antibiotic,AMINOGLYCOSIDE,FULL,,,
SRR27278116,SRR27278116_53446_1,TETRACYCLINE,tetracycline antibiotic,TETRACYCLINE,FULL,,,
SRR27278116,SRR27278116_86653_1,QUATERNARY AMMONIUM,disinfecting agents and antiseptics,QUATERNARY AMMONIUM,FULL,,,
SRR27278117,SRR27278117_1577_6,TETRACYCLINE,tetracycline antibiotic,TETRACYCLINE,FULL,,,
SRR27278117,SRR27278117_53254_2,TETRACYCLINE,tetracycline antibiotic,TETRACYCLINE,FULL,,,
SRR27278117,SRR27278117_62740_2,AMINOGLYCOSIDE,aminoglycoside antibiotic,AMINOGLYCOSIDE,FULL,,,
SRR27278117,SRR27278117_96958_1,QUATERNARY AMMONIUM,disinfecting agents and antiseptics,QUATERNARY AMMONIUM,FULL,,,
SRR27278118,SRR27278118_35502_3,SULFONAMIDE,sulfonamide antibiotic,SULFONAMIDE,FULL,,,
SRR27278118,SRR27278118_36718_6,TETRACYCLINE,tetracycline antibiotic,TETRACYCLINE,FULL,,,
SRR27278118,SRR27278118_133301_2,QUATERNARY AMMONIUM,disinfecting agents and antiseptics,QUATERNARY AMMONIUM,FULL,,,
SRR27278118,SRR27278118_364933_1,QUATERNARY AMMONIUM,disinfecting agents and antiseptics,QUATERNARY AMMONIUM,FULL,,,
SRR27278118,SRR27278118_521000_1,AMINOGLYCOSIDE,aminoglycoside antibiotic,AMINOGLYCOSIDE,FULL,,,
SRR27278118,SRR27278118_521000_2,AMINOGLYCOSIDE,aminoglycoside antibiotic,AMINOGLYCOSIDE,FULL,,,
SRR27278120,SRR27278120_80159_3,TETRACYCLINE,tetracycline antibiotic,TETRACYCLINE,FULL,,,
SRR27278121,SRR27278121_3823_2,QUATERNARY AMMONIUM,disinfecting agents and antiseptics,QUATERNARY AMMONIUM,FULL,,,
SRR27278121,SRR27278121_17469_1,TETRACYCLINE,tetracycline antibiotic,TETRACYCLINE,FULL,,,
SRR27278122,SRR27278122_87914_2,QUATERNARY AMMONIUM,disinfecting agents and antiseptics,QUATERNARY AMMONIUM,FULL,,,
SRR27278123,SRR27278123_29760_1,QUATERNARY AMMONIUM,disinfecting agents and antiseptics,QUATERNARY AMMONIUM,FULL,,,
SRR27278123,SRR27278123_39401_2,TETRACYCLINE,tetracycline antibiotic,TETRACYCLINE,FULL,,,
SRR27278124,SRR27278124_19054_2,QUATERNARY AMMONIUM,disinfecting agents and antiseptics,QUATERNARY AMMONIUM,FULL,,,
SRR27278125,SRR27278125_329029_3,SULFONAMIDE,sulfonamide antibiotic,SULFONAMIDE,FULL,,,
SRR27278125,SRR27278125_812489_2,QUATERNARY AMMONIUM,disinfecting agents and antiseptics,QUATERNARY AMMONIUM,FULL,,,
SRR27278125,SRR27278125_1658771_1,AMINOGLYCOSIDE,aminoglycoside antibiotic,AMINOGLYCOSIDE,FULL,,,
SRR27278125,SRR27278125_1658771_2,AMINOGLYCOSIDE,aminoglycoside antibiotic,AMINOGLYCOSIDE,FULL,,,
SRR27278126,SRR27278126_91822_1,TETRACYCLINE,tetracycline antibiotic,TETRACYCLINE,FULL,,,
SRR27278126,SRR27278126_365506_2,QUATERNARY AMMONIUM,disinfecting agents and antiseptics,QUATERNARY AMMONIUM,FULL,,,
SRR27278127,SRR27278127_541051_1,AMINOGLYCOSIDE,aminoglycoside antibiotic,AMINOGLYCOSIDE,FULL,,,
SRR27278128,SRR27278128_89464_5,TETRACYCLINE,tetracycline antibiotic,TETRACYCLINE,FULL,,,
SRR27278128,SRR27278128_353658_2,FOSFOMYCIN,phosphonic acid antibiotic,FOSFOMYCIN,FULL,,,
SRR27278129,SRR27278129_42560_3,SULFONAMIDE,sulfonamide antibiotic,SULFONAMIDE,FULL,,,
SRR27278129,SRR27278129_78608_1,TETRACYCLINE,tetracycline antibiotic,TETRACYCLINE,FULL,,,
SRR27278129,SRR27278129_318299_1,TETRACYCLINE,tetracycline antibiotic,TETRACYCLINE,FULL,,,
SRR27278129,SRR27278129_853792_2,QUATERNARY AMMONIUM,disinfecting agents and antiseptics,QUATERNARY AMMONIUM,FULL,,,
SRR27278129,SRR27278129_900556_1,AMINOGLYCOSIDE,aminoglycoside antibiotic,AMINOGLYCOSIDE,FULL,,,
SRR27278130,SRR27278130_10048_6,TETRACYCLINE,tetracycline antibiotic,TETRACYCLINE,FULL,,,
SRR27278130,SRR27278130_26509_1,AMINOGLYCOSIDE,aminoglycoside antibiotic,AMINOGLYCOSIDE,FULL,,,
SRR27278130,SRR27278130_29153_4,TETRACYCLINE,tetracycline antibiotic,TETRACYCLINE,FULL,,,
SRR27278130,SRR27278130_97943_2,QUATERNARY AMMONIUM,disinfecting agents and antiseptics,QUATERNARY AMMONIUM,FULL,,,
SRR27278131,SRR27278131_1946_1,QUATERNARY AMMONIUM,disinfecting agents and antiseptics,QUATERNARY AMMONIUM,FULL,,,
SRR27278131,SRR27278131_8477_1,QUATERNARY AMMONIUM,disinfecting agents and antiseptics,QUATERNARY AMMONIUM,FULL,,,
SRR27278131,SRR27278131_15320_1,TETRACYCLINE,tetracycline antibiotic,TETRACYCLINE,FULL,,,
SRR27278131,SRR27278131_34795_1,AMINOGLYCOSIDE,aminoglycoside antibiotic,AMINOGLYCOSIDE,FULL,,,
SRR27278131,SRR27278131_61531_1,TETRACYCLINE,tetracycline antibiotic,TETRACYCLINE,FULL,,,
SRR27278132,SRR27278132_489146_1,SULFONAMIDE,sulfonamide antibiotic,SULFONAMIDE,FULL,,,
SRR27278133,SRR27278133_24459_1,QUATERNARY AMMONIUM,disinfecting agents and antiseptics,QUATERNARY AMMONIUM,FULL,,,
SRR27278133,SRR27278133_81514_6,TETRACYCLINE,tetracycline antibiotic,TETRACYCLINE,FULL,,,
SRR27278135,SRR27278135_18716_1,QUATERNARY AMMONIUM,disinfecting agents and antiseptics,QUATERNARY AMMONIUM,FULL,,,
SRR27278135,SRR27278135_30138_1,AMINOGLYCOSIDE,aminoglycoside antibiotic,AMINOGLYCOSIDE,FULL,,,
SRR27278135,SRR27278135_30138_2,AMINOGLYCOSIDE,aminoglycoside antibiotic,AMINOGLYCOSIDE,FULL,,,
SRR27278135,SRR27278135_130318_2,AMINOGLYCOSIDE,aminoglycoside antibiotic,AMINOGLYCOSIDE,FULL,,,
SRR27278136,SRR27278136_18537_3,TETRACYCLINE,tetracycline antibiotic,TETRACYCLINE,FULL,,,
SRR27278136,SRR27278136_24755_2,AMINOGLYCOSIDE,aminoglycoside antibiotic,AMINOGLYCOSIDE,FULL,,,
SRR27278136,SRR27278136_55222_2,QUATERNARY AMMONIUM,disinfecting agents and antiseptics,QUATERNARY AMMONIUM,FULL,,,
SRR27278136,SRR27278136_102217_1,TETRACYCLINE,tetracycline antibiotic,TETRACYCLINE,FULL,,,
SRR27278137,SRR27278137_129027_1,TETRACYCLINE,tetracycline antibiotic,TETRACYCLINE,FULL,,,
SRR27278139,SRR27278139_13238_6,TETRACYCLINE,tetracycline antibiotic,TETRACYCLINE,FULL,,,
SRR27278139,SRR27278139_93144_1,SULFONAMIDE,sulfonamide antibiotic,SULFONAMIDE,FULL,,,
SRR27278139,SRR27278139_152935_2,QUATERNARY AMMONIUM,disinfecting agents and antiseptics,QUATERNARY AMMONIUM,FULL,,,
SRR27278140,SRR27278140_99266_3,TETRACYCLINE,tetracycline antibiotic,TETRACYCLINE,FULL,,,
SRR27278140,SRR27278140_184797_1,QUATERNARY AMMONIUM,disinfecting agents and antiseptics,QUATERNARY AMMONIUM,FULL,,,
SRR27278141,SRR27278141_1628_2,QUATERNARY AMMONIUM,disinfecting agents and antiseptics,QUATERNARY AMMONIUM,FULL,,,
SRR27278141,SRR27278141_1788_1,TETRACYCLINE,tetracycline antibiotic,TETRACYCLINE,FULL,,,
SRR27278141,SRR27278141_24295_3,TETRACYCLINE,tetracycline antibiotic,TETRACYCLINE,FULL,,,
SRR27278141,SRR27278141_97923_2,TETRACYCLINE,tetracycline antibiotic,TETRACYCLINE,FULL,,,
SRR27278142,SRR27278142_15065_2,AMINOGLYCOSIDE,aminoglycoside antibiotic,AMINOGLYCOSIDE,FULL,,,
SRR27278142,SRR27278142_49076_1,TETRACYCLINE,tetracycline antibiotic,TETRACYCLINE,FULL,,,
SRR27278142,SRR27278142_62550_1,BETA-LACTAM,penicillin beta-lactam,BETA-LACTAM,FULL,,,
SRR27278142,SRR27278142_116095_3,SULFONAMIDE,sulfonamide antibiotic,SULFONAMIDE,FULL,,,
SRR27278142,SRR27278142_139902_2,QUATERNARY AMMONIUM,disinfecting agents and antiseptics,QUATERNARY AMMONIUM,FULL,,,
SRR27278142,SRR27278142_167927_1,AMINOGLYCOSIDE,aminoglycoside antibiotic,AMINOGLYCOSIDE,FULL,,,
SRR27278142,SRR27278142_167927_2,AMINOGLYCOSIDE,aminoglycoside antibiotic,AMINOGLYCOSIDE,FULL,,,
SRR27278143,SRR27278143_8034_2,TETRACYCLINE,tetracycline antibiotic,TETRACYCLINE,FULL,,,
SRR27278143,SRR27278143_18735_1,QUATERNARY AMMONIUM,disinfecting agents and antiseptics,QUATERNARY AMMONIUM,FULL,,,
SRR27278143,SRR27278143_19453_6,TETRACYCLINE,tetracycline antibiotic,TETRACYCLINE,FULL,,,
SRR27278143,SRR27278143_74767_1,AMINOGLYCOSIDE,aminoglycoside antibiotic,AMINOGLYCOSIDE,FULL,,,
SRR27278144,SRR27278144_18005_4,TETRACYCLINE,tetracycline antibiotic,TETRACYCLINE,FULL,,,
SRR27278144,SRR27278144_127620_1,QUATERNARY AMMONIUM,disinfecting agents and antiseptics,QUATERNARY AMMONIUM,FULL,,,
SRR27278144,SRR27278144_205269_2,SULFONAMIDE,sulfonamide antibiotic,SULFONAMIDE,FULL,,,
SRR27278144,SRR27278144_263863_1,TETRACYCLINE,tetracycline antibiotic,TETRACYCLINE,FULL,,,
SRR27278144,SRR27278144_467327_1,AMINOGLYCOSIDE,aminoglycoside antibiotic,AMINOGLYCOSIDE,FULL,,,
SRR27278144,SRR27278144_892749_2,AMINOGLYCOSIDE,aminoglycoside antibiotic,AMINOGLYCOSIDE,FULL,,,
SRR27278145,SRR27278145_29037_2,QUATERNARY AMMONIUM,disinfecting agents and antiseptics,QUATERNARY AMMONIUM,FULL,,,
SRR27278145,SRR27278145_45729_3,TETRACYCLINE,tetracycline antibiotic,TETRACYCLINE,FULL,,,
SRR27278145,SRR27278145_135011_1,TETRACYCLINE,tetracycline antibiotic,TETRACYCLINE,FULL,,,
SRR27278145,SRR27278145_309566_1,TETRACYCLINE,tetracycline antibiotic,TETRACYCLINE,FULL,,,
SRR27278145,SRR27278145_350228_3,TETRACYCLINE,tetracycline antibiotic,TETRACYCLINE,FULL,,,
SRR27278146,SRR27278146_211180_4,AMINOGLYCOSIDE,aminoglycoside antibiotic,AMINOGLYCOSIDE,FULL,,,
SRR27278146,SRR27278146_399548_1,BETA-LACTAM,penicillin beta-lactam,BETA-LACTAM,FULL,,,
SRR27278146,SRR27278146_455733_1,TETRACYCLINE,tetracycline antibiotic,TETRACYCLINE,FULL,,,
SRR27278146,SRR27278146_554385_3,SULFONAMIDE,sulfonamide antibiotic,SULFONAMIDE,FULL,,,
SRR27278146,SRR27278146_569185_1,AMINOGLYCOSIDE,aminoglycoside antibiotic,AMINOGLYCOSIDE,FULL,,,
SRR27278146,SRR27278146_673802_1,FOSFOMYCIN,phosphonic acid antibiotic,FOSFOMYCIN,FULL,,,
SRR27278146,SRR27278146_742246_1,TETRACYCLINE,tetracycline antibiotic,TETRACYCLINE,FULL,,,
SRR27278146,SRR27278146_813911_1,QUATERNARY AMMONIUM,disinfecting agents and antiseptics,QUATERNARY AMMONIUM,FULL,,,
SRR27278146,SRR27278146_1477117_3,TETRACYCLINE,tetracycline antibiotic,TETRACYCLINE,FULL,,,
SRR27278146,SRR27278146_2218356_1,QUATERNARY AMMONIUM,disinfecting agents and antiseptics,QUATERNARY AMMONIUM,FULL,,,
SRR27278146,SRR27278146_3334278_1,AMINOGLYCOSIDE,aminoglycoside antibiotic,AMINOGLYCOSIDE,FULL,,,
SRR27278146,SRR27278146_3334278_2,AMINOGLYCOSIDE,aminoglycoside antibiotic,AMINOGLYCOSIDE,FULL,,,
SRR27278147,SRR27278147_113697_3,TETRACYCLINE,tetracycline antibiotic,TETRACYCLINE,FULL,,,
SRR27278147,SRR27278147_729595_2,QUATERNARY AMMONIUM,disinfecting agents and antiseptics,QUATERNARY AMMONIUM,FULL,,,
SRR27278147,SRR27278147_881353_2,AMINOGLYCOSIDE,aminoglycoside antibiotic,AMINOGLYCOSIDE,FULL,,,
SRR27278148,SRR27278148_5930_6,AMINOGLYCOSIDE,aminoglycoside antibiotic,AMINOGLYCOSIDE,FULL,,,
SRR27278148,SRR27278148_5930_7,AMINOGLYCOSIDE,aminoglycoside antibiotic,AMINOGLYCOSIDE,FULL,,,
SRR27278148,SRR27278148_17168_2,AMINOGLYCOSIDE,aminoglycoside antibiotic,AMINOGLYCOSIDE,FULL,,,
SRR27278148,SRR27278148_18398_1,TRIMETHOPRIM,diaminopyrimidine antibiotic,TRIMETHOPRIM,FULL,,,
SRR27278148,SRR27278148_22092_1,TETRACYCLINE,tetracycline antibiotic,TETRACYCLINE,FULL,,,
SRR27278148,SRR27278148_45414_1,SULFONAMIDE,sulfonamide antibiotic,SULFONAMIDE,FULL,,,
SRR27278148,SRR27278148_73031_2,QUATERNARY AMMONIUM,disinfecting agents and antiseptics,QUATERNARY AMMONIUM,FULL,,,
SRR27278148,SRR27278148_74093_1,TETRACYCLINE,tetracycline antibiotic,TETRACYCLINE,FULL,,,
SRR27278149,SRR27278149_35893_1,QUATERNARY AMMONIUM,disinfecting agents and antiseptics,QUATERNARY AMMONIUM,FULL,,,
SRR27278149,SRR27278149_76095_1,TETRACYCLINE,tetracycline antibiotic,TETRACYCLINE,FULL,,,
SRR27278150,SRR27278150_1914_1,AMINOGLYCOSIDE,aminoglycoside antibiotic,AMINOGLYCOSIDE,FULL,,,
SRR27278150,SRR27278150_5737_3,AMINOGLYCOSIDE,aminoglycoside antibiotic,AMINOGLYCOSIDE,FULL,,,
SRR27278150,SRR27278150_5737_4,AMINOGLYCOSIDE,aminoglycoside antibiotic,AMINOGLYCOSIDE,FULL,,,
SRR27278150,SRR27278150_28433_2,TETRACYCLINE,tetracycline antibiotic,TETRACYCLINE,FULL,,,
SRR27278150,SRR27278150_48701_1,QUATERNARY AMMONIUM,disinfecting agents and antiseptics,QUATERNARY AMMONIUM,FULL,,,
SRR27278150,SRR27278150_126747_1,SULFONAMIDE,sulfonamide antibiotic,SULFONAMIDE,FULL,,,
SRR27278152,SRR27278152_1224_1,TETRACYCLINE,tetracycline antibiotic,TETRACYCLINE,FULL,,,
SRR27278152,SRR27278152_66377_1,TETRACYCLINE,tetracycline antibiotic,TETRACYCLINE,FULL,,,
SRR27278153,SRR27278153_131755_1,TETRACYCLINE,tetracycline antibiotic,TETRACYCLINE,FULL,,,
SRR27278153,SRR27278153_166030_1,AMINOGLYCOSIDE,aminoglycoside antibiotic,AMINOGLYCOSIDE,FULL,,,
SRR27278153,SRR27278153_296538_1,QUATERNARY AMMONIUM,disinfecting agents and antiseptics,QUATERNARY AMMONIUM,FULL,,,
SRR27278153,SRR27278153_586067_3,SULFONAMIDE,sulfonamide antibiotic,SULFONAMIDE,FULL,,,
SRR27278154,SRR27278154_3007254_2,QUATERNARY AMMONIUM,disinfecting agents and antiseptics,QUATERNARY AMMONIUM,FULL,,,
SRR27278155,SRR27278155_77439_3,SULFONAMIDE,sulfonamide antibiotic,SULFONAMIDE,FULL,,,
SRR27278155,SRR27278155_1202455_1,AMINOGLYCOSIDE,aminoglycoside antibiotic,AMINOGLYCOSIDE,FULL,,,
SRR27278156,SRR27278156_1999_1,QUATERNARY AMMONIUM,disinfecting agents and antiseptics,QUATERNARY AMMONIUM,FULL,,,
SRR27278156,SRR27278156_1999_2,SULFONAMIDE,sulfonamide antibiotic,SULFONAMIDE,FULL,,,
SRR27278156,SRR27278156_8011_2,TETRACYCLINE,tetracycline antibiotic,TETRACYCLINE,FULL,,,
SRR27278156,SRR27278156_34978_1,BETA-LACTAM,cephalosporin; penicillin beta-lactam,BETA-LACTAM,FULL,,,
SRR27278156,SRR27278156_53770_1,TETRACYCLINE,tetracycline antibiotic,TETRACYCLINE,FULL,,,
SRR27278156,SRR27278156_61565_1,SULFONAMIDE,sulfonamide antibiotic,SULFONAMIDE,FULL,,,
SRR27278156,SRR27278156_87826_2,PHENICOL,phenicol antibiotic,PHENICOL,FULL,,,
SRR27278156,SRR27278156_87826_3,AMINOGLYCOSIDE,aminoglycoside antibiotic,AMINOGLYCOSIDE,FULL,,,
SRR27278156,SRR27278156_99836_3,TETRACYCLINE,tetracycline antibiotic,TETRACYCLINE,FULL,,,
SRR27278156,SRR27278156_110431_1,AMINOGLYCOSIDE,aminoglycoside antibiotic,AMINOGLYCOSIDE,FULL,,,
SRR27278156,SRR27278156_110431_2,AMINOGLYCOSIDE,aminoglycoside antibiotic,AMINOGLYCOSIDE,FULL,,,
SRR27278156,SRR27278156_114168_1,AMINOGLYCOSIDE,aminoglycoside antibiotic,AMINOGLYCOSIDE,FULL,,,
SRR27278156,SRR27278156_116400_1,TETRACYCLINE,tetracycline antibiotic,TETRACYCLINE,FULL,,,
SRR27278156,SRR27278156_153280_2,QUATERNARY AMMONIUM,disinfecting agents and antiseptics,QUATERNARY AMMONIUM,FULL,,,
SRR27278156,SRR27278156_268470_1,TRIMETHOPRIM,diaminopyrimidine antibiotic,TRIMETHOPRIM,FULL,,,
SRR27278156,SRR27278156_645109_1,PHENICOL,phenicol antibiotic,PHENICOL,FULL,,,
SRR27278156,SRR27278156_858188_1,TRIMETHOPRIM,diaminopyrimidine antibiotic,TRIMETHOPRIM,FULL,,,
SRR27278158,SRR27278158_5282_1,TETRACYCLINE,tetracycline antibiotic,TETRACYCLINE,FULL,,,
SRR27278158,SRR27278158_102507_1,TETRACYCLINE,tetracycline antibiotic,TETRACYCLINE,FULL,,,
SRR27278159,SRR27278159_5519_3,TETRACYCLINE,tetracycline antibiotic,TETRACYCLINE,FULL,,,
SRR27278159,SRR27278159_10524_3,TETRACYCLINE,tetracycline antibiotic,TETRACYCLINE,FULL,,,
SRR27278159,SRR27278159_52034_2,QUATERNARY AMMONIUM,disinfecting agents and antiseptics,QUATERNARY AMMONIUM,FULL,,,
SRR27278159,SRR27278159_81999_1,AMINOGLYCOSIDE,aminoglycoside antibiotic,AMINOGLYCOSIDE,FULL,,,
SRR27278160,SRR27278160_71141_3,SULFONAMIDE,sulfonamide antibiotic,SULFONAMIDE,FULL,,,
SRR27278160,SRR27278160_128982_4,TETRACYCLINE,tetracycline antibiotic,TETRACYCLINE,FULL,,,
SRR27278160,SRR27278160_245987_2,QUATERNARY AMMONIUM,disinfecting agents and antiseptics,QUATERNARY AMMONIUM,FULL,,,
SRR27278160,SRR27278160_259267_1,QUATERNARY AMMONIUM,disinfecting agents and antiseptics,QUATERNARY AMMONIUM,FULL,,,
SRR27278160,SRR27278160_311022_1,TETRACYCLINE,tetracycline antibiotic,TETRACYCLINE,FULL,,,
SRR27278160,SRR27278160_575062_1,TETRACYCLINE,tetracycline antibiotic,TETRACYCLINE,FULL,,,
SRR27278160,SRR27278160_845418_1,AMINOGLYCOSIDE,aminoglycoside antibiotic,AMINOGLYCOSIDE,FULL,,,
SRR27278160,SRR27278160_845418_2,AMINOGLYCOSIDE,aminoglycoside antibiotic,AMINOGLYCOSIDE,FULL,,,
SRR27278161,SRR27278161_7686_5,AMINOGLYCOSIDE,aminoglycoside antibiotic,AMINOGLYCOSIDE,FULL,,,
SRR27278161,SRR27278161_7686_6,AMINOGLYCOSIDE,aminoglycoside antibiotic,AMINOGLYCOSIDE,FULL,,,
SRR27278161,SRR27278161_89460_1,SULFONAMIDE,sulfonamide antibiotic,SULFONAMIDE,FULL,,,
SRR27278161,SRR27278161_165589_1,QUATERNARY AMMONIUM,disinfecting agents and antiseptics,QUATERNARY AMMONIUM,FULL,,,
SRR27278162,SRR27278162_301974_1,AMINOGLYCOSIDE,aminoglycoside antibiotic,AMINOGLYCOSIDE,FULL,,,
SRR27278162,SRR27278162_301974_2,AMINOGLYCOSIDE,aminoglycoside antibiotic,AMINOGLYCOSIDE,FULL,,,
SRR27278165,SRR27278165_25504_1,TETRACYCLINE,tetracycline antibiotic,TETRACYCLINE,FULL,,,
SRR27278165,SRR27278165_166963_4,TETRACYCLINE,tetracycline antibiotic,TETRACYCLINE,FULL,,,
SRR27278166,SRR27278166_17430_6,TETRACYCLINE,tetracycline antibiotic,TETRACYCLINE,FULL,,,
SRR27278166,SRR27278166_114985_1,TETRACYCLINE,tetracycline antibiotic,TETRACYCLINE,FULL,,,
SRR27278166,SRR27278166_151984_1,QUATERNARY AMMONIUM,disinfecting agents and antiseptics,QUATERNARY AMMONIUM,FULL,,,
SRR27278166,SRR27278166_213613_1,AMINOGLYCOSIDE,aminoglycoside antibiotic,AMINOGLYCOSIDE,FULL,,,
SRR27278166,SRR27278166_213613_2,AMINOGLYCOSIDE,aminoglycoside antibiotic,AMINOGLYCOSIDE,FULL,,,
SRR27278166,SRR27278166_213613_3,SULFONAMIDE,sulfonamide antibiotic,SULFONAMIDE,FULL,,,
SRR27278166,SRR27278166_307042_2,TRIMETHOPRIM,diaminopyrimidine antibiotic,TRIMETHOPRIM,FULL,,,
SRR27278167,SRR27278167_85670_9,TETRACYCLINE,tetracycline antibiotic,TETRACYCLINE,FULL,,,
SRR27278167,SRR27278167_379266_1,TETRACYCLINE,tetracycline antibiotic,TETRACYCLINE,FULL,,,
SRR27278168,SRR27278168_16884_3,TETRACYCLINE,tetracycline antibiotic,TETRACYCLINE,FULL,,,
SRR27278168,SRR27278168_47436_1,QUATERNARY AMMONIUM,disinfecting agents and antiseptics,QUATERNARY AMMONIUM,FULL,,,
SRR27278168,SRR27278168_50740_1,TETRACYCLINE,tetracycline antibiotic,TETRACYCLINE,FULL,,,
SRR27278169,SRR27278169_6638_3,AMINOGLYCOSIDE,aminoglycoside antibiotic,AMINOGLYCOSIDE,FULL,,,
SRR27278169,SRR27278169_7604_2,QUATERNARY AMMONIUM,disinfecting agents and antiseptics,QUATERNARY AMMONIUM,FULL,,,
SRR27278169,SRR27278169_18258_2,STREPTOTHRICIN,nucleoside antibiotic,STREPTOTHRICIN,FULL,,,
SRR27278169,SRR27278169_30766_2,QUATERNARY AMMONIUM,disinfecting agents and antiseptics,QUATERNARY AMMONIUM,FULL,,,
SRR27278169,SRR27278169_39518_1,AMINOGLYCOSIDE,aminoglycoside antibiotic,AMINOGLYCOSIDE,FULL,,,
SRR27278169,SRR27278169_63559_3,TETRACYCLINE,tetracycline antibiotic,TETRACYCLINE,FULL,,,
SRR27278169,SRR27278169_71134_1,QUATERNARY AMMONIUM,disinfecting agents and antiseptics,QUATERNARY AMMONIUM,FULL,,,
SRR27278169,SRR27278169_191818_1,AMINOGLYCOSIDE,aminoglycoside antibiotic,AMINOGLYCOSIDE,FULL,,,
SRR27278169,SRR27278169_191818_2,AMINOGLYCOSIDE,aminoglycoside antibiotic,AMINOGLYCOSIDE,FULL,,,
SRR27278169,SRR27278169_198461_2,SULFONAMIDE,sulfonamide antibiotic,SULFONAMIDE,FULL,,,
SRR27278170,SRR27278170_14314_3,TETRACYCLINE,tetracycline antibiotic,TETRACYCLINE,FULL,,,
SRR27278170,SRR27278170_36016_3,TETRACYCLINE,tetracycline antibiotic,TETRACYCLINE,FULL,,,
SRR27278170,SRR27278170_36016_5,AMINOGLYCOSIDE,aminoglycoside antibiotic,AMINOGLYCOSIDE,FULL,,,
SRR27278170,SRR27278170_36016_6,AMINOGLYCOSIDE,aminoglycoside antibiotic,AMINOGLYCOSIDE,FULL,,,
SRR27278170,SRR27278170_58066_2,QUATERNARY AMMONIUM,disinfecting agents and antiseptics,QUATERNARY AMMONIUM,FULL,,,
SRR27278171,SRR27278171_4321_6,QUATERNARY AMMONIUM,disinfecting agents and antiseptics,QUATERNARY AMMONIUM,FULL,,,
SRR27278171,SRR27278171_5372_3,TETRACYCLINE,tetracycline antibiotic,TETRACYCLINE,FULL,,,
SRR27278171,SRR27278171_12220_2,SULFONAMIDE,sulfonamide antibiotic,SULFONAMIDE,FULL,,,
SRR27278171,SRR27278171_15552_1,QUATERNARY AMMONIUM,disinfecting agents and antiseptics,QUATERNARY AMMONIUM,FULL,,,
SRR27278171,SRR27278171_15701_2,AMINOGLYCOSIDE,aminoglycoside antibiotic,AMINOGLYCOSIDE,FULL,,,
SRR27278171,SRR27278171_23342_1,AMINOGLYCOSIDE,aminoglycoside antibiotic,AMINOGLYCOSIDE,FULL,,,
SRR27278171,SRR27278171_23342_2,STREPTOTHRICIN,nucleoside antibiotic,STREPTOTHRICIN,FULL,,,
SRR27278171,SRR27278171_50864_1,BETA-LACTAM,penicillin beta-lactam,BETA-LACTAM,FULL,,,
SRR27278171,SRR27278171_64092_2,TETRACYCLINE,tetracycline antibiotic,TETRACYCLINE,FULL,,,
SRR27278171,SRR27278171_64116_1,AMINOGLYCOSIDE,aminoglycoside antibiotic,AMINOGLYCOSIDE,FULL,,,
SRR27278171,SRR27278171_64116_2,AMINOGLYCOSIDE,aminoglycoside antibiotic,AMINOGLYCOSIDE,FULL,,,
SRR27278171,SRR27278171_68604_1,TRIMETHOPRIM,diaminopyrimidine antibiotic,TRIMETHOPRIM,FULL,,,
SRR27278171,SRR27278171_78865_2,QUATERNARY AMMONIUM,disinfecting agents and antiseptics,QUATERNARY AMMONIUM,FULL,,,
SRR27278172,SRR27278172_3503_3,TETRACYCLINE,tetracycline antibiotic,TETRACYCLINE,FULL,,,
SRR27278172,SRR27278172_10866_2,MACROLIDE,macrolide antibiotic,MACROLIDE,FULL,,,
SRR27278172,SRR27278172_10866_3,MACROLIDE/STREPTOGRAMIN,macrolide antibiotic; streptogramin antibiotic,MACROLIDE/STREPTOGRAMIN,FULL,,,
SRR27278172,SRR27278172_11361_1,BETA-LACTAM,penicillin beta-lactam,BETA-LACTAM,FULL,,,
SRR27278172,SRR27278172_14587_3,TETRACYCLINE,tetracycline antibiotic,TETRACYCLINE,FULL,,,
SRR27278172,SRR27278172_18063_1,STREPTOTHRICIN,nucleoside antibiotic,STREPTOTHRICIN,FULL,,,
SRR27278172,SRR27278172_18063_2,AMINOGLYCOSIDE,aminoglycoside antibiotic,AMINOGLYCOSIDE,FULL,,,
SRR27278172,SRR27278172_46240_1,LINCOSAMIDE,lincosamide antibiotic,LINCOSAMIDE,FULL,,,
SRR27278172,SRR27278172_139469_2,AMINOGLYCOSIDE,aminoglycoside antibiotic,AMINOGLYCOSIDE,FULL,,,
SRR27278172,SRR27278172_141900_1,AMINOGLYCOSIDE,aminoglycoside antibiotic,AMINOGLYCOSIDE,FULL,,,
SRR27278172,SRR27278172_141900_2,AMINOGLYCOSIDE,aminoglycoside antibiotic,AMINOGLYCOSIDE,FULL,,,
SRR27278172,SRR27278172_184968_1,LINCOSAMIDE/MACROLIDE/STREPTOGRAMIN,macrolide antibiotic; lincosamide antibiotic; streptogramin antibiotic; streptogramin A antibiotic; streptogramin B antibiotic,LINCOSAMIDE/MACROLIDE/STREPTOGRAMIN,FULL,,,
SRR27278172,SRR27278172_273464_3,SULFONAMIDE,sulfonamide antibiotic,SULFONAMIDE,FULL,,,
SRR27278173,SRR27278173_18817_1,AMINOGLYCOSIDE,aminoglycoside antibiotic,AMINOGLYCOSIDE,FULL,,,
SRR27278173,SRR27278173_18817_2,AMINOGLYCOSIDE,aminoglycoside antibiotic,AMINOGLYCOSIDE,FULL,,,
SRR27278173,SRR27278173_23664_2,QUATERNARY AMMONIUM,disinfecting agents and antiseptics,QUATERNARY AMMONIUM,FULL,,,
SRR27278173,SRR27278173_36211_3,TETRACYCLINE,tetracycline antibiotic,TETRACYCLINE,FULL,,,
SRR27278174,SRR27278174_5668_3,TETRACYCLINE,tetracycline antibiotic,TETRACYCLINE,FULL,,,
SRR27278174,SRR27278174_31108_1,TETRACYCLINE,tetracycline antibiotic,TETRACYCLINE,FULL,,,
SRR27278174,SRR27278174_37234_1,AMINOGLYCOSIDE,aminoglycoside antibiotic,AMINOGLYCOSIDE,FULL,,,
SRR27278174,SRR27278174_79811_1,TETRACYCLINE,tetracycline antibiotic,TETRACYCLINE,FULL,,,
SRR27278174,SRR27278174_107946_1,AMINOGLYCOSIDE,aminoglycoside antibiotic,AMINOGLYCOSIDE,FULL,,,
SRR27278174,SRR27278174_107946_2,AMINOGLYCOSIDE,aminoglycoside antibiotic,AMINOGLYCOSIDE,FULL,,,
SRR27278174,SRR27278174_118094_1,QUATERNARY AMMONIUM,disinfecting agents and antiseptics,QUATERNARY AMMONIUM,FULL,,,
SRR27278175,SRR27278175_1311_4,QUATERNARY AMMONIUM,disinfecting agents and antiseptics,QUATERNARY AMMONIUM,FULL,,,
SRR27278175,SRR27278175_4681_3,TETRACYCLINE,tetracycline antibiotic,TETRACYCLINE,FULL,,,
SRR27278175,SRR27278175_5640_1,SULFONAMIDE,sulfonamide antibiotic,SULFONAMIDE,FULL,,,
SRR27278175,SRR27278175_10255_2,STREPTOTHRICIN,nucleoside antibiotic,STREPTOTHRICIN,FULL,,,
SRR27278175,SRR27278175_20059_1,TETRACYCLINE,tetracycline antibiotic,TETRACYCLINE,FULL,,,
SRR27278175,SRR27278175_29298_1,QUATERNARY AMMONIUM,disinfecting agents and antiseptics,QUATERNARY AMMONIUM,FULL,,,
SRR27278175,SRR27278175_173376_1,AMINOGLYCOSIDE,aminoglycoside antibiotic,AMINOGLYCOSIDE,FULL,,,
SRR27278175,SRR27278175_173376_2,AMINOGLYCOSIDE,aminoglycoside antibiotic,AMINOGLYCOSIDE,FULL,,,
SRR27278176,SRR27278176_12492_1,BETA-LACTAM,monobactam; cephalosporin; penicillin beta-lactam,BETA-LACTAM,FULL,,,
SRR27278176,SRR27278176_23417_2,SULFONAMIDE,sulfonamide antibiotic,SULFONAMIDE,FULL,,,
SRR27278176,SRR27278176_25727_1,AMINOGLYCOSIDE,aminoglycoside antibiotic,AMINOGLYCOSIDE,FULL,,,
SRR27278176,SRR27278176_25727_2,AMINOGLYCOSIDE,aminoglycoside antibiotic,AMINOGLYCOSIDE,FULL,,,
SRR27278176,SRR27278176_43791_1,MACROLIDE/STREPTOGRAMIN,macrolide antibiotic; streptogramin antibiotic,MACROLIDE/STREPTOGRAMIN,FULL,,,
SRR27278176,SRR27278176_52327_2,AMINOGLYCOSIDE,aminoglycoside antibiotic,AMINOGLYCOSIDE,FULL,,,
SRR27278176,SRR27278176_58503_3,TETRACYCLINE,tetracycline antibiotic,TETRACYCLINE,FULL,,,
SRR27278176,SRR27278176_74094_1,AMINOGLYCOSIDE,aminoglycoside antibiotic,AMINOGLYCOSIDE,FULL,,,
SRR27278176,SRR27278176_94904_1,STREPTOTHRICIN,nucleoside antibiotic,STREPTOTHRICIN,FULL,,,
SRR27278176,SRR27278176_94904_2,AMINOGLYCOSIDE,aminoglycoside antibiotic,AMINOGLYCOSIDE,FULL,,,
SRR27278176,SRR27278176_114863_1,BETA-LACTAM,penicillin beta-lactam,BETA-LACTAM,FULL,,,
SRR27278176,SRR27278176_130350_3,QUATERNARY AMMONIUM,disinfecting agents and antiseptics,QUATERNARY AMMONIUM,FULL,,,
SRR27278176,SRR27278176_151150_3,AMINOGLYCOSIDE,aminoglycoside antibiotic,AMINOGLYCOSIDE,FULL,,,
SRR27278176,SRR27278176_151150_5,AMINOGLYCOSIDE,aminoglycoside antibiotic,AMINOGLYCOSIDE,FULL,,,
SRR27278176,SRR27278176_181395_2,SULFONAMIDE,sulfonamide antibiotic,SULFONAMIDE,FULL,,,
SRR27278176,SRR27278176_181395_3,QUATERNARY AMMONIUM,disinfecting agents and antiseptics,QUATERNARY AMMONIUM,FULL,,,
SRR27278176,SRR27278176_184407_1,LINCOSAMIDE,lincosamide antibiotic,LINCOSAMIDE,FULL,,,
SRR27278176,SRR27278176_211396_1,AMINOGLYCOSIDE,aminoglycoside antibiotic,AMINOGLYCOSIDE,FULL,,,
SRR27278176,SRR27278176_272474_1,TRIMETHOPRIM,diaminopyrimidine antibiotic,TRIMETHOPRIM,FULL,,,
SRR27278177,SRR27278177_22126_1,QUATERNARY AMMONIUM,disinfecting agents and antiseptics,QUATERNARY AMMONIUM,FULL,,,
SRR27278177,SRR27278177_95974_3,TETRACYCLINE,tetracycline antibiotic,TETRACYCLINE,FULL,,,
SRR27278178,SRR27278178_755_3,TETRACYCLINE,tetracycline antibiotic,TETRACYCLINE,FULL,,,
SRR27278178,SRR27278178_1287_1,AMINOGLYCOSIDE,aminoglycoside antibiotic,AMINOGLYCOSIDE,FULL,,,
SRR27278178,SRR27278178_1287_3,AMINOGLYCOSIDE,aminoglycoside antibiotic,AMINOGLYCOSIDE,FULL,,,
SRR27278178,SRR27278178_7330_9,AMINOGLYCOSIDE,aminoglycoside antibiotic,AMINOGLYCOSIDE,FULL,,,
SRR27278178,SRR27278178_7330_10,STREPTOTHRICIN,nucleoside antibiotic,STREPTOTHRICIN,FULL,,,
SRR27278178,SRR27278178_8768_1,AMINOGLYCOSIDE,aminoglycoside antibiotic,AMINOGLYCOSIDE,FULL,,,
SRR27278178,SRR27278178_12589_1,MACROLIDE,macrolide antibiotic,MACROLIDE,FULL,,,
SRR27278178,SRR27278178_12589_2,MACROLIDE/STREPTOGRAMIN,macrolide antibiotic; streptogramin antibiotic,MACROLIDE/STREPTOGRAMIN,FULL,,,
SRR27278178,SRR27278178_14420_1,TETRACYCLINE,tetracycline antibiotic,TETRACYCLINE,FULL,,,
SRR27278178,SRR27278178_42848_2,TETRACYCLINE,tetracycline antibiotic,TETRACYCLINE,FULL,,,
SRR27278178,SRR27278178_45466_3,TETRACYCLINE,tetracycline antibiotic,TETRACYCLINE,FULL,,,
SRR27278178,SRR27278178_59088_2,QUATERNARY AMMONIUM,disinfecting agents and antiseptics,QUATERNARY AMMONIUM,FULL,,,
SRR27278178,SRR27278178_64382_5,TETRACYCLINE,tetracycline antibiotic,TETRACYCLINE,FULL,,,
SRR27278178,SRR27278178_67609_1,AMINOGLYCOSIDE,aminoglycoside antibiotic,AMINOGLYCOSIDE,FULL,,,
SRR27278178,SRR27278178_67609_2,AMINOGLYCOSIDE,aminoglycoside antibiotic,AMINOGLYCOSIDE,FULL,,,
SRR27278178,SRR27278178_77487_1,SULFONAMIDE,sulfonamide antibiotic,SULFONAMIDE,FULL,,,
SRR27278178,SRR27278178_118658_1,TETRACYCLINE,tetracycline antibiotic,TETRACYCLINE,FULL,,,
SRR27278178,SRR27278178_126706_2,AMINOGLYCOSIDE,aminoglycoside antibiotic,AMINOGLYCOSIDE,FULL,,,
SRR27278178,SRR27278178_171041_2,TRIMETHOPRIM,diaminopyrimidine antibiotic,TRIMETHOPRIM,FULL,,,
SRR27278178,SRR27278178_229490_1,BETA-LACTAM,penicillin beta-lactam,BETA-LACTAM,FULL,,,
SRR27278178,SRR27278178_295226_1,AMINOGLYCOSIDE,aminoglycoside antibiotic,AMINOGLYCOSIDE,FULL,,,
SRR27278178,SRR27278178_583376_2,FOSFOMYCIN,phosphonic acid antibiotic,FOSFOMYCIN,FULL,,,
SRR27278179,SRR27278179_6506_1,AMINOGLYCOSIDE,aminoglycoside antibiotic,AMINOGLYCOSIDE,FULL,,,
SRR27278179,SRR27278179_6506_3,AMINOGLYCOSIDE,aminoglycoside antibiotic,AMINOGLYCOSIDE,FULL,,,
SRR27278179,SRR27278179_7267_1,AMINOGLYCOSIDE,aminoglycoside antibiotic,AMINOGLYCOSIDE,FULL,,,
SRR27278179,SRR27278179_11425_1,STREPTOTHRICIN,nucleoside antibiotic,STREPTOTHRICIN,FULL,,,
SRR27278179,SRR27278179_11425_2,AMINOGLYCOSIDE,aminoglycoside antibiotic,AMINOGLYCOSIDE,FULL,,,
SRR27278179,SRR27278179_17283_2,AMINOGLYCOSIDE,aminoglycoside antibiotic,AMINOGLYCOSIDE,FULL,,,
SRR27278179,SRR27278179_18052_1,MACROLIDE,macrolide antibiotic,MACROLIDE,FULL,,,
SRR27278179,SRR27278179_18052_2,MACROLIDE/STREPTOGRAMIN,macrolide antibiotic; streptogramin antibiotic,MACROLIDE/STREPTOGRAMIN,FULL,,,
SRR27278179,SRR27278179_19126_2,TRIMETHOPRIM,diaminopyrimidine antibiotic,TRIMETHOPRIM,FULL,,,
SRR27278179,SRR27278179_34858_1,TRIMETHOPRIM,diaminopyrimidine antibiotic,TRIMETHOPRIM,FULL,,,
SRR27278179,SRR27278179_57421_2,AMINOGLYCOSIDE,aminoglycoside antibiotic,AMINOGLYCOSIDE,FULL,,,
SRR27278179,SRR27278179_70827_1,AMINOGLYCOSIDE,aminoglycoside antibiotic,AMINOGLYCOSIDE,FULL,,,
SRR27278179,SRR27278179_73115_1,SULFONAMIDE,sulfonamide antibiotic,SULFONAMIDE,FULL,,,
SRR27278179,SRR27278179_75838_3,SULFONAMIDE,sulfonamide antibiotic,SULFONAMIDE,FULL,,,
SRR27278179,SRR27278179_75838_4,QUATERNARY AMMONIUM,disinfecting agents and antiseptics,QUATERNARY AMMONIUM,FULL,,,
SRR27278179,SRR27278179_75838_5,AMINOGLYCOSIDE,aminoglycoside antibiotic,AMINOGLYCOSIDE,FULL,,,
SRR27278179,SRR27278179_103554_1,BETA-LACTAM,penicillin beta-lactam,BETA-LACTAM,FULL,,,
SRR27278179,SRR27278179_129287_3,TETRACYCLINE,tetracycline antibiotic,TETRACYCLINE,FULL,,,
SRR27278179,SRR27278179_142453_1,TETRACYCLINE,tetracycline antibiotic,TETRACYCLINE,FULL,,,
SRR27278179,SRR27278179_146349_1,TETRACYCLINE,tetracycline antibiotic,TETRACYCLINE,FULL,,,
SRR27278179,SRR27278179_157232_1,TETRACYCLINE,tetracycline antibiotic,TETRACYCLINE,FULL,,,
SRR27278180,SRR27278180_4321_3,TETRACYCLINE,tetracycline antibiotic,TETRACYCLINE,FULL,,,
SRR27278180,SRR27278180_4875_7,AMINOGLYCOSIDE,aminoglycoside antibiotic,AMINOGLYCOSIDE,FULL,,,
SRR27278180,SRR27278180_4875_8,STREPTOTHRICIN,nucleoside antibiotic,STREPTOTHRICIN,FULL,,,
SRR27278180,SRR27278180_14817_2,TRIMETHOPRIM,diaminopyrimidine antibiotic,TRIMETHOPRIM,FULL,,,
SRR27278180,SRR27278180_24166_3,TETRACYCLINE,tetracycline antibiotic,TETRACYCLINE,FULL,,,
SRR27278180,SRR27278180_24864_1,MACROLIDE/STREPTOGRAMIN,macrolide antibiotic; streptogramin antibiotic,MACROLIDE/STREPTOGRAMIN,FULL,,,
SRR27278180,SRR27278180_24864_2,MACROLIDE,macrolide antibiotic,MACROLIDE,FULL,,,
SRR27278180,SRR27278180_29090_1,AMINOGLYCOSIDE,aminoglycoside antibiotic,AMINOGLYCOSIDE,FULL,,,
SRR27278180,SRR27278180_29090_2,AMINOGLYCOSIDE,aminoglycoside antibiotic,AMINOGLYCOSIDE,FULL,,,
SRR27278180,SRR27278180_40012_6,QUATERNARY AMMONIUM,disinfecting agents and antiseptics,QUATERNARY AMMONIUM,FULL,,,
SRR27278180,SRR27278180_42048_1,TETRACYCLINE,tetracycline antibiotic,TETRACYCLINE,FULL,,,
SRR27278180,SRR27278180_48531_1,AMINOGLYCOSIDE,aminoglycoside antibiotic,AMINOGLYCOSIDE,FULL,,,
SRR27278180,SRR27278180_52356_1,BETA-LACTAM,penicillin beta-lactam,BETA-LACTAM,FULL,,,
SRR27278180,SRR27278180_71339_1,QUATERNARY AMMONIUM,disinfecting agents and antiseptics,QUATERNARY AMMONIUM,FULL,,,
SRR27278181,SRR27278181_1343_1,AMINOGLYCOSIDE,aminoglycoside antibiotic,AMINOGLYCOSIDE,FULL,,,
SRR27278181,SRR27278181_1343_2,AMINOGLYCOSIDE,aminoglycoside antibiotic,AMINOGLYCOSIDE,FULL,,,
SRR27278181,SRR27278181_4638_1,SULFONAMIDE,sulfonamide antibiotic,SULFONAMIDE,FULL,,,
SRR27278181,SRR27278181_6804_2,STREPTOTHRICIN,nucleoside antibiotic,STREPTOTHRICIN,FULL,,,
SRR27278181,SRR27278181_6804_3,AMINOGLYCOSIDE,aminoglycoside antibiotic,AMINOGLYCOSIDE,FULL,,,
SRR27278181,SRR27278181_15932_1,AMINOGLYCOSIDE,aminoglycoside antibiotic,AMINOGLYCOSIDE,FULL,,,
SRR27278181,SRR27278181_19558_1,BETA-LACTAM,penicillin beta-lactam,BETA-LACTAM,FULL,,,
SRR27278181,SRR27278181_26826_2,TETRACYCLINE,tetracycline antibiotic,TETRACYCLINE,FULL,,,
SRR27278181,SRR27278181_28165_1,AMINOGLYCOSIDE,aminoglycoside antibiotic,AMINOGLYCOSIDE,FULL,,,
SRR27278181,SRR27278181_44278_6,QUATERNARY AMMONIUM,disinfecting agents and antiseptics,QUATERNARY AMMONIUM,FULL,,,
SRR27278182,SRR27278182_16644_3,TETRACYCLINE,tetracycline antibiotic,TETRACYCLINE,FULL,,,
SRR27278182,SRR27278182_36630_1,AMINOGLYCOSIDE,aminoglycoside antibiotic,AMINOGLYCOSIDE,FULL,,,
SRR27278182,SRR27278182_36630_2,AMINOGLYCOSIDE,aminoglycoside antibiotic,AMINOGLYCOSIDE,FULL,,,
SRR27278182,SRR27278182_268162_1,QUATERNARY AMMONIUM,disinfecting agents and antiseptics,QUATERNARY AMMONIUM,FULL,,,
SRR27278183,SRR27278183_3493_2,STREPTOTHRICIN,nucleoside antibiotic,STREPTOTHRICIN,FULL,,,
SRR27278183,SRR27278183_3493_3,AMINOGLYCOSIDE,aminoglycoside antibiotic,AMINOGLYCOSIDE,FULL,,,
SRR27278183,SRR27278183_11623_1,TETRACYCLINE,tetracycline antibiotic,TETRACYCLINE,FULL,,,
SRR27278183,SRR27278183_12454_3,TETRACYCLINE,tetracycline antibiotic,TETRACYCLINE,FULL,,,
SRR27278183,SRR27278183_18163_2,QUATERNARY AMMONIUM,disinfecting agents and antiseptics,QUATERNARY AMMONIUM,FULL,,,
SRR27278183,SRR27278183_90944_1,TETRACYCLINE,tetracycline antibiotic,TETRACYCLINE,FULL,,,
SRR27278183,SRR27278183_133695_1,AMINOGLYCOSIDE,aminoglycoside antibiotic,AMINOGLYCOSIDE,FULL,,,
SRR27278183,SRR27278183_135194_3,TETRACYCLINE,tetracycline antibiotic,TETRACYCLINE,FULL,,,
SRR27278183,SRR27278183_161348_1,QUATERNARY AMMONIUM,disinfecting agents and antiseptics,QUATERNARY AMMONIUM,FULL,,,
SRR27278183,SRR27278183_388114_2,AMINOGLYCOSIDE,aminoglycoside antibiotic,AMINOGLYCOSIDE,FULL,,,
SRR27278183,SRR27278183_452456_1,TETRACYCLINE,tetracycline antibiotic,TETRACYCLINE,FULL,,,
SRR27278184,SRR27278184_1614_2,AMINOGLYCOSIDE,aminoglycoside antibiotic,AMINOGLYCOSIDE,FULL,,,
SRR27278184,SRR27278184_1767_2,QUATERNARY AMMONIUM,disinfecting agents and antiseptics,QUATERNARY AMMONIUM,FULL,,,
SRR27278184,SRR27278184_1767_3,TETRACYCLINE,tetracycline antibiotic,TETRACYCLINE,FULL,,,
SRR27278184,SRR27278184_23571_3,SULFONAMIDE,sulfonamide antibiotic,SULFONAMIDE,FULL,,,
SRR27278184,SRR27278184_25866_3,TETRACYCLINE,tetracycline antibiotic,TETRACYCLINE,FULL,,,
SRR27278184,SRR27278184_26263_1,AMINOGLYCOSIDE,aminoglycoside antibiotic,AMINOGLYCOSIDE,FULL,,,
SRR27278184,SRR27278184_26263_2,AMINOGLYCOSIDE,aminoglycoside antibiotic,AMINOGLYCOSIDE,FULL,,,
SRR27278184,SRR27278184_36613_2,QUATERNARY AMMONIUM,disinfecting agents and antiseptics,QUATERNARY AMMONIUM,FULL,,,
SRR27278184,SRR27278184_214845_1,STREPTOTHRICIN,nucleoside antibiotic,STREPTOTHRICIN,FULL,,,
SRR27278185,SRR27278185_23_3,AMINOGLYCOSIDE,aminoglycoside antibiotic,AMINOGLYCOSIDE,FULL,,,
SRR27278185,SRR27278185_23_4,AMINOGLYCOSIDE,aminoglycoside antibiotic,AMINOGLYCOSIDE,FULL,,,
SRR27278185,SRR27278185_7896_4,TETRACYCLINE,tetracycline antibiotic,TETRACYCLINE,FULL,,,
SRR27278185,SRR27278185_20052_2,TETRACYCLINE,tetracycline antibiotic,TETRACYCLINE,FULL,,,
SRR27278185,SRR27278185_28885_1,QUATERNARY AMMONIUM,disinfecting agents and antiseptics,QUATERNARY AMMONIUM,FULL,,,
SRR27278185,SRR27278185_49135_3,SULFONAMIDE,sulfonamide antibiotic,SULFONAMIDE,FULL,,,
SRR27278185,SRR27278185_147105_2,AMINOGLYCOSIDE,aminoglycoside antibiotic,AMINOGLYCOSIDE,FULL,,,
SRR27278186,SRR27278186_16277_2,AMINOGLYCOSIDE,aminoglycoside antibiotic,AMINOGLYCOSIDE,FULL,,,
SRR27278186,SRR27278186_142062_1,QUATERNARY AMMONIUM,disinfecting agents and antiseptics,QUATERNARY AMMONIUM,FULL,,,
SRR27278186,SRR27278186_196484_1,AMINOGLYCOSIDE,aminoglycoside antibiotic,AMINOGLYCOSIDE,FULL,,,
SRR27278186,SRR27278186_196484_2,AMINOGLYCOSIDE,aminoglycoside antibiotic,AMINOGLYCOSIDE,FULL,,,
SRR27278186,SRR27278186_321107_2,QUATERNARY AMMONIUM,disinfecting agents and antiseptics,QUATERNARY AMMONIUM,FULL,,,
SRR27278186,SRR27278186_328017_1,SULFONAMIDE,sulfonamide antibiotic,SULFONAMIDE,FULL,,,
SRR27278187,SRR27278187_18803_5,STREPTOTHRICIN,nucleoside antibiotic,STREPTOTHRICIN,FULL,,,
SRR27278187,SRR27278187_18803_6,AMINOGLYCOSIDE,aminoglycoside antibiotic,AMINOGLYCOSIDE,FULL,,,
SRR27278187,SRR27278187_32953_2,AMINOGLYCOSIDE,aminoglycoside antibiotic,AMINOGLYCOSIDE,FULL,,,
SRR27278187,SRR27278187_40923_1,AMINOGLYCOSIDE,aminoglycoside antibiotic,AMINOGLYCOSIDE,FULL,,,
SRR27278187,SRR27278187_40923_2,AMINOGLYCOSIDE,aminoglycoside antibiotic,AMINOGLYCOSIDE,FULL,,,
SRR27278189,SRR27278189_517_3,TETRACYCLINE,tetracycline antibiotic,TETRACYCLINE,FULL,,,
SRR27278189,SRR27278189_663_9,AMINOGLYCOSIDE,aminoglycoside antibiotic,AMINOGLYCOSIDE,FULL,,,
SRR27278189,SRR27278189_663_10,STREPTOTHRICIN,nucleoside antibiotic,STREPTOTHRICIN,FULL,,,
SRR27278189,SRR27278189_3328_3,TETRACYCLINE,tetracycline antibiotic,TETRACYCLINE,FULL,,,
SRR27278189,SRR27278189_9023_1,AMINOGLYCOSIDE,aminoglycoside antibiotic,AMINOGLYCOSIDE,FULL,,,
SRR27278189,SRR27278189_9023_2,AMINOGLYCOSIDE,aminoglycoside antibiotic,AMINOGLYCOSIDE,FULL,,,
SRR27278189,SRR27278189_9804_1,AMINOGLYCOSIDE,aminoglycoside antibiotic,AMINOGLYCOSIDE,FULL,,,
SRR27278189,SRR27278189_9804_3,AMINOGLYCOSIDE,aminoglycoside antibiotic,AMINOGLYCOSIDE,FULL,,,
SRR27278189,SRR27278189_13486_2,AMINOGLYCOSIDE,aminoglycoside antibiotic,AMINOGLYCOSIDE,FULL,,,
SRR27278189,SRR27278189_59777_1,SULFONAMIDE,sulfonamide antibiotic,SULFONAMIDE,FULL,,,
SRR27278190,SRR27278190_3172_4,QUATERNARY AMMONIUM,disinfecting agents and antiseptics,QUATERNARY AMMONIUM,FULL,,,
SRR27278190,SRR27278190_10500_1,STREPTOTHRICIN,nucleoside antibiotic,STREPTOTHRICIN,FULL,,,
SRR27278190,SRR27278190_10500_2,AMINOGLYCOSIDE,aminoglycoside antibiotic,AMINOGLYCOSIDE,FULL,,,
SRR27278190,SRR27278190_23059_2,QUATERNARY AMMONIUM,disinfecting agents and antiseptics,QUATERNARY AMMONIUM,FULL,,,
SRR27278190,SRR27278190_37760_1,BETA-LACTAM,penicillin beta-lactam,BETA-LACTAM,FULL,,,
SRR27278190,SRR27278190_110730_3,TETRACYCLINE,tetracycline antibiotic,TETRACYCLINE,FULL,,,
SRR27278190,SRR27278190_142946_3,TETRACYCLINE,tetracycline antibiotic,TETRACYCLINE,FULL,,,
SRR27278190,SRR27278190_160216_2,TRIMETHOPRIM,diaminopyrimidine antibiotic,TRIMETHOPRIM,FULL,,,
SRR27278190,SRR27278190_319341_1,AMINOGLYCOSIDE,aminoglycoside antibiotic,AMINOGLYCOSIDE,FULL,,,
SRR27278190,SRR27278190_319341_2,AMINOGLYCOSIDE,aminoglycoside antibiotic,AMINOGLYCOSIDE,FULL,,,
SRR27278191,SRR27278191_8042_9,AMINOGLYCOSIDE,aminoglycoside antibiotic,AMINOGLYCOSIDE,FULL,,,
SRR27278191,SRR27278191_8042_10,STREPTOTHRICIN,nucleoside antibiotic,STREPTOTHRICIN,FULL,,,
SRR27278191,SRR27278191_19836_1,AMINOGLYCOSIDE,aminoglycoside antibiotic,AMINOGLYCOSIDE,FULL,,,
SRR27278191,SRR27278191_19836_2,AMINOGLYCOSIDE,aminoglycoside antibiotic,AMINOGLYCOSIDE,FULL,,,
SRR27278191,SRR27278191_36880_1,TETRACYCLINE,tetracycline antibiotic,TETRACYCLINE,FULL,,,
SRR27278191,SRR27278191_40415_1,QUATERNARY AMMONIUM,disinfecting agents and antiseptics,QUATERNARY AMMONIUM,FULL,,,
SRR27278191,SRR27278191_84888_2,QUATERNARY AMMONIUM,disinfecting agents and antiseptics,QUATERNARY AMMONIUM,FULL,,,
SRR27278191,SRR27278191_87037_2,AMINOGLYCOSIDE,aminoglycoside antibiotic,AMINOGLYCOSIDE,FULL,,,
SRR27278192,SRR27278192_12495_2,AMINOGLYCOSIDE,aminoglycoside antibiotic,AMINOGLYCOSIDE,FULL,,,
SRR27278192,SRR27278192_15191_2,FOSFOMYCIN,phosphonic acid antibiotic,FOSFOMYCIN,FULL,,,
SRR27278192,SRR27278192_19644_1,QUATERNARY AMMONIUM,disinfecting agents and antiseptics,QUATERNARY AMMONIUM,FULL,,,
SRR27278192,SRR27278192_19944_2,STREPTOTHRICIN,nucleoside antibiotic,STREPTOTHRICIN,FULL,,,
SRR27278192,SRR27278192_19944_3,AMINOGLYCOSIDE,aminoglycoside antibiotic,AMINOGLYCOSIDE,FULL,,,
SRR27278192,SRR27278192_25434_3,TETRACYCLINE,tetracycline antibiotic,TETRACYCLINE,FULL,,,
SRR27278192,SRR27278192_26715_1,AMINOGLYCOSIDE,aminoglycoside antibiotic,AMINOGLYCOSIDE,FULL,,,
SRR27278192,SRR27278192_26715_2,AMINOGLYCOSIDE,aminoglycoside antibiotic,AMINOGLYCOSIDE,FULL,,,
SRR27278192,SRR27278192_42938_1,BETA-LACTAM,penicillin beta-lactam,BETA-LACTAM,FULL,,,
SRR27278192,SRR27278192_49203_1,AMINOGLYCOSIDE,aminoglycoside antibiotic,AMINOGLYCOSIDE,FULL,,,
SRR27278192,SRR27278192_53629_1,LINCOSAMIDE,lincosamide antibiotic,LINCOSAMIDE,FULL,,,
SRR27278192,SRR27278192_58270_1,QUATERNARY AMMONIUM,disinfecting agents and antiseptics,QUATERNARY AMMONIUM,FULL,,,
SRR27278192,SRR27278192_90889_1,SULFONAMIDE,sulfonamide antibiotic,SULFONAMIDE,FULL,,,
SRR27278192,SRR27278192_102505_2,QUATERNARY AMMONIUM,disinfecting agents and antiseptics,QUATERNARY AMMONIUM,FULL,,,
SRR27278192,SRR27278192_197376_1,QUATERNARY AMMONIUM,disinfecting agents and antiseptics,QUATERNARY AMMONIUM,FULL,,,
SRR27278193,SRR27278193_22200_3,TETRACYCLINE,tetracycline antibiotic,TETRACYCLINE,FULL,,,
SRR27278193,SRR27278193_74754_4,QUATERNARY AMMONIUM,disinfecting agents and antiseptics,QUATERNARY AMMONIUM,FULL,,,
SRR27278194,SRR27278194_107729_1,QUATERNARY AMMONIUM,disinfecting agents and antiseptics,QUATERNARY AMMONIUM,FULL,,,
SRR27278195,SRR27278195_701_2,SULFONAMIDE,sulfonamide antibiotic,SULFONAMIDE,FULL,,,
SRR27278195,SRR27278195_906_2,STREPTOTHRICIN,nucleoside antibiotic,STREPTOTHRICIN,FULL,,,
SRR27278195,SRR27278195_906_3,AMINOGLYCOSIDE,aminoglycoside antibiotic,AMINOGLYCOSIDE,FULL,,,
SRR27278195,SRR27278195_6278_2,TETRACYCLINE,tetracycline antibiotic,TETRACYCLINE,FULL,,,
SRR27278195,SRR27278195_16744_1,TETRACYCLINE,tetracycline antibiotic,TETRACYCLINE,FULL,,,
SRR27278195,SRR27278195_16744_2,QUATERNARY AMMONIUM,disinfecting agents and antiseptics,QUATERNARY AMMONIUM,FULL,,,
SRR27278195,SRR27278195_20624_1,AMINOGLYCOSIDE,aminoglycoside antibiotic,AMINOGLYCOSIDE,FULL,,,
SRR27278195,SRR27278195_20624_2,AMINOGLYCOSIDE,aminoglycoside antibiotic,AMINOGLYCOSIDE,FULL,,,
SRR27278196,SRR27278196_4241_1,AMINOGLYCOSIDE,aminoglycoside antibiotic,AMINOGLYCOSIDE,FULL,,,
SRR27278196,SRR27278196_8256_4,TETRACYCLINE,tetracycline antibiotic,TETRACYCLINE,FULL,,,
SRR27278196,SRR27278196_8256_5,QUATERNARY AMMONIUM,disinfecting agents and antiseptics,QUATERNARY AMMONIUM,FULL,,,
SRR27278196,SRR27278196_33472_1,TETRACYCLINE,tetracycline antibiotic,TETRACYCLINE,FULL,,,
SRR27278196,SRR27278196_40665_3,TETRACYCLINE,tetracycline antibiotic,TETRACYCLINE,FULL,,,
SRR27278196,SRR27278196_76752_1,QUATERNARY AMMONIUM,disinfecting agents and antiseptics,QUATERNARY AMMONIUM,FULL,,,
SRR27278196,SRR27278196_91720_1,SULFONAMIDE,sulfonamide antibiotic,SULFONAMIDE,FULL,,,
SRR27278196,SRR27278196_100571_1,AMINOGLYCOSIDE,aminoglycoside antibiotic,AMINOGLYCOSIDE,FULL,,,
SRR27278196,SRR27278196_100571_2,AMINOGLYCOSIDE,aminoglycoside antibiotic,AMINOGLYCOSIDE,FULL,,,
SRR27278197,SRR27278197_224466_1,SULFONAMIDE,sulfonamide antibiotic,SULFONAMIDE,FULL,,,
SRR27278197,SRR27278197_375231_1,TETRACYCLINE,tetracycline antibiotic,TETRACYCLINE,FULL,,,
SRR27278197,SRR27278197_2294443_1,AMINOGLYCOSIDE,aminoglycoside antibiotic,AMINOGLYCOSIDE,FULL,,,
SRR27278198,SRR27278198_401_1,BETA-LACTAM,penicillin beta-lactam,BETA-LACTAM,FULL,,,
SRR27278198,SRR27278198_10016_3,QUATERNARY AMMONIUM,disinfecting agents and antiseptics,QUATERNARY AMMONIUM,FULL,,,
SRR27278198,SRR27278198_12346_1,AMINOGLYCOSIDE,aminoglycoside antibiotic,AMINOGLYCOSIDE,FULL,,,
SRR27278198,SRR27278198_22545_1,TRIMETHOPRIM,diaminopyrimidine antibiotic,TRIMETHOPRIM,FULL,,,
SRR27278198,SRR27278198_28726_1,TETRACYCLINE,tetracycline antibiotic,TETRACYCLINE,FULL,,,
SRR27278198,SRR27278198_59923_1,QUATERNARY AMMONIUM,disinfecting agents and antiseptics,QUATERNARY AMMONIUM,FULL,,,
SRR27278198,SRR27278198_67127_2,AMINOGLYCOSIDE,aminoglycoside antibiotic,AMINOGLYCOSIDE,FULL,,,
SRR27278198,SRR27278198_68129_2,SULFONAMIDE,sulfonamide antibiotic,SULFONAMIDE,FULL,,,
SRR27278198,SRR27278198_71422_1,STREPTOTHRICIN,nucleoside antibiotic,STREPTOTHRICIN,FULL,,,
SRR27278198,SRR27278198_71422_2,AMINOGLYCOSIDE,aminoglycoside antibiotic,AMINOGLYCOSIDE,FULL,,,
SRR27278198,SRR27278198_73152_1,AMINOGLYCOSIDE,aminoglycoside antibiotic,AMINOGLYCOSIDE,FULL,,,
SRR27278198,SRR27278198_73152_3,AMINOGLYCOSIDE,aminoglycoside antibiotic,AMINOGLYCOSIDE,FULL,,,
SRR27278198,SRR27278198_96716_2,TRIMETHOPRIM,diaminopyrimidine antibiotic,TRIMETHOPRIM,FULL,,,
SRR27278198,SRR27278198_117334_1,AMINOGLYCOSIDE,aminoglycoside antibiotic,AMINOGLYCOSIDE,FULL,,,
SRR27278198,SRR27278198_117334_2,AMINOGLYCOSIDE,aminoglycoside antibiotic,AMINOGLYCOSIDE,FULL,,,
SRR27278198,SRR27278198_130235_1,AMINOGLYCOSIDE,aminoglycoside antibiotic,AMINOGLYCOSIDE,FULL,,,
SRR27278198,SRR27278198_143151_2,MACROLIDE,macrolide antibiotic,MACROLIDE,FULL,,,
SRR27278198,SRR27278198_193981_3,TETRACYCLINE,tetracycline antibiotic,TETRACYCLINE,FULL,,,
SRR27278199,SRR27278199_1767_2,AMINOGLYCOSIDE,aminoglycoside antibiotic,AMINOGLYCOSIDE,FULL,,,
SRR27278199,SRR27278199_7187_2,TRIMETHOPRIM,diaminopyrimidine antibiotic,TRIMETHOPRIM,FULL,,,
SRR27278199,SRR27278199_11100_1,STREPTOTHRICIN,nucleoside antibiotic,STREPTOTHRICIN,FULL,,,
SRR27278199,SRR27278199_11100_2,AMINOGLYCOSIDE,aminoglycoside antibiotic,AMINOGLYCOSIDE,FULL,,,
SRR27278199,SRR27278199_11614_1,TRIMETHOPRIM,diaminopyrimidine antibiotic,TRIMETHOPRIM,FULL,,,
SRR27278199,SRR27278199_13800_1,AMINOGLYCOSIDE,aminoglycoside antibiotic,AMINOGLYCOSIDE,FULL,,,
SRR27278199,SRR27278199_14209_3,TETRACYCLINE,tetracycline antibiotic,TETRACYCLINE,FULL,,,
SRR27278199,SRR27278199_17237_2,SULFONAMIDE,sulfonamide antibiotic,SULFONAMIDE,FULL,,,
SRR27278199,SRR27278199_17237_3,QUATERNARY AMMONIUM,disinfecting agents and antiseptics,QUATERNARY AMMONIUM,FULL,,,
SRR27278199,SRR27278199_17237_4,AMINOGLYCOSIDE,aminoglycoside antibiotic,AMINOGLYCOSIDE,FULL,,,
SRR27278199,SRR27278199_24346_3,TETRACYCLINE,tetracycline antibiotic,TETRACYCLINE,FULL,,,
SRR27278199,SRR27278199_42298_1,PHENICOL,phenicol antibiotic,PHENICOL,FULL,,,
SRR27278199,SRR27278199_42710_1,MACROLIDE,macrolide antibiotic,MACROLIDE,FULL,,,
SRR27278199,SRR27278199_42710_2,MACROLIDE/STREPTOGRAMIN,macrolide antibiotic; streptogramin antibiotic,MACROLIDE/STREPTOGRAMIN,FULL,,,
SRR27278199,SRR27278199_57315_1,AMINOGLYCOSIDE,aminoglycoside antibiotic,AMINOGLYCOSIDE,FULL,,,
SRR27278199,SRR27278199_57315_2,AMINOGLYCOSIDE,aminoglycoside antibiotic,AMINOGLYCOSIDE,FULL,,,
SRR27278199,SRR27278199_68491_1,AMINOGLYCOSIDE,aminoglycoside antibiotic,AMINOGLYCOSIDE,FULL,,,
SRR27278199,SRR27278199_68491_3,AMINOGLYCOSIDE,aminoglycoside antibiotic,AMINOGLYCOSIDE,FULL,,,
SRR27278199,SRR27278199_84962_1,TETRACYCLINE,tetracycline antibiotic,TETRACYCLINE,FULL,,,
SRR27278199,SRR27278199_142996_1,AMINOGLYCOSIDE,aminoglycoside antibiotic,AMINOGLYCOSIDE,FULL,,,
SRR27278199,SRR27278199_153254_1,TETRACYCLINE,tetracycline antibiotic,TETRACYCLINE,FULL,,,
SRR27278199,SRR27278199_256533_1,BETA-LACTAM,penicillin beta-lactam,BETA-LACTAM,FULL,,,
SRR27278200,SRR27278200_7608_2,AMINOGLYCOSIDE,aminoglycoside antibiotic,AMINOGLYCOSIDE,FULL,,,
SRR27278200,SRR27278200_7608_3,STREPTOTHRICIN,nucleoside antibiotic,STREPTOTHRICIN,FULL,,,
SRR27278200,SRR27278200_44586_1,AMINOGLYCOSIDE,aminoglycoside antibiotic,AMINOGLYCOSIDE,FULL,,,
SRR27278200,SRR27278200_44586_2,AMINOGLYCOSIDE,aminoglycoside antibiotic,AMINOGLYCOSIDE,FULL,,,
SRR27278201,SRR27278201_22966_1,AMINOGLYCOSIDE,aminoglycoside antibiotic,AMINOGLYCOSIDE,FULL,,,
SRR27278201,SRR27278201_22966_2,AMINOGLYCOSIDE,aminoglycoside antibiotic,AMINOGLYCOSIDE,FULL,,,
SRR27278201,SRR27278201_29183_1,QUATERNARY AMMONIUM,disinfecting agents and antiseptics,QUATERNARY AMMONIUM,FULL,,,
SRR27278201,SRR27278201_52181_1,TETRACYCLINE,tetracycline antibiotic,TETRACYCLINE,FULL,,,
SRR27278202,SRR27278202_3705_8,AMINOGLYCOSIDE,aminoglycoside antibiotic,AMINOGLYCOSIDE,FULL,,,
SRR27278202,SRR27278202_3705_9,STREPTOTHRICIN,nucleoside antibiotic,STREPTOTHRICIN,FULL,,,
SRR27278202,SRR27278202_5942_2,QUATERNARY AMMONIUM,disinfecting agents and antiseptics,QUATERNARY AMMONIUM,FULL,,,
SRR27278202,SRR27278202_18837_2,AMINOGLYCOSIDE,aminoglycoside antibiotic,AMINOGLYCOSIDE,FULL,,,
SRR27278202,SRR27278202_23406_3,TETRACYCLINE,tetracycline antibiotic,TETRACYCLINE,FULL,,,
SRR27278202,SRR27278202_30810_1,LINCOSAMIDE/MACROLIDE/STREPTOGRAMIN,macrolide antibiotic; lincosamide antibiotic; streptogramin antibiotic; streptogramin A antibiotic; streptogramin B antibiotic,LINCOSAMIDE/MACROLIDE/STREPTOGRAMIN,FULL,,,
SRR27278202,SRR27278202_35116_2,TETRACYCLINE,tetracycline antibiotic,TETRACYCLINE,FULL,,,
SRR27278202,SRR27278202_41003_2,QUATERNARY AMMONIUM,disinfecting agents and antiseptics,QUATERNARY AMMONIUM,FULL,,,
SRR27278202,SRR27278202_42260_1,BETA-LACTAM,penicillin beta-lactam,BETA-LACTAM,FULL,,,
SRR27278202,SRR27278202_88586_1,AMINOGLYCOSIDE,aminoglycoside antibiotic,AMINOGLYCOSIDE,FULL,,,
SRR27278202,SRR27278202_88586_2,AMINOGLYCOSIDE,aminoglycoside antibiotic,AMINOGLYCOSIDE,FULL,,,
SRR27278202,SRR27278202_127635_3,TETRACYCLINE,tetracycline antibiotic,TETRACYCLINE,FULL,,,
SRR27278202,SRR27278202_218847_1,TETRACYCLINE,tetracycline antibiotic,TETRACYCLINE,FULL,,,
SRR27278203,SRR27278203_1963_1,AMINOGLYCOSIDE,aminoglycoside antibiotic,AMINOGLYCOSIDE,FULL,,,
SRR27278203,SRR27278203_11370_1,AMINOGLYCOSIDE,aminoglycoside antibiotic,AMINOGLYCOSIDE,FULL,,,
SRR27278203,SRR27278203_11370_2,AMINOGLYCOSIDE,aminoglycoside antibiotic,AMINOGLYCOSIDE,FULL,,,
SRR27278203,SRR27278203_20139_2,SULFONAMIDE,sulfonamide antibiotic,SULFONAMIDE,FULL,,,
SRR27278203,SRR27278203_20557_2,STREPTOTHRICIN,nucleoside antibiotic,STREPTOTHRICIN,FULL,,,
SRR27278203,SRR27278203_23312_2,SULFONAMIDE,sulfonamide antibiotic,SULFONAMIDE,FULL,,,
SRR27278203,SRR27278203_23312_3,QUATERNARY AMMONIUM,disinfecting agents and antiseptics,QUATERNARY AMMONIUM,FULL,,,
SRR27278203,SRR27278203_24478_1,AMINOGLYCOSIDE,aminoglycoside antibiotic,AMINOGLYCOSIDE,FULL,,,
SRR27278203,SRR27278203_24478_3,AMINOGLYCOSIDE,aminoglycoside antibiotic,AMINOGLYCOSIDE,FULL,,,
SRR27278203,SRR27278203_33850_2,MACROLIDE,macrolide antibiotic,MACROLIDE,FULL,,,
SRR27278203,SRR27278203_33850_3,MACROLIDE/STREPTOGRAMIN,macrolide antibiotic; streptogramin antibiotic,MACROLIDE/STREPTOGRAMIN,FULL,,,
SRR27278203,SRR27278203_41951_2,TRIMETHOPRIM,diaminopyrimidine antibiotic,TRIMETHOPRIM,FULL,,,
SRR27278203,SRR27278203_44186_3,AMINOGLYCOSIDE,aminoglycoside antibiotic,AMINOGLYCOSIDE,FULL,,,
SRR27278203,SRR27278203_54862_2,PHENICOL,phenicol antibiotic,PHENICOL,FULL,,,
SRR27278203,SRR27278203_71808_1,BETA-LACTAM,penicillin beta-lactam,BETA-LACTAM,FULL,,,
SRR27278203,SRR27278203_77266_1,TRIMETHOPRIM,diaminopyrimidine antibiotic,TRIMETHOPRIM,FULL,,,
SRR27278203,SRR27278203_91682_1,LINCOSAMIDE,lincosamide antibiotic,LINCOSAMIDE,FULL,,,
SRR27278203,SRR27278203_116745_2,LINCOSAMIDE/MACROLIDE/STREPTOGRAMIN,macrolide antibiotic; lincosamide antibiotic; streptogramin antibiotic; streptogramin A antibiotic; streptogramin B antibiotic,LINCOSAMIDE/MACROLIDE/STREPTOGRAMIN,FULL,,,
SRR27278203,SRR27278203_131919_1,TETRACYCLINE,tetracycline antibiotic,TETRACYCLINE,FULL,,,
SRR27278203,SRR27278203_138421_1,PHENICOL,phenicol antibiotic,PHENICOL,FULL,,,
SRR27278203,SRR27278203_138977_1,LINCOSAMIDE,lincosamide antibiotic,LINCOSAMIDE,FULL,,,
SRR27278203,SRR27278203_154400_1,LINCOSAMIDE,lincosamide antibiotic,LINCOSAMIDE,FULL,,,
SRR27278203,SRR27278203_233862_1,AMINOGLYCOSIDE,aminoglycoside antibiotic,AMINOGLYCOSIDE,FULL,,,
SRR27278204,SRR27278204_4797_3,TETRACYCLINE,tetracycline antibiotic,TETRACYCLINE,FULL,,,
SRR27278204,SRR27278204_7050_2,COLISTIN,peptide antibiotic,COLISTIN,FULL,,,
SRR27278204,SRR27278204_26434_1,TETRACYCLINE,tetracycline antibiotic,TETRACYCLINE,FULL,,,
SRR27278204,SRR27278204_52061_1,TETRACYCLINE,tetracycline antibiotic,TETRACYCLINE,FULL,,,
SRR27278204,SRR27278204_56913_3,SULFONAMIDE,sulfonamide antibiotic,SULFONAMIDE,FULL,,,
SRR27278204,SRR27278204_56913_4,QUATERNARY AMMONIUM,disinfecting agents and antiseptics,QUATERNARY AMMONIUM,FULL,,,
SRR27278204,SRR27278204_70519_1,AMINOGLYCOSIDE,aminoglycoside antibiotic,AMINOGLYCOSIDE,FULL,,,
SRR27278204,SRR27278204_70519_2,AMINOGLYCOSIDE,aminoglycoside antibiotic,AMINOGLYCOSIDE,FULL,,,
SRR27278204,SRR27278204_73135_3,TETRACYCLINE,tetracycline antibiotic,TETRACYCLINE,FULL,,,
SRR27278204,SRR27278204_89617_2,AMINOGLYCOSIDE,aminoglycoside antibiotic,AMINOGLYCOSIDE,FULL,,,
SRR27278204,SRR27278204_708843_1,PHENICOL,phenicol antibiotic,PHENICOL,FULL,,,
SRR27278205,SRR27278205_3855_2,QUATERNARY AMMONIUM,disinfecting agents and antiseptics,QUATERNARY AMMONIUM,FULL,,,
SRR27278205,SRR27278205_10898_9,AMINOGLYCOSIDE,aminoglycoside antibiotic,AMINOGLYCOSIDE,FULL,,,
SRR27278205,SRR27278205_10898_10,STREPTOTHRICIN,nucleoside antibiotic,STREPTOTHRICIN,FULL,,,
SRR27278205,SRR27278205_24701_1,TRIMETHOPRIM,diaminopyrimidine antibiotic,TRIMETHOPRIM,FULL,,,
SRR27278205,SRR27278205_29485_1,AMINOGLYCOSIDE,aminoglycoside antibiotic,AMINOGLYCOSIDE,FULL,,,
SRR27278205,SRR27278205_29485_2,AMINOGLYCOSIDE,aminoglycoside antibiotic,AMINOGLYCOSIDE,FULL,,,
SRR27278205,SRR27278205_33567_1,BETA-LACTAM,penicillin beta-lactam,BETA-LACTAM,FULL,,,
SRR27278205,SRR27278205_46361_1,AMINOGLYCOSIDE,aminoglycoside antibiotic,AMINOGLYCOSIDE,FULL,,,
SRR27278205,SRR27278205_55318_3,TETRACYCLINE,tetracycline antibiotic,TETRACYCLINE,FULL,,,
SRR27278205,SRR27278205_59333_3,TETRACYCLINE,tetracycline antibiotic,TETRACYCLINE,FULL,,,
SRR27278205,SRR27278205_68054_1,AMINOGLYCOSIDE,aminoglycoside antibiotic,AMINOGLYCOSIDE,FULL,,,
SRR27278205,SRR27278205_68054_3,AMINOGLYCOSIDE,aminoglycoside antibiotic,AMINOGLYCOSIDE,FULL,,,
SRR27278205,SRR27278205_72063_1,AMINOGLYCOSIDE,aminoglycoside antibiotic,AMINOGLYCOSIDE,FULL,,,
SRR27278205,SRR27278205_160392_2,TRIMETHOPRIM,diaminopyrimidine antibiotic,TRIMETHOPRIM,FULL,,,
SRR27278206,SRR27278206_555_1,QUATERNARY AMMONIUM,disinfecting agents and antiseptics,QUATERNARY AMMONIUM,FULL,,,
SRR27278206,SRR27278206_555_2,SULFONAMIDE,sulfonamide antibiotic,SULFONAMIDE,FULL,,,
SRR27278206,SRR27278206_555_11,AMINOGLYCOSIDE,aminoglycoside antibiotic,AMINOGLYCOSIDE,FULL,,,
SRR27278206,SRR27278206_3625_3,TETRACYCLINE,tetracycline antibiotic,TETRACYCLINE,FULL,,,
SRR27278206,SRR27278206_5462_6,QUATERNARY AMMONIUM,disinfecting agents and antiseptics,QUATERNARY AMMONIUM,FULL,,,
SRR27278206,SRR27278206_9705_3,TETRACYCLINE,tetracycline antibiotic,TETRACYCLINE,FULL,,,
SRR27278206,SRR27278206_12378_3,AMINOGLYCOSIDE,aminoglycoside antibiotic,AMINOGLYCOSIDE,FULL,,,
SRR27278206,SRR27278206_12378_5,AMINOGLYCOSIDE,aminoglycoside antibiotic,AMINOGLYCOSIDE,FULL,,,
SRR27278206,SRR27278206_13632_3,TETRACYCLINE,tetracycline antibiotic,TETRACYCLINE,FULL,,,
SRR27278206,SRR27278206_14458_2,BETA-LACTAM,monobactam; cephalosporin; penicillin beta-lactam,BETA-LACTAM,FULL,,,
SRR27278206,SRR27278206_16277_1,STREPTOTHRICIN,nucleoside antibiotic,STREPTOTHRICIN,FULL,,,
SRR27278206,SRR27278206_17683_1,AMINOGLYCOSIDE,aminoglycoside antibiotic,AMINOGLYCOSIDE,FULL,,,
SRR27278206,SRR27278206_17701_3,TETRACYCLINE,tetracycline antibiotic,TETRACYCLINE,FULL,,,
SRR27278206,SRR27278206_25928_1,AMINOGLYCOSIDE,aminoglycoside antibiotic,AMINOGLYCOSIDE,FULL,,,
SRR27278206,SRR27278206_25928_2,AMINOGLYCOSIDE,aminoglycoside antibiotic,AMINOGLYCOSIDE,FULL,,,
SRR27278206,SRR27278206_26060_1,QUATERNARY AMMONIUM,disinfecting agents and antiseptics,QUATERNARY AMMONIUM,FULL,,,
SRR27278206,SRR27278206_26636_1,TETRACYCLINE,tetracycline antibiotic,TETRACYCLINE,FULL,,,
SRR27278206,SRR27278206_28386_1,AMINOGLYCOSIDE,aminoglycoside antibiotic,AMINOGLYCOSIDE,FULL,,,
SRR27278206,SRR27278206_31145_2,AMINOGLYCOSIDE,aminoglycoside antibiotic,AMINOGLYCOSIDE,FULL,,,
SRR27278206,SRR27278206_31713_1,AMINOGLYCOSIDE,aminoglycoside antibiotic,AMINOGLYCOSIDE,FULL,,,
SRR27278206,SRR27278206_49452_1,TETRACYCLINE,tetracycline antibiotic,TETRACYCLINE,FULL,,,
SRR27278207,SRR27278207_1447_2,LINCOSAMIDE/STREPTOGRAMIN,lincosamide antibiotic; streptogramin antibiotic; pleuromutilin antibiotic,LINCOSAMIDE/STREPTOGRAMIN,PARTIAL,,PLEUROMUTILIN,
SRR27278207,SRR27278207_1447_3,LINCOSAMIDE,lincosamide antibiotic,LINCOSAMIDE,FULL,,,
SRR27278207,SRR27278207_6094_1,AMINOGLYCOSIDE,aminoglycoside antibiotic,AMINOGLYCOSIDE,FULL,,,
SRR27278207,SRR27278207_6094_2,QUATERNARY AMMONIUM,disinfecting agents and antiseptics,QUATERNARY AMMONIUM,FULL,,,
SRR27278207,SRR27278207_6094_3,SULFONAMIDE,sulfonamide antibiotic,SULFONAMIDE,FULL,,,
SRR27278207,SRR27278207_6716_1,BETA-LACTAM,penicillin beta-lactam,BETA-LACTAM,FULL,,,
SRR27278207,SRR27278207_7038_1,AMINOGLYCOSIDE,aminoglycoside antibiotic,AMINOGLYCOSIDE,FULL,,,
SRR27278207,SRR27278207_8074_1,MACROLIDE,macrolide antibiotic,MACROLIDE,FULL,,,
SRR27278207,SRR27278207_8074_2,MACROLIDE/STREPTOGRAMIN,macrolide antibiotic; streptogramin antibiotic,MACROLIDE/STREPTOGRAMIN,FULL,,,
SRR27278207,SRR27278207_15942_2,AMINOGLYCOSIDE,aminoglycoside antibiotic,AMINOGLYCOSIDE,FULL,,,
SRR27278207,SRR27278207_21572_1,TETRACYCLINE,tetracycline antibiotic,TETRACYCLINE,FULL,,,
SRR27278207,SRR27278207_27405_1,AMINOGLYCOSIDE,aminoglycoside antibiotic,AMINOGLYCOSIDE,FULL,,,
SRR27278207,SRR27278207_27405_3,AMINOGLYCOSIDE,aminoglycoside antibiotic,AMINOGLYCOSIDE,FULL,,,
SRR27278207,SRR27278207_32128_3,TETRACYCLINE,tetracycline antibiotic,TETRACYCLINE,FULL,,,
SRR27278207,SRR27278207_37392_2,LINCOSAMIDE/MACROLIDE/STREPTOGRAMIN,macrolide antibiotic; lincosamide antibiotic; streptogramin antibiotic; streptogramin A antibiotic; streptogramin B antibiotic,LINCOSAMIDE/MACROLIDE/STREPTOGRAMIN,FULL,,,
SRR27278207,SRR27278207_46876_2,TETRACYCLINE,tetracycline antibiotic,TETRACYCLINE,FULL,,,
SRR27278207,SRR27278207_49343_4,AMINOGLYCOSIDE,aminoglycoside antibiotic,AMINOGLYCOSIDE,FULL,,,
SRR27278207,SRR27278207_51560_1,SULFONAMIDE,sulfonamide antibiotic,SULFONAMIDE,FULL,,,
SRR27278207,SRR27278207_70576_1,PHENICOL,phenicol antibiotic,PHENICOL,FULL,,,
SRR27278207,SRR27278207_73409_2,TRIMETHOPRIM,diaminopyrimidine antibiotic,TRIMETHOPRIM,FULL,,,
SRR27278207,SRR27278207_81160_1,AMINOGLYCOSIDE,aminoglycoside antibiotic,AMINOGLYCOSIDE,FULL,,,
SRR27278207,SRR27278207_81160_2,AMINOGLYCOSIDE,aminoglycoside antibiotic,AMINOGLYCOSIDE,FULL,,,
SRR27278207,SRR27278207_124739_2,LINCOSAMIDE,lincosamide antibiotic,LINCOSAMIDE,FULL,,,
SRR27278207,SRR27278207_126957_1,AMINOGLYCOSIDE,aminoglycoside antibiotic,AMINOGLYCOSIDE,FULL,,,
SRR27278207,SRR27278207_145754_2,AMINOGLYCOSIDE,aminoglycoside antibiotic,AMINOGLYCOSIDE,FULL,,,
SRR27278207,SRR27278207_149055_1,AMINOGLYCOSIDE,aminoglycoside antibiotic,AMINOGLYCOSIDE,FULL,,,
SRR27278207,SRR27278207_149055_2,STREPTOTHRICIN,nucleoside antibiotic,STREPTOTHRICIN,FULL,,,
SRR27278207,SRR27278207_149096_1,AMINOGLYCOSIDE,aminoglycoside antibiotic,AMINOGLYCOSIDE,FULL,,,
SRR27278207,SRR27278207_165307_2,BETA-LACTAM,monobactam; cephalosporin; penicillin beta-lactam,BETA-LACTAM,FULL,,,
SRR27278207,SRR27278207_326091_1,TRIMETHOPRIM,diaminopyrimidine antibiotic,TRIMETHOPRIM,FULL,,,
SRR27278208,SRR27278208_8286_3,TETRACYCLINE,tetracycline antibiotic,TETRACYCLINE,FULL,,,
SRR27278208,SRR27278208_84187_1,QUATERNARY AMMONIUM,disinfecting agents and antiseptics,QUATERNARY AMMONIUM,FULL,,,
SRR27278209,SRR27278209_22886_3,TETRACYCLINE,tetracycline antibiotic,TETRACYCLINE,FULL,,,
SRR27278209,SRR27278209_34965_1,AMINOGLYCOSIDE,aminoglycoside antibiotic,AMINOGLYCOSIDE,FULL,,,
SRR27278209,SRR27278209_34965_2,AMINOGLYCOSIDE,aminoglycoside antibiotic,AMINOGLYCOSIDE,FULL,,,
SRR27278209,SRR27278209_45001_1,AMINOGLYCOSIDE,aminoglycoside antibiotic,AMINOGLYCOSIDE,FULL,,,
SRR27278209,SRR27278209_67970_2,QUATERNARY AMMONIUM,disinfecting agents and antiseptics,QUATERNARY AMMONIUM,FULL,,,
SRR27278210,SRR27278210_8907_2,QUATERNARY AMMONIUM,disinfecting agents and antiseptics,QUATERNARY AMMONIUM,FULL,,,
SRR27278210,SRR27278210_9045_1,BETA-LACTAM,penicillin beta-lactam,BETA-LACTAM,FULL,,,
SRR27278210,SRR27278210_10050_1,AMINOGLYCOSIDE,aminoglycoside antibiotic,AMINOGLYCOSIDE,FULL,,,
SRR27278210,SRR27278210_10124_1,AMINOGLYCOSIDE,aminoglycoside antibiotic,AMINOGLYCOSIDE,FULL,,,
SRR27278210,SRR27278210_11153_2,AMINOGLYCOSIDE,aminoglycoside antibiotic,AMINOGLYCOSIDE,FULL,,,
SRR27278210,SRR27278210_12868_3,AMINOGLYCOSIDE,aminoglycoside antibiotic,AMINOGLYCOSIDE,FULL,,,
SRR27278210,SRR27278210_12868_5,AMINOGLYCOSIDE,aminoglycoside antibiotic,AMINOGLYCOSIDE,FULL,,,
SRR27278210,SRR27278210_22744_1,LINCOSAMIDE/MACROLIDE/STREPTOGRAMIN,macrolide antibiotic; lincosamide antibiotic; streptogramin antibiotic; streptogramin A antibiotic; streptogramin B antibiotic,LINCOSAMIDE/MACROLIDE/STREPTOGRAMIN,FULL,,,
SRR27278210,SRR27278210_27360_1,AMINOGLYCOSIDE,aminoglycoside antibiotic,AMINOGLYCOSIDE,FULL,,,
SRR27278210,SRR27278210_27360_2,AMINOGLYCOSIDE,aminoglycoside antibiotic,AMINOGLYCOSIDE,FULL,,,
SRR27278210,SRR27278210_30186_1,TETRACYCLINE,tetracycline antibiotic,TETRACYCLINE,FULL,,,
SRR27278210,SRR27278210_35966_2,TRIMETHOPRIM,diaminopyrimidine antibiotic,TRIMETHOPRIM,FULL,,,
SRR27278210,SRR27278210_41277_2,LINCOSAMIDE/STREPTOGRAMIN,lincosamide antibiotic; streptogramin antibiotic; pleuromutilin antibiotic,LINCOSAMIDE/STREPTOGRAMIN,PARTIAL,,PLEUROMUTILIN,
SRR27278210,SRR27278210_43290_3,SULFONAMIDE,sulfonamide antibiotic,SULFONAMIDE,FULL,,,
SRR27278210,SRR27278210_43667_1,TRIMETHOPRIM,diaminopyrimidine antibiotic,TRIMETHOPRIM,FULL,,,
SRR27278210,SRR27278210_43668_1,STREPTOTHRICIN,nucleoside antibiotic,STREPTOTHRICIN,FULL,,,
SRR27278210,SRR27278210_43668_2,AMINOGLYCOSIDE,aminoglycoside antibiotic,AMINOGLYCOSIDE,FULL,,,
SRR27278210,SRR27278210_60090_1,MACROLIDE/STREPTOGRAMIN,macrolide antibiotic; streptogramin antibiotic,MACROLIDE/STREPTOGRAMIN,FULL,,,
SRR27278210,SRR27278210_60090_2,MACROLIDE,macrolide antibiotic,MACROLIDE,FULL,,,
SRR27278210,SRR27278210_65942_2,TETRACYCLINE,tetracycline antibiotic,TETRACYCLINE,FULL,,,
SRR27278210,SRR27278210_67205_1,AMINOGLYCOSIDE,aminoglycoside antibiotic,AMINOGLYCOSIDE,FULL,,,
SRR27278210,SRR27278210_109693_2,AMINOGLYCOSIDE,aminoglycoside antibiotic,AMINOGLYCOSIDE,FULL,,,
SRR27278210,SRR27278210_115589_1,LINCOSAMIDE,lincosamide antibiotic,LINCOSAMIDE,FULL,,,
SRR27278210,SRR27278210_122537_1,AMINOGLYCOSIDE,aminoglycoside antibiotic,AMINOGLYCOSIDE,FULL,,,
SRR27278210,SRR27278210_158321_1,SULFONAMIDE,sulfonamide antibiotic,SULFONAMIDE,FULL,,,
SRR27278210,SRR27278210_171418_1,TETRACYCLINE,tetracycline antibiotic,TETRACYCLINE,FULL,,,
SRR27278210,SRR27278210_192305_1,QUATERNARY AMMONIUM,disinfecting agents and antiseptics,QUATERNARY AMMONIUM,FULL,,,
SRR27278210,SRR27278210_192305_2,AMINOGLYCOSIDE,aminoglycoside antibiotic,AMINOGLYCOSIDE,FULL,,,
SRR27278210,SRR27278210_266221_1,TETRACYCLINE,tetracycline antibiotic,TETRACYCLINE,FULL,,,
SRR27278210,SRR27278210_273180_2,PHENICOL,phenicol antibiotic,PHENICOL,FULL,,,
SRR27278210,SRR27278210_531864_1,AMINOGLYCOSIDE,aminoglycoside antibiotic,AMINOGLYCOSIDE,FULL,,,
SRR27278211,SRR27278211_8016_3,TETRACYCLINE,tetracycline antibiotic,TETRACYCLINE,FULL,,,
SRR27278211,SRR27278211_15317_3,SULFONAMIDE,sulfonamide antibiotic,SULFONAMIDE,FULL,,,
SRR27278211,SRR27278211_70256_1,AMINOGLYCOSIDE,aminoglycoside antibiotic,AMINOGLYCOSIDE,FULL,,,
SRR27278211,SRR27278211_85848_1,TETRACYCLINE,tetracycline antibiotic,TETRACYCLINE,FULL,,,
SRR27278211,SRR27278211_93045_2,TETRACYCLINE,tetracycline antibiotic,TETRACYCLINE,FULL,,,
SRR27278211,SRR27278211_93045_4,AMINOGLYCOSIDE,aminoglycoside antibiotic,AMINOGLYCOSIDE,FULL,,,
SRR27278211,SRR27278211_93045_5,AMINOGLYCOSIDE,aminoglycoside antibiotic,AMINOGLYCOSIDE,FULL,,,
SRR27278211,SRR27278211_163680_1,QUATERNARY AMMONIUM,disinfecting agents and antiseptics,QUATERNARY AMMONIUM,FULL,,,
SRR27278212,SRR27278212_2297_1,AMINOGLYCOSIDE,aminoglycoside antibiotic,AMINOGLYCOSIDE,FULL,,,
SRR27278212,SRR27278212_2297_2,AMINOGLYCOSIDE,aminoglycoside antibiotic,AMINOGLYCOSIDE,FULL,,,
SRR27278212,SRR27278212_37309_3,TETRACYCLINE,tetracycline antibiotic,TETRACYCLINE,FULL,,,
SRR27278212,SRR27278212_43528_3,SULFONAMIDE,sulfonamide antibiotic,SULFONAMIDE,FULL,,,
SRR27278212,SRR27278212_84104_2,QUATERNARY AMMONIUM,disinfecting agents and antiseptics,QUATERNARY AMMONIUM,FULL,,,
SRR27278213,SRR27278213_77552_1,TETRACYCLINE,tetracycline antibiotic,TETRACYCLINE,FULL,,,
SRR27278213,SRR27278213_95564_2,QUATERNARY AMMONIUM,disinfecting agents and antiseptics,QUATERNARY AMMONIUM,FULL,,,
SRR27278214,SRR27278214_13980_6,TETRACYCLINE,tetracycline antibiotic,TETRACYCLINE,FULL,,,
SRR27278214,SRR27278214_30294_1,AMINOGLYCOSIDE,aminoglycoside antibiotic,AMINOGLYCOSIDE,FULL,,,
SRR27278214,SRR27278214_30294_2,AMINOGLYCOSIDE,aminoglycoside antibiotic,AMINOGLYCOSIDE,FULL,,,
SRR27278214,SRR27278214_69871_1,TETRACYCLINE,tetracycline antibiotic,TETRACYCLINE,FULL,,,
SRR27278214,SRR27278214_110419_1,QUATERNARY AMMONIUM,disinfecting agents and antiseptics,QUATERNARY AMMONIUM,FULL,,,
SRR27278215,SRR27278215_711155_1,TETRACYCLINE,tetracycline antibiotic,TETRACYCLINE,FULL,,,
SRR27278216,SRR27278216_3294_2,QUATERNARY AMMONIUM,disinfecting agents and antiseptics,QUATERNARY AMMONIUM,FULL,,,
SRR27278216,SRR27278216_17935_1,AMINOGLYCOSIDE,aminoglycoside antibiotic,AMINOGLYCOSIDE,FULL,,,
SRR27278216,SRR27278216_17935_2,AMINOGLYCOSIDE,aminoglycoside antibiotic,AMINOGLYCOSIDE,FULL,,,
SRR27278216,SRR27278216_22448_1,QUATERNARY AMMONIUM,disinfecting agents and antiseptics,QUATERNARY AMMONIUM,FULL,,,
SRR27278216,SRR27278216_56307_3,TETRACYCLINE,tetracycline antibiotic,TETRACYCLINE,FULL,,,
SRR27278217,SRR27278217_27451_1,QUATERNARY AMMONIUM,disinfecting agents and antiseptics,QUATERNARY AMMONIUM,FULL,,,
SRR27278217,SRR27278217_30171_1,AMINOGLYCOSIDE,aminoglycoside antibiotic,AMINOGLYCOSIDE,FULL,,,
SRR27278217,SRR27278217_30171_2,AMINOGLYCOSIDE,aminoglycoside antibiotic,AMINOGLYCOSIDE,FULL,,,
SRR27278217,SRR27278217_57476_3,TETRACYCLINE,tetracycline antibiotic,TETRACYCLINE,FULL,,,
SRR27278218,SRR27278218_3105_1,AMINOGLYCOSIDE,aminoglycoside antibiotic,AMINOGLYCOSIDE,FULL,,,
SRR27278218,SRR27278218_16984_3,TETRACYCLINE,tetracycline antibiotic,TETRACYCLINE,FULL,,,
SRR27278218,SRR27278218_19195_3,PHENICOL,phenicol antibiotic,PHENICOL,FULL,,,
SRR27278218,SRR27278218_21786_2,AMINOGLYCOSIDE,aminoglycoside antibiotic,AMINOGLYCOSIDE,FULL,,,
SRR27278218,SRR27278218_21786_3,AMINOGLYCOSIDE,aminoglycoside antibiotic,AMINOGLYCOSIDE,FULL,,,
SRR27278218,SRR27278218_214367_1,QUATERNARY AMMONIUM,disinfecting agents and antiseptics,QUATERNARY AMMONIUM,FULL,,,
SRR27278219,SRR27278219_25288_1,AMINOGLYCOSIDE,aminoglycoside antibiotic,AMINOGLYCOSIDE,FULL,,,
SRR27278219,SRR27278219_25288_2,AMINOGLYCOSIDE,aminoglycoside antibiotic,AMINOGLYCOSIDE,FULL,,,
SRR27278219,SRR27278219_30948_1,TETRACYCLINE,tetracycline antibiotic,TETRACYCLINE,FULL,,,
SRR27278219,SRR27278219_48137_3,TETRACYCLINE,tetracycline antibiotic,TETRACYCLINE,FULL,,,
SRR27278219,SRR27278219_59504_2,QUATERNARY AMMONIUM,disinfecting agents and antiseptics,QUATERNARY AMMONIUM,FULL,,,
SRR27278220,SRR27278220_10030_2,QUATERNARY AMMONIUM,disinfecting agents and antiseptics,QUATERNARY AMMONIUM,FULL,,,
SRR27278220,SRR27278220_12009_1,AMINOGLYCOSIDE,aminoglycoside antibiotic,AMINOGLYCOSIDE,FULL,,,
SRR27278220,SRR27278220_12009_2,AMINOGLYCOSIDE,aminoglycoside antibiotic,AMINOGLYCOSIDE,FULL,,,
SRR27278220,SRR27278220_13091_2,QUATERNARY AMMONIUM,disinfecting agents and antiseptics,QUATERNARY AMMONIUM,FULL,,,
SRR27278220,SRR27278220_17630_3,TETRACYCLINE,tetracycline antibiotic,TETRACYCLINE,FULL,,,
SRR27278220,SRR27278220_42551_6,QUATERNARY AMMONIUM,disinfecting agents and antiseptics,QUATERNARY AMMONIUM,FULL,,,
SRR27278220,SRR27278220_189970_5,TETRACYCLINE,tetracycline antibiotic,TETRACYCLINE,FULL,,,
SRR27278221,SRR27278221_9005_2,QUATERNARY AMMONIUM,disinfecting agents and antiseptics,QUATERNARY AMMONIUM,FULL,,,
SRR27278221,SRR27278221_35707_3,TETRACYCLINE,tetracycline antibiotic,TETRACYCLINE,FULL,,,
SRR27278221,SRR27278221_77009_1,AMINOGLYCOSIDE,aminoglycoside antibiotic,AMINOGLYCOSIDE,FULL,,,
SRR27278221,SRR27278221_77009_2,AMINOGLYCOSIDE,aminoglycoside antibiotic,AMINOGLYCOSIDE,FULL,,,
SRR27278221,SRR27278221_88115_1,TETRACYCLINE,tetracycline antibiotic,TETRACYCLINE,FULL,,,
SRR27278221,SRR27278221_148646_1,AMINOGLYCOSIDE,aminoglycoside antibiotic,AMINOGLYCOSIDE,FULL,,,
SRR27278222,SRR27278222_9453_3,TETRACYCLINE,tetracycline antibiotic,TETRACYCLINE,FULL,,,
SRR27278222,SRR27278222_28841_1,AMINOGLYCOSIDE,aminoglycoside antibiotic,AMINOGLYCOSIDE,FULL,,,
SRR27278222,SRR27278222_28841_2,AMINOGLYCOSIDE,aminoglycoside antibiotic,AMINOGLYCOSIDE,FULL,,,
SRR27278222,SRR27278222_34305_2,QUATERNARY AMMONIUM,disinfecting agents and antiseptics,QUATERNARY AMMONIUM,FULL,,,
SRR27278222,SRR27278222_58219_3,TETRACYCLINE,tetracycline antibiotic,TETRACYCLINE,FULL,,,
SRR27278222,SRR27278222_59483_3,SULFONAMIDE,sulfonamide antibiotic,SULFONAMIDE,FULL,,,
SRR27278223,SRR27278223_363_1,TETRACYCLINE,tetracycline antibiotic,TETRACYCLINE,FULL,,,
SRR27278223,SRR27278223_363_2,QUATERNARY AMMONIUM,disinfecting agents and antiseptics,QUATERNARY AMMONIUM,FULL,,,
SRR27278223,SRR27278223_2542_2,QUATERNARY AMMONIUM,disinfecting agents and antiseptics,QUATERNARY AMMONIUM,FULL,,,
SRR27278223,SRR27278223_4970_3,TETRACYCLINE,tetracycline antibiotic,TETRACYCLINE,FULL,,,
SRR27278223,SRR27278223_65183_6,QUATERNARY AMMONIUM,disinfecting agents and antiseptics,QUATERNARY AMMONIUM,FULL,,,
SRR27278225,SRR27278225_2839_2,TETRACYCLINE,tetracycline antibiotic,TETRACYCLINE,FULL,,,
SRR27278225,SRR27278225_7572_3,AMINOGLYCOSIDE,aminoglycoside antibiotic,AMINOGLYCOSIDE,FULL,,,
SRR27278225,SRR27278225_7572_5,AMINOGLYCOSIDE,aminoglycoside antibiotic,AMINOGLYCOSIDE,FULL,,,
SRR27278225,SRR27278225_8010_1,STREPTOTHRICIN,nucleoside antibiotic,STREPTOTHRICIN,FULL,,,
SRR27278225,SRR27278225_8010_2,AMINOGLYCOSIDE,aminoglycoside antibiotic,AMINOGLYCOSIDE,FULL,,,
SRR27278225,SRR27278225_15904_2,AMINOGLYCOSIDE,aminoglycoside antibiotic,AMINOGLYCOSIDE,FULL,,,
SRR27278225,SRR27278225_16311_3,TETRACYCLINE,tetracycline antibiotic,TETRACYCLINE,FULL,,,
SRR27278225,SRR27278225_22916_1,MACROLIDE/STREPTOGRAMIN,macrolide antibiotic; streptogramin antibiotic,MACROLIDE/STREPTOGRAMIN,FULL,,,
SRR27278225,SRR27278225_22916_2,MACROLIDE,macrolide antibiotic,MACROLIDE,FULL,,,
SRR27278225,SRR27278225_27457_1,TRIMETHOPRIM,diaminopyrimidine antibiotic,TRIMETHOPRIM,FULL,,,
SRR27278225,SRR27278225_29518_2,AMINOGLYCOSIDE,aminoglycoside antibiotic,AMINOGLYCOSIDE,FULL,,,
SRR27278225,SRR27278225_34676_1,PHENICOL,phenicol antibiotic,PHENICOL,FULL,,,
SRR27278225,SRR27278225_37618_3,SULFONAMIDE,sulfonamide antibiotic,SULFONAMIDE,FULL,,,
SRR27278225,SRR27278225_37618_4,QUATERNARY AMMONIUM,disinfecting agents and antiseptics,QUATERNARY AMMONIUM,FULL,,,
SRR27278225,SRR27278225_38098_1,LINCOSAMIDE,lincosamide antibiotic,LINCOSAMIDE,FULL,,,
SRR27278225,SRR27278225_60749_3,AMINOGLYCOSIDE,aminoglycoside antibiotic,AMINOGLYCOSIDE,FULL,,,
SRR27278225,SRR27278225_61951_2,SULFONAMIDE,sulfonamide antibiotic,SULFONAMIDE,FULL,,,
SRR27278225,SRR27278225_68043_1,AMINOGLYCOSIDE,aminoglycoside antibiotic,AMINOGLYCOSIDE,FULL,,,
SRR27278225,SRR27278225_68043_2,AMINOGLYCOSIDE,aminoglycoside antibiotic,AMINOGLYCOSIDE,FULL,,,
SRR27278225,SRR27278225_79634_3,TETRACYCLINE,tetracycline antibiotic,TETRACYCLINE,FULL,,,
SRR27278225,SRR27278225_84383_1,AMINOGLYCOSIDE,aminoglycoside antibiotic,AMINOGLYCOSIDE,FULL,,,
SRR27278225,SRR27278225_99950_1,BETA-LACTAM,penicillin beta-lactam,BETA-LACTAM,FULL,,,
SRR27278225,SRR27278225_109479_2,AMINOGLYCOSIDE,aminoglycoside antibiotic,AMINOGLYCOSIDE,FULL,,,
SRR27278225,SRR27278225_116299_2,QUATERNARY AMMONIUM,disinfecting agents and antiseptics,QUATERNARY AMMONIUM,FULL,,,
SRR27278225,SRR27278225_179107_1,TETRACYCLINE,tetracycline antibiotic,TETRACYCLINE,FULL,,,
SRR27278225,SRR27278225_181101_2,TRIMETHOPRIM,diaminopyrimidine antibiotic,TRIMETHOPRIM,FULL,,,
SRR27278226,SRR27278226_207_1,QUATERNARY AMMONIUM,disinfecting agents and antiseptics,QUATERNARY AMMONIUM,FULL,,,
SRR27278226,SRR27278226_825_1,TETRACYCLINE,tetracycline antibiotic,TETRACYCLINE,FULL,,,
SRR27278226,SRR27278226_15584_1,BETA-LACTAM,monobactam; cephalosporin; penicillin beta-lactam,BETA-LACTAM,FULL,,,
SRR27278227,SRR27278227_23380_2,QUATERNARY AMMONIUM,disinfecting agents and antiseptics,QUATERNARY AMMONIUM,FULL,,,
SRR27278227,SRR27278227_23497_1,STREPTOTHRICIN,nucleoside antibiotic,STREPTOTHRICIN,FULL,,,
SRR27278227,SRR27278227_27474_3,TETRACYCLINE,tetracycline antibiotic,TETRACYCLINE,FULL,,,
SRR27278227,SRR27278227_28643_2,TETRACYCLINE,tetracycline antibiotic,TETRACYCLINE,FULL,,,
SRR27278227,SRR27278227_39399_1,AMINOGLYCOSIDE,aminoglycoside antibiotic,AMINOGLYCOSIDE,FULL,,,
SRR27278227,SRR27278227_39399_2,AMINOGLYCOSIDE,aminoglycoside antibiotic,AMINOGLYCOSIDE,FULL,,,
SRR27278227,SRR27278227_82485_1,TETRACYCLINE,tetracycline antibiotic,TETRACYCLINE,FULL,,,
SRR27278227,SRR27278227_91090_1,SULFONAMIDE,sulfonamide antibiotic,SULFONAMIDE,FULL,,,
SRR27278228,SRR27278228_52911_1,TETRACYCLINE,tetracycline antibiotic,TETRACYCLINE,FULL,,,
SRR27278229,SRR27278229_112563_1,QUATERNARY AMMONIUM,disinfecting agents and antiseptics,QUATERNARY AMMONIUM,FULL,,,
SRR27278230,SRR27278230_267847_4,TETRACYCLINE,tetracycline antibiotic,TETRACYCLINE,FULL,,,
SRR27593152,SRR27593152_32773_2,QUATERNARY AMMONIUM,disinfecting agents and antiseptics,QUATERNARY AMMONIUM,FULL,,,
SRR27593152,SRR27593152_67680_2,BETA-LACTAM,monobactam; cephalosporin; penicillin beta-lactam,BETA-LACTAM,FULL,,,
SRR27593152,SRR27593152_139128_2,TRIMETHOPRIM,diaminopyrimidine antibiotic,TRIMETHOPRIM,FULL,,,
SRR27593157,SRR27593157_60645_1,QUATERNARY AMMONIUM,disinfecting agents and antiseptics,QUATERNARY AMMONIUM,FULL,,,
SRR27593160,SRR27593160_11250_3,TETRACYCLINE,tetracycline antibiotic,TETRACYCLINE,FULL,,,
SRR27593160,SRR27593160_72467_1,TETRACYCLINE,tetracycline antibiotic,TETRACYCLINE,FULL,,,
SRR27593160,SRR27593160_98856_1,LINCOSAMIDE/MACROLIDE/STREPTOGRAMIN,macrolide antibiotic; lincosamide antibiotic; streptogramin antibiotic; streptogramin A antibiotic; streptogramin B antibiotic,LINCOSAMIDE/MACROLIDE/STREPTOGRAMIN,FULL,,,
SRR27593160,SRR27593160_98856_3,AMINOGLYCOSIDE,aminoglycoside antibiotic,AMINOGLYCOSIDE,FULL,,,
SRR27593170,SRR27593170_6306_1,BETA-LACTAM,monobactam; cephalosporin; penicillin beta-lactam,BETA-LACTAM,FULL,,,
SRR27593177,SRR27593177_3126_2,TETRACYCLINE,tetracycline antibiotic,TETRACYCLINE,FULL,,,
SRR27593179,SRR27593179_6805_2,TETRACYCLINE,tetracycline antibiotic,TETRACYCLINE,FULL,,,
SRR27593179,SRR27593179_14961_1,BETA-LACTAM,monobactam; cephalosporin; penicillin beta-lactam,BETA-LACTAM,FULL,,,
SRR27593180,SRR27593180_41183_1,BETA-LACTAM,monobactam; cephalosporin; penicillin beta-lactam,BETA-LACTAM,FULL,,,
SRR27593181,SRR27593181_2743_3,TETRACYCLINE,tetracycline antibiotic,TETRACYCLINE,FULL,,,
SRR27593182,SRR27593182_740_2,TETRACYCLINE,tetracycline antibiotic,TETRACYCLINE,FULL,,,
SRR27593184,SRR27593184_4035_1,LINCOSAMIDE,lincosamide antibiotic,LINCOSAMIDE,FULL,,,
SRR27593184,SRR27593184_18645_2,BETA-LACTAM,monobactam; cephalosporin; penicillin beta-lactam,BETA-LACTAM,FULL,,,
SRR27593186,SRR27593186_10040_1,BETA-LACTAM,monobactam; cephalosporin; penicillin beta-lactam,BETA-LACTAM,FULL,,,
SRR27593188,SRR27593188_1823_1,AMINOGLYCOSIDE,aminoglycoside antibiotic,AMINOGLYCOSIDE,FULL,,,
SRR27593188,SRR27593188_7283_2,TETRACYCLINE,tetracycline antibiotic,TETRACYCLINE,FULL,,,
SRR27593188,SRR27593188_7329_1,MACROLIDE,macrolide antibiotic,MACROLIDE,FULL,,,
SRR27593188,SRR27593188_7863_3,SULFONAMIDE,sulfonamide antibiotic,SULFONAMIDE,FULL,,,
SRR27593188,SRR27593188_7863_4,QUATERNARY AMMONIUM,disinfecting agents and antiseptics,QUATERNARY AMMONIUM,FULL,,,
SRR27593188,SRR27593188_13724_1,AMINOGLYCOSIDE,aminoglycoside antibiotic,AMINOGLYCOSIDE,FULL,,,
SRR27593188,SRR27593188_21528_2,AMINOGLYCOSIDE,aminoglycoside antibiotic,AMINOGLYCOSIDE,FULL,,,
SRR27593188,SRR27593188_58839_1,TRIMETHOPRIM,diaminopyrimidine antibiotic,TRIMETHOPRIM,FULL,,,
SRR27593188,SRR27593188_59620_1,SULFONAMIDE,sulfonamide antibiotic,SULFONAMIDE,FULL,,,
SRR27593190,SRR27593190_2976_2,TETRACYCLINE,tetracycline antibiotic,TETRACYCLINE,FULL,,,
SRR27593191,SRR27593191_11392_2,TETRACYCLINE,tetracycline antibiotic,TETRACYCLINE,FULL,,,
SRR27593193,SRR27593193_5697_2,TETRACYCLINE,tetracycline antibiotic,TETRACYCLINE,FULL,,,
SRR27593193,SRR27593193_32399_2,BETA-LACTAM,monobactam; cephalosporin; penicillin beta-lactam,BETA-LACTAM,FULL,,,
SRR27593201,SRR27593201_6310_1,BETA-LACTAM,monobactam; cephalosporin; penicillin beta-lactam,BETA-LACTAM,FULL,,,
SRR27593203,SRR27593203_16404_1,TETRACYCLINE,tetracycline antibiotic,TETRACYCLINE,FULL,,,
SRR27593203,SRR27593203_16430_2,AMINOGLYCOSIDE,aminoglycoside antibiotic,AMINOGLYCOSIDE,FULL,,,
SRR27593203,SRR27593203_16430_3,AMINOGLYCOSIDE,aminoglycoside antibiotic,AMINOGLYCOSIDE,FULL,,,
SRR27593203,SRR27593203_102381_1,BETA-LACTAM,monobactam; cephalosporin; penicillin beta-lactam,BETA-LACTAM,FULL,,,
SRR27593203,SRR27593203_114271_1,TRIMETHOPRIM,diaminopyrimidine antibiotic,TRIMETHOPRIM,FULL,,,
SRR27593203,SRR27593203_136095_1,QUATERNARY AMMONIUM,disinfecting agents and antiseptics,QUATERNARY AMMONIUM,FULL,,,
SRR27593204,SRR27593204_38353_1,BETA-LACTAM,monobactam; cephalosporin; penicillin beta-lactam,BETA-LACTAM,FULL,,,
SRR27593206,SRR27593206_857_3,TETRACYCLINE,tetracycline antibiotic,TETRACYCLINE,FULL,,,
SRR27593207,SRR27593207_15779_1,TETRACYCLINE,tetracycline antibiotic,TETRACYCLINE,FULL,,,
SRR27593215,SRR27593215_1249_2,TETRACYCLINE,tetracycline antibiotic,TETRACYCLINE,FULL,,,
SRR27593215,SRR27593215_1474_3,TRIMETHOPRIM,diaminopyrimidine antibiotic,TRIMETHOPRIM,FULL,,,
SRR27593215,SRR27593215_2182_1,PHENICOL,phenicol antibiotic,PHENICOL,FULL,,,
SRR27593215,SRR27593215_2307_7,SULFONAMIDE,sulfonamide antibiotic,SULFONAMIDE,FULL,,,
SRR27593215,SRR27593215_3943_3,TETRACYCLINE,tetracycline antibiotic,TETRACYCLINE,FULL,,,
SRR27593215,SRR27593215_7764_5,BETA-LACTAM,cephalosporin; penicillin beta-lactam,BETA-LACTAM,FULL,,,
SRR27593215,SRR27593215_8269_2,TETRACYCLINE,tetracycline antibiotic,TETRACYCLINE,FULL,,,
SRR27593215,SRR27593215_14320_3,TETRACYCLINE,tetracycline antibiotic,TETRACYCLINE,FULL,,,
SRR27593215,SRR27593215_17973_1,AMINOGLYCOSIDE,aminoglycoside antibiotic,AMINOGLYCOSIDE,FULL,,,
SRR27593215,SRR27593215_17973_2,AMINOGLYCOSIDE,aminoglycoside antibiotic,AMINOGLYCOSIDE,FULL,,,
SRR27593216,SRR27593216_132_1,BETA-LACTAM,monobactam; cephalosporin; penicillin beta-lactam,BETA-LACTAM,FULL,,,
SRR27593217,SRR27593217_2901_1,BETA-LACTAM,monobactam; cephalosporin; penicillin beta-lactam,BETA-LACTAM,FULL,,,
SRR27593223,SRR27593223_329_1,TETRACYCLINE,tetracycline antibiotic,TETRACYCLINE,FULL,,,
SRR27593223,SRR27593223_766_1,TETRACYCLINE,tetracycline antibiotic,TETRACYCLINE,FULL,,,
SRR27593225,SRR27593225_21811_1,TETRACYCLINE,tetracycline antibiotic,TETRACYCLINE,FULL,,,
SRR27593225,SRR27593225_107422_1,QUATERNARY AMMONIUM,disinfecting agents and antiseptics,QUATERNARY AMMONIUM,FULL,,,
SRR27593228,SRR27593228_1275_3,TETRACYCLINE,tetracycline antibiotic,TETRACYCLINE,FULL,,,
SRR27593233,SRR27593233_19553_1,TETRACYCLINE,tetracycline antibiotic,TETRACYCLINE,FULL,,,
SRR27593234,SRR27593234_4994_1,TRIMETHOPRIM,diaminopyrimidine antibiotic,TRIMETHOPRIM,FULL,,,
SRR27593234,SRR27593234_11902_1,PHENICOL,phenicol antibiotic,PHENICOL,FULL,,,
SRR27593236,SRR27593236_687_2,TETRACYCLINE,tetracycline antibiotic,TETRACYCLINE,FULL,,,
SRR27593236,SRR27593236_1361_1,TETRACYCLINE,tetracycline antibiotic,TETRACYCLINE,FULL,,,
SRR27593236,SRR27593236_11046_3,AMINOGLYCOSIDE,aminoglycoside antibiotic,AMINOGLYCOSIDE,FULL,,,
SRR27593236,SRR27593236_22308_1,LINCOSAMIDE/MACROLIDE/STREPTOGRAMIN,macrolide antibiotic; lincosamide antibiotic; streptogramin antibiotic; streptogramin A antibiotic; streptogramin B antibiotic,LINCOSAMIDE/MACROLIDE/STREPTOGRAMIN,FULL,,,
SRR27593237,SRR27593237_3367_1,TETRACYCLINE,tetracycline antibiotic,TETRACYCLINE,FULL,,,
SRR27593240,SRR27593240_9778_2,BETA-LACTAM,monobactam; cephalosporin; penicillin beta-lactam,BETA-LACTAM,FULL,,,
SRR28235345,SRR28235345_3175_1,AMINOGLYCOSIDE,aminoglycoside antibiotic,AMINOGLYCOSIDE,FULL,,,
SRR28235345,SRR28235345_10680_2,AMINOGLYCOSIDE,aminoglycoside antibiotic,AMINOGLYCOSIDE,FULL,,,
SRR28235348,SRR28235348_4776_2,AMINOGLYCOSIDE,aminoglycoside antibiotic,AMINOGLYCOSIDE,FULL,,,
SRR28235349,SRR28235349_5834_2,AMINOGLYCOSIDE,aminoglycoside antibiotic,AMINOGLYCOSIDE,FULL,,,
SRR28235351,SRR28235351_5665_1,AMINOGLYCOSIDE,aminoglycoside antibiotic,AMINOGLYCOSIDE,FULL,,,
SRR28235351,SRR28235351_5665_2,AMINOGLYCOSIDE,aminoglycoside antibiotic,AMINOGLYCOSIDE,FULL,,,
SRR28235351,SRR28235351_6182_1,AMINOGLYCOSIDE,aminoglycoside antibiotic,AMINOGLYCOSIDE,FULL,,,
SRR28235352,SRR28235352_3440_4,AMINOGLYCOSIDE,aminoglycoside antibiotic,AMINOGLYCOSIDE,FULL,,,
SRR28235352,SRR28235352_19253_2,AMINOGLYCOSIDE,aminoglycoside antibiotic,AMINOGLYCOSIDE,FULL,,,
SRR28235353,SRR28235353_60973_1,AMINOGLYCOSIDE,aminoglycoside antibiotic,AMINOGLYCOSIDE,FULL,,,
SRR28235355,SRR28235355_5959_2,AMINOGLYCOSIDE,aminoglycoside antibiotic,AMINOGLYCOSIDE,FULL,,,
SRR28235355,SRR28235355_18453_1,TETRACYCLINE,tetracycline antibiotic,TETRACYCLINE,FULL,,,
SRR28235359,SRR28235359_9593_3,AMINOGLYCOSIDE,aminoglycoside antibiotic,AMINOGLYCOSIDE,FULL,,,
SRR28235364,SRR28235364_791_1,AMINOGLYCOSIDE,aminoglycoside antibiotic,AMINOGLYCOSIDE,FULL,,,
SRR28235365,SRR28235365_16181_2,AMINOGLYCOSIDE,aminoglycoside antibiotic,AMINOGLYCOSIDE,FULL,,,
SRR28235370,SRR28235370_12610_2,NITROFURAN/PHENICOL/QUINOLONE/TETRACYCLINE,fluoroquinolone antibiotic; tetracycline antibiotic,QUINOLONE/TETRACYCLINE,PARTIAL,NITROFURAN/PHENICOL,,
SRR28235370,SRR28235370_85982_1,AMINOGLYCOSIDE,aminoglycoside antibiotic,AMINOGLYCOSIDE,FULL,,,
SRR28235371,SRR28235371_361_2,AMINOGLYCOSIDE,aminoglycoside antibiotic,AMINOGLYCOSIDE,FULL,,,
SRR28235373,SRR28235373_9755_1,AMINOGLYCOSIDE,aminoglycoside antibiotic,AMINOGLYCOSIDE,FULL,,,
SRR28235374,SRR28235374_51433_2,AMINOGLYCOSIDE,aminoglycoside antibiotic,AMINOGLYCOSIDE,FULL,,,
SRR28235374,SRR28235374_53606_2,AMINOGLYCOSIDE,aminoglycoside antibiotic,AMINOGLYCOSIDE,FULL,,,
SRR28235375,SRR28235375_4960_2,AMINOGLYCOSIDE,aminoglycoside antibiotic,AMINOGLYCOSIDE,FULL,,,
SRR28235375,SRR28235375_42077_1,AMINOGLYCOSIDE,aminoglycoside antibiotic,AMINOGLYCOSIDE,FULL,,,
SRR28235375,SRR28235375_42077_2,AMINOGLYCOSIDE,aminoglycoside antibiotic,AMINOGLYCOSIDE,FULL,,,
SRR28235376,SRR28235376_21708_1,AMINOGLYCOSIDE,aminoglycoside antibiotic,AMINOGLYCOSIDE,FULL,,,
SRR28235376,SRR28235376_47361_1,AMINOGLYCOSIDE,aminoglycoside antibiotic,AMINOGLYCOSIDE,FULL,,,
SRR28235376,SRR28235376_47361_2,AMINOGLYCOSIDE,aminoglycoside antibiotic,AMINOGLYCOSIDE,FULL,,,
SRR28235383,SRR28235383_7049_1,AMINOGLYCOSIDE,aminoglycoside antibiotic,AMINOGLYCOSIDE,FULL,,,
SRR28235383,SRR28235383_20095_2,AMINOGLYCOSIDE,aminoglycoside antibiotic,AMINOGLYCOSIDE,FULL,,,
SRR28235383,SRR28235383_31050_2,AMINOGLYCOSIDE,aminoglycoside antibiotic,AMINOGLYCOSIDE,FULL,,,
SRR28235385,SRR28235385_604_4,AMINOGLYCOSIDE,aminoglycoside antibiotic,AMINOGLYCOSIDE,FULL,,,
SRR28235385,SRR28235385_6593_2,TETRACYCLINE,tetracycline antibiotic,TETRACYCLINE,FULL,,,
SRR28235386,SRR28235386_4055_2,QUATERNARY AMMONIUM,disinfecting agents and antiseptics,QUATERNARY AMMONIUM,FULL,,,
SRR28235386,SRR28235386_4324_2,TETRACYCLINE,tetracycline antibiotic,TETRACYCLINE,FULL,,,
SRR28523061,SRR28523061_22705_3,BETA-LACTAM,penicillin beta-lactam,BETA-LACTAM,FULL,,,
SRR28523061,SRR28523061_55675_2,QUATERNARY AMMONIUM,disinfecting agents and antiseptics,QUATERNARY AMMONIUM,FULL,,,
SRR28523061,SRR28523061_106295_2,FOSFOMYCIN,phosphonic acid antibiotic,FOSFOMYCIN,FULL,,,
SRR28523061,SRR28523061_108365_1,TETRACYCLINE,tetracycline antibiotic,TETRACYCLINE,FULL,,,
SRR28523061,SRR28523061_369742_1,QUATERNARY AMMONIUM,disinfecting agents and antiseptics,QUATERNARY AMMONIUM,FULL,,,
SRR28523061,SRR28523061_764230_1,QUATERNARY AMMONIUM,disinfecting agents and antiseptics,QUATERNARY AMMONIUM,FULL,,,
SRR28523062,SRR28523062_163461_2,TETRACYCLINE,tetracycline antibiotic,TETRACYCLINE,FULL,,,
SRR28523062,SRR28523062_242013_1,FOSFOMYCIN,phosphonic acid antibiotic,FOSFOMYCIN,FULL,,,
SRR28523062,SRR28523062_243497_1,BETA-LACTAM,penicillin beta-lactam,BETA-LACTAM,FULL,,,
SRR28523062,SRR28523062_593018_1,PHENICOL,phenicol antibiotic,PHENICOL,FULL,,,
SRR28523062,SRR28523062_688178_1,QUATERNARY AMMONIUM,disinfecting agents and antiseptics,QUATERNARY AMMONIUM,FULL,,,
SRR28523063,SRR28523063_620204_2,TETRACYCLINE,tetracycline antibiotic,TETRACYCLINE,FULL,,,
SRR28523063,SRR28523063_1042717_1,QUATERNARY AMMONIUM,disinfecting agents and antiseptics,QUATERNARY AMMONIUM,FULL,,,
SRR28523063,SRR28523063_1299538_1,FOSFOMYCIN,phosphonic acid antibiotic,FOSFOMYCIN,FULL,,,
SRR28523066,SRR28523066_1618_2,LINCOSAMIDE/MACROLIDE/STREPTOGRAMIN,macrolide antibiotic; lincosamide antibiotic; streptogramin antibiotic; streptogramin A antibiotic; streptogramin B antibiotic,LINCOSAMIDE/MACROLIDE/STREPTOGRAMIN,FULL,,,
SRR28523066,SRR28523066_1618_3,AMINOGLYCOSIDE,aminoglycoside antibiotic,AMINOGLYCOSIDE,FULL,,,
SRR28523066,SRR28523066_1618_4,STREPTOTHRICIN,nucleoside antibiotic,STREPTOTHRICIN,FULL,,,
SRR28523066,SRR28523066_5034_1,TETRACYCLINE,tetracycline antibiotic,TETRACYCLINE,FULL,,,
SRR28523066,SRR28523066_6939_8,BETA-LACTAM,penicillin beta-lactam,BETA-LACTAM,FULL,,,
SRR28523066,SRR28523066_7800_2,AMINOGLYCOSIDE,aminoglycoside antibiotic,AMINOGLYCOSIDE,FULL,,,
SRR28523066,SRR28523066_95900_1,QUATERNARY AMMONIUM,disinfecting agents and antiseptics,QUATERNARY AMMONIUM,FULL,,,
SRR28523066,SRR28523066_101451_1,LINCOSAMIDE,lincosamide antibiotic,LINCOSAMIDE,FULL,,,
SRR28523067,SRR28523067_741_7,TETRACYCLINE,tetracycline antibiotic,TETRACYCLINE,FULL,,,
SRR28523067,SRR28523067_3492_1,AMINOGLYCOSIDE,aminoglycoside antibiotic,AMINOGLYCOSIDE,FULL,,,
SRR28523067,SRR28523067_3492_2,AMINOGLYCOSIDE,aminoglycoside antibiotic,AMINOGLYCOSIDE,FULL,,,
SRR28523067,SRR28523067_10638_4,AMINOGLYCOSIDE,aminoglycoside antibiotic,AMINOGLYCOSIDE,FULL,,,
SRR28523067,SRR28523067_16835_1,BETA-LACTAM,monobactam; cephalosporin; penicillin beta-lactam,BETA-LACTAM,FULL,,,
SRR28523067,SRR28523067_22968_1,PHENICOL,phenicol antibiotic,PHENICOL,FULL,,,
SRR28523067,SRR28523067_23689_1,PHENICOL,phenicol antibiotic,PHENICOL,FULL,,,
SRR28523067,SRR28523067_33946_6,COLISTIN,peptide antibiotic,COLISTIN,FULL,,,
SRR28523067,SRR28523067_46922_2,AMINOGLYCOSIDE,aminoglycoside antibiotic,AMINOGLYCOSIDE,FULL,,,
SRR28523067,SRR28523067_47835_1,BETA-LACTAM,carbapenem; cephalosporin; penicillin beta-lactam,BETA-LACTAM,FULL,,,
SRR28523067,SRR28523067_56433_1,AMINOGLYCOSIDE,aminoglycoside antibiotic,AMINOGLYCOSIDE,FULL,,,
SRR28523067,SRR28523067_56483_2,SULFONAMIDE,sulfonamide antibiotic,SULFONAMIDE,FULL,,,
SRR28523067,SRR28523067_56483_3,QUATERNARY AMMONIUM,disinfecting agents and antiseptics,QUATERNARY AMMONIUM,FULL,,,
SRR28523067,SRR28523067_56483_4,AMINOGLYCOSIDE,aminoglycoside antibiotic,AMINOGLYCOSIDE,FULL,,,
SRR28523067,SRR28523067_65285_1,LINCOSAMIDE/MACROLIDE/STREPTOGRAMIN,macrolide antibiotic; lincosamide antibiotic; streptogramin antibiotic; streptogramin A antibiotic; streptogramin B antibiotic,LINCOSAMIDE/MACROLIDE/STREPTOGRAMIN,FULL,,,
SRR28523067,SRR28523067_66593_1,TETRACYCLINE,tetracycline antibiotic,TETRACYCLINE,FULL,,,
SRR28523067,SRR28523067_69731_1,AMINOGLYCOSIDE,aminoglycoside antibiotic,AMINOGLYCOSIDE,FULL,,,
SRR28523067,SRR28523067_70644_1,TRIMETHOPRIM,diaminopyrimidine antibiotic,TRIMETHOPRIM,FULL,,,
SRR28523067,SRR28523067_77014_1,SULFONAMIDE,sulfonamide antibiotic,SULFONAMIDE,FULL,,,
SRR28523067,SRR28523067_108371_1,MACROLIDE,macrolide antibiotic,MACROLIDE,FULL,,,
SRR28523067,SRR28523067_113683_1,TRIMETHOPRIM,diaminopyrimidine antibiotic,TRIMETHOPRIM,FULL,,,
SRR28523067,SRR28523067_114355_3,AMINOGLYCOSIDE,aminoglycoside antibiotic,AMINOGLYCOSIDE,FULL,,,
SRR28523067,SRR28523067_120335_1,AMINOGLYCOSIDE,aminoglycoside antibiotic,AMINOGLYCOSIDE,FULL,,,
SRR28523067,SRR28523067_159194_1,AMINOGLYCOSIDE,aminoglycoside antibiotic,AMINOGLYCOSIDE,FULL,,,
SRR28523067,SRR28523067_209087_1,AMINOGLYCOSIDE,aminoglycoside antibiotic,AMINOGLYCOSIDE,FULL,,,
SRR28523070,SRR28523070_34751_1,LINCOSAMIDE,lincosamide antibiotic,LINCOSAMIDE,FULL,,,
SRR28523070,SRR28523070_105539_1,TETRACYCLINE,tetracycline antibiotic,TETRACYCLINE,FULL,,,
SRR28523070,SRR28523070_159070_1,QUATERNARY AMMONIUM,disinfecting agents and antiseptics,QUATERNARY AMMONIUM,FULL,,,
SRR28523071,SRR28523071_24575_1,TETRACYCLINE,tetracycline antibiotic,TETRACYCLINE,FULL,,,
SRR28523072,SRR28523072_5449_2,TETRACYCLINE,tetracycline antibiotic,TETRACYCLINE,FULL,,,
SRR28523072,SRR28523072_33025_1,QUATERNARY AMMONIUM,disinfecting agents and antiseptics,QUATERNARY AMMONIUM,FULL,,,
SRR28523073,SRR28523073_661_4,PHENICOL,phenicol antibiotic,PHENICOL,FULL,,,
SRR28523073,SRR28523073_3186_2,TETRACYCLINE,tetracycline antibiotic,TETRACYCLINE,FULL,,,
SRR28523073,SRR28523073_11705_3,AMINOGLYCOSIDE,aminoglycoside antibiotic,AMINOGLYCOSIDE,FULL,,,
SRR28523073,SRR28523073_11705_4,STREPTOTHRICIN,nucleoside antibiotic,STREPTOTHRICIN,FULL,,,
SRR28523073,SRR28523073_11705_5,AMINOGLYCOSIDE,aminoglycoside antibiotic,AMINOGLYCOSIDE,FULL,,,
SRR28523073,SRR28523073_12035_1,TETRACYCLINE,tetracycline antibiotic,TETRACYCLINE,FULL,,,
SRR28523073,SRR28523073_30058_2,TRIMETHOPRIM,diaminopyrimidine antibiotic,TRIMETHOPRIM,FULL,,,
SRR28523074,SRR28523074_1194_2,TETRACYCLINE,tetracycline antibiotic,TETRACYCLINE,FULL,,,
SRR28523077,SRR28523077_8588_2,LINCOSAMIDE/MACROLIDE/STREPTOGRAMIN,macrolide antibiotic; lincosamide antibiotic; streptogramin antibiotic; streptogramin A antibiotic; streptogramin B antibiotic,LINCOSAMIDE/MACROLIDE/STREPTOGRAMIN,FULL,,,
SRR28523077,SRR28523077_25404_1,LINCOSAMIDE,lincosamide antibiotic,LINCOSAMIDE,FULL,,,
SRR28523077,SRR28523077_46927_1,AMINOGLYCOSIDE,aminoglycoside antibiotic,AMINOGLYCOSIDE,FULL,,,
SRR28523077,SRR28523077_64796_1,AMINOGLYCOSIDE,aminoglycoside antibiotic,AMINOGLYCOSIDE,FULL,,,
SRR28523077,SRR28523077_87710_1,STREPTOTHRICIN,nucleoside antibiotic,STREPTOTHRICIN,FULL,,,
SRR28523078,SRR28523078_13312_2,MACROLIDE/STREPTOGRAMIN,macrolide antibiotic; streptogramin antibiotic; streptogramin B antibiotic,MACROLIDE/STREPTOGRAMIN,FULL,,,
SRR28523078,SRR28523078_15200_1,FOSFOMYCIN,phosphonic acid antibiotic,FOSFOMYCIN,FULL,,,
SRR28523078,SRR28523078_34596_1,QUATERNARY AMMONIUM,disinfecting agents and antiseptics,QUATERNARY AMMONIUM,FULL,,,
SRR28523078,SRR28523078_46904_1,QUATERNARY AMMONIUM,disinfecting agents and antiseptics,QUATERNARY AMMONIUM,FULL,,,
SRR28523078,SRR28523078_131809_1,QUATERNARY AMMONIUM,disinfecting agents and antiseptics,QUATERNARY AMMONIUM,FULL,,,
SRR28523079,SRR28523079_7371_1,LINCOSAMIDE,lincosamide antibiotic,LINCOSAMIDE,FULL,,,
SRR28523079,SRR28523079_7710_2,TETRACYCLINE,tetracycline antibiotic,TETRACYCLINE,FULL,,,
SRR28523080,SRR28523080_5084_2,TETRACYCLINE,tetracycline antibiotic,TETRACYCLINE,FULL,,,
SRR28523080,SRR28523080_34484_2,AMINOGLYCOSIDE,aminoglycoside antibiotic,AMINOGLYCOSIDE,FULL,,,
SRR28523080,SRR28523080_167180_1,AMINOGLYCOSIDE,aminoglycoside antibiotic,AMINOGLYCOSIDE,FULL,,,
SRR28523083,SRR28523083_33206_2,AMINOGLYCOSIDE,aminoglycoside antibiotic,AMINOGLYCOSIDE,FULL,,,
SRR28523083,SRR28523083_47405_2,TETRACYCLINE,tetracycline antibiotic,TETRACYCLINE,FULL,,,
SRR28523083,SRR28523083_54375_1,AMINOGLYCOSIDE,aminoglycoside antibiotic,AMINOGLYCOSIDE,FULL,,,
SRR28523083,SRR28523083_132041_1,AMINOGLYCOSIDE,aminoglycoside antibiotic,AMINOGLYCOSIDE,FULL,,,
SRR28523084,SRR28523084_24557_3,AMINOGLYCOSIDE,aminoglycoside antibiotic,AMINOGLYCOSIDE,FULL,,,
SRR28523084,SRR28523084_98559_1,AMINOGLYCOSIDE,aminoglycoside antibiotic,AMINOGLYCOSIDE,FULL,,,
SRR28523087,SRR28523087_22638_1,LINCOSAMIDE,lincosamide antibiotic,LINCOSAMIDE,FULL,,,
SRR28523091,SRR28523091_35795_1,TETRACYCLINE,tetracycline antibiotic,TETRACYCLINE,FULL,,,
SRR28523092,SRR28523092_11080_1,TETRACYCLINE,tetracycline antibiotic,TETRACYCLINE,FULL,,,
SRR28523095,SRR28523095_1756_1,TETRACYCLINE,tetracycline antibiotic,TETRACYCLINE,FULL,,,
SRR28523095,SRR28523095_14719_1,QUATERNARY AMMONIUM,disinfecting agents and antiseptics,QUATERNARY AMMONIUM,FULL,,,
SRR28523096,SRR28523096_5434_1,MACROLIDE/STREPTOGRAMIN,macrolide antibiotic; streptogramin antibiotic; streptogramin B antibiotic,MACROLIDE/STREPTOGRAMIN,FULL,,,
SRR28523096,SRR28523096_8631_2,TETRACYCLINE,tetracycline antibiotic,TETRACYCLINE,FULL,,,
SRR28523096,SRR28523096_66024_1,LINCOSAMIDE,lincosamide antibiotic,LINCOSAMIDE,FULL,,,
SRR28523096,SRR28523096_77215_2,FOSFOMYCIN,phosphonic acid antibiotic,FOSFOMYCIN,FULL,,,
SRR28523096,SRR28523096_119761_1,QUATERNARY AMMONIUM,disinfecting agents and antiseptics,QUATERNARY AMMONIUM,FULL,,,
SRR28523096,SRR28523096_157134_1,QUATERNARY AMMONIUM,disinfecting agents and antiseptics,QUATERNARY AMMONIUM,FULL,,,
SRR28523101,SRR28523101_12710_2,AMINOGLYCOSIDE,aminoglycoside antibiotic,AMINOGLYCOSIDE,FULL,,,
SRR28523101,SRR28523101_15617_1,TETRACYCLINE,tetracycline antibiotic,TETRACYCLINE,FULL,,,
SRR28523103,SRR28523103_1652_3,FOSFOMYCIN,phosphonic acid antibiotic,FOSFOMYCIN,FULL,,,
SRR28523103,SRR28523103_5520_1,LINCOSAMIDE,lincosamide antibiotic,LINCOSAMIDE,FULL,,,
SRR28523103,SRR28523103_22494_2,LINCOSAMIDE/MACROLIDE/STREPTOGRAMIN,macrolide antibiotic; lincosamide antibiotic; streptogramin antibiotic; streptogramin A antibiotic; streptogramin B antibiotic,LINCOSAMIDE/MACROLIDE/STREPTOGRAMIN,FULL,,,
SRR28523104,SRR28523104_1122_1,LINCOSAMIDE/MACROLIDE/STREPTOGRAMIN,macrolide antibiotic; lincosamide antibiotic; streptogramin antibiotic; streptogramin A antibiotic; streptogramin B antibiotic,LINCOSAMIDE/MACROLIDE/STREPTOGRAMIN,FULL,,,
SRR28523104,SRR28523104_3373_3,AMINOGLYCOSIDE,aminoglycoside antibiotic,AMINOGLYCOSIDE,FULL,,,
SRR28523104,SRR28523104_17147_1,QUATERNARY AMMONIUM,disinfecting agents and antiseptics,QUATERNARY AMMONIUM,FULL,,,
SRR28523105,SRR28523105_12015_1,LINCOSAMIDE/MACROLIDE/STREPTOGRAMIN,macrolide antibiotic; lincosamide antibiotic; streptogramin antibiotic; streptogramin A antibiotic; streptogramin B antibiotic,LINCOSAMIDE/MACROLIDE/STREPTOGRAMIN,FULL,,,
SRR28523105,SRR28523105_63462_1,AMINOGLYCOSIDE,aminoglycoside antibiotic,AMINOGLYCOSIDE,FULL,,,
SRR28523105,SRR28523105_315801_1,AMINOGLYCOSIDE,aminoglycoside antibiotic,AMINOGLYCOSIDE,FULL,,,
SRR28523106,SRR28523106_6514_1,QUATERNARY AMMONIUM,disinfecting agents and antiseptics,QUATERNARY AMMONIUM,FULL,,,
SRR28523109,SRR28523109_18294_2,LINCOSAMIDE/MACROLIDE/STREPTOGRAMIN,macrolide antibiotic; lincosamide antibiotic; streptogramin antibiotic; streptogramin A antibiotic; streptogramin B antibiotic,LINCOSAMIDE/MACROLIDE/STREPTOGRAMIN,FULL,,,
SRR28523109,SRR28523109_56516_1,AMINOGLYCOSIDE,aminoglycoside antibiotic,AMINOGLYCOSIDE,FULL,,,
SRR28523109,SRR28523109_56516_3,AMINOGLYCOSIDE,aminoglycoside antibiotic,AMINOGLYCOSIDE,FULL,,,
SRR28523112,SRR28523112_77928_1,QUATERNARY AMMONIUM,disinfecting agents and antiseptics,QUATERNARY AMMONIUM,FULL,,,
SRR28523119,SRR28523119_3883_1,FOSFOMYCIN,phosphonic acid antibiotic,FOSFOMYCIN,FULL,,,
SRR28523119,SRR28523119_32803_1,QUATERNARY AMMONIUM,disinfecting agents and antiseptics,QUATERNARY AMMONIUM,FULL,,,
SRR28523120,SRR28523120_114345_1,QUATERNARY AMMONIUM,disinfecting agents and antiseptics,QUATERNARY AMMONIUM,FULL,,,
SRR28523121,SRR28523121_272228_1,QUATERNARY AMMONIUM,disinfecting agents and antiseptics,QUATERNARY AMMONIUM,FULL,,,
SRR28523121,SRR28523121_339472_2,QUATERNARY AMMONIUM,disinfecting agents and antiseptics,QUATERNARY AMMONIUM,FULL,,,
SRR28523122,SRR28523122_18358_1,QUATERNARY AMMONIUM,disinfecting agents and antiseptics,QUATERNARY AMMONIUM,FULL,,,
SRR28523124,SRR28523124_2166_12,TETRACYCLINE,tetracycline antibiotic,TETRACYCLINE,FULL,,,
SRR28523127,SRR28523127_52437_3,FOSFOMYCIN,phosphonic acid antibiotic,FOSFOMYCIN,FULL,,,
SRR28523127,SRR28523127_66502_1,QUATERNARY AMMONIUM,disinfecting agents and antiseptics,QUATERNARY AMMONIUM,FULL,,,
SRR28523127,SRR28523127_113554_1,TETRACYCLINE,tetracycline antibiotic,TETRACYCLINE,FULL,,,
SRR28523128,SRR28523128_99880_1,TETRACYCLINE,tetracycline antibiotic,TETRACYCLINE,FULL,,,
SRR28523129,SRR28523129_28070_3,BETA-LACTAM,penicillin beta-lactam,BETA-LACTAM,FULL,,,
SRR28523129,SRR28523129_45191_1,PHENICOL,phenicol antibiotic,PHENICOL,FULL,,,
SRR28523129,SRR28523129_54318_1,QUATERNARY AMMONIUM,disinfecting agents and antiseptics,QUATERNARY AMMONIUM,FULL,,,
SRR28523129,SRR28523129_58817_1,TETRACYCLINE,tetracycline antibiotic,TETRACYCLINE,FULL,,,
SRR28523129,SRR28523129_256275_1,QUATERNARY AMMONIUM,disinfecting agents and antiseptics,QUATERNARY AMMONIUM,FULL,,,
SRR28523131,SRR28523131_117526_1,FOSFOMYCIN,phosphonic acid antibiotic,FOSFOMYCIN,FULL,,,
SRR28523132,SRR28523132_88305_1,BETA-LACTAM,penicillin beta-lactam,BETA-LACTAM,FULL,,,
SRR28523132,SRR28523132_144795_2,FOSFOMYCIN,phosphonic acid antibiotic,FOSFOMYCIN,FULL,,,
SRR28523132,SRR28523132_165862_1,TETRACYCLINE,tetracycline antibiotic,TETRACYCLINE,FULL,,,
SRR28523132,SRR28523132_391182_1,PHENICOL,phenicol antibiotic,PHENICOL,FULL,,,
SRR28523132,SRR28523132_499566_1,QUATERNARY AMMONIUM,disinfecting agents and antiseptics,QUATERNARY AMMONIUM,FULL,,,
SRR28523133,SRR28523133_2700_1,PHENICOL,phenicol antibiotic,PHENICOL,FULL,,,
SRR28523133,SRR28523133_5973_1,BETA-LACTAM,penicillin beta-lactam,BETA-LACTAM,FULL,,,
SRR28523133,SRR28523133_45482_1,TETRACYCLINE,tetracycline antibiotic,TETRACYCLINE,FULL,,,
SRR28523133,SRR28523133_69758_1,MACROLIDE/STREPTOGRAMIN,macrolide antibiotic; streptogramin antibiotic; streptogramin B antibiotic,MACROLIDE/STREPTOGRAMIN,FULL,,,
SRR28523133,SRR28523133_123559_1,FOSFOMYCIN,phosphonic acid antibiotic,FOSFOMYCIN,FULL,,,
SRR28523134,SRR28523134_205467_1,MACROLIDE,macrolide antibiotic,MACROLIDE,FULL,,,
SRR28523136,SRR28523136_33544_2,QUATERNARY AMMONIUM,disinfecting agents and antiseptics,QUATERNARY AMMONIUM,FULL,,,
SRR28523136,SRR28523136_52250_2,FOSFOMYCIN,phosphonic acid antibiotic,FOSFOMYCIN,FULL,,,
SRR28523136,SRR28523136_120600_1,TETRACYCLINE,tetracycline antibiotic,TETRACYCLINE,FULL,,,
SRR28523136,SRR28523136_231103_1,PHENICOL,phenicol antibiotic,PHENICOL,FULL,,,
SRR28523136,SRR28523136_364502_2,QUATERNARY AMMONIUM,disinfecting agents and antiseptics,QUATERNARY AMMONIUM,FULL,,,
SRR28523136,SRR28523136_384884_1,QUATERNARY AMMONIUM,disinfecting agents and antiseptics,QUATERNARY AMMONIUM,FULL,,,
SRR28523136,SRR28523136_963692_1,QUATERNARY AMMONIUM,disinfecting agents and antiseptics,QUATERNARY AMMONIUM,FULL,,,
SRR28523137,SRR28523137_43061_1,BETA-LACTAM,penicillin beta-lactam,BETA-LACTAM,FULL,,,
SRR28523137,SRR28523137_82007_6,SULFONAMIDE,sulfonamide antibiotic,SULFONAMIDE,FULL,,,
SRR28523137,SRR28523137_113055_1,PHENICOL,phenicol antibiotic,PHENICOL,FULL,,,
SRR28523137,SRR28523137_217496_1,AMINOGLYCOSIDE,aminoglycoside antibiotic,AMINOGLYCOSIDE,FULL,,,
SRR28523137,SRR28523137_332828_1,QUATERNARY AMMONIUM,disinfecting agents and antiseptics,QUATERNARY AMMONIUM,FULL,,,
SRR28523137,SRR28523137_334069_1,FOSFOMYCIN,phosphonic acid antibiotic,FOSFOMYCIN,FULL,,,
SRR28523138,SRR28523138_244048_6,FOSFOMYCIN,phosphonic acid antibiotic,FOSFOMYCIN,FULL,,,
SRR28523139,SRR28523139_9505_1,QUATERNARY AMMONIUM,disinfecting agents and antiseptics,QUATERNARY AMMONIUM,FULL,,,
SRR28523139,SRR28523139_14520_1,FOSFOMYCIN,phosphonic acid antibiotic,FOSFOMYCIN,FULL,,,
SRR28523139,SRR28523139_70637_1,TETRACYCLINE,tetracycline antibiotic,TETRACYCLINE,FULL,,,
SRR28523139,SRR28523139_104176_2,TETRACYCLINE,tetracycline antibiotic,TETRACYCLINE,FULL,,,
SRR28523140,SRR28523140_95865_2,TETRACYCLINE,tetracycline antibiotic,TETRACYCLINE,FULL,,,
SRR28523142,SRR28523142_4725_6,SULFONAMIDE,sulfonamide antibiotic,SULFONAMIDE,FULL,,,
SRR28523142,SRR28523142_22861_1,PHENICOL,phenicol antibiotic,PHENICOL,FULL,,,
SRR28523142,SRR28523142_50260_1,QUATERNARY AMMONIUM,disinfecting agents and antiseptics,QUATERNARY AMMONIUM,FULL,,,
SRR28523142,SRR28523142_59572_1,FOSFOMYCIN,phosphonic acid antibiotic,FOSFOMYCIN,FULL,,,
SRR28523142,SRR28523142_122968_2,TETRACYCLINE,tetracycline antibiotic,TETRACYCLINE,FULL,,,
SRR28523142,SRR28523142_176405_1,BETA-LACTAM,penicillin beta-lactam,BETA-LACTAM,FULL,,,
SRR28523144,SRR28523144_7644_1,TETRACYCLINE,tetracycline antibiotic,TETRACYCLINE,FULL,,,
SRR28523144,SRR28523144_24730_1,FOSFOMYCIN,phosphonic acid antibiotic,FOSFOMYCIN,FULL,,,
SRR28523144,SRR28523144_79323_2,PHENICOL,phenicol antibiotic,PHENICOL,FULL,,,
SRR28523144,SRR28523144_79357_1,MACROLIDE,macrolide antibiotic,MACROLIDE,FULL,,,
SRR28523144,SRR28523144_137832_2,QUATERNARY AMMONIUM,disinfecting agents and antiseptics,QUATERNARY AMMONIUM,FULL,,,
SRR28523144,SRR28523144_149459_1,TETRACYCLINE,tetracycline antibiotic,TETRACYCLINE,FULL,,,
SRR28523145,SRR28523145_6773_1,TETRACYCLINE,tetracycline antibiotic,TETRACYCLINE,FULL,,,
SRR28523145,SRR28523145_30601_1,QUATERNARY AMMONIUM,disinfecting agents and antiseptics,QUATERNARY AMMONIUM,FULL,,,
SRR28523145,SRR28523145_37622_4,TETRACYCLINE,tetracycline antibiotic,TETRACYCLINE,FULL,,,
SRR28523145,SRR28523145_37622_5,QUATERNARY AMMONIUM,disinfecting agents and antiseptics,QUATERNARY AMMONIUM,FULL,,,
SRR28523145,SRR28523145_42264_1,FOSFOMYCIN,phosphonic acid antibiotic,FOSFOMYCIN,FULL,,,
SRR28523146,SRR28523146_1286_3,TETRACYCLINE,tetracycline antibiotic,TETRACYCLINE,FULL,,,
SRR28523146,SRR28523146_4214_1,TETRACYCLINE,tetracycline antibiotic,TETRACYCLINE,FULL,,,
SRR28523147,SRR28523147_2463_1,TETRACYCLINE,tetracycline antibiotic,TETRACYCLINE,FULL,,,
SRR28523147,SRR28523147_12738_3,BETA-LACTAM,penicillin beta-lactam,BETA-LACTAM,FULL,,,
SRR28523147,SRR28523147_188423_1,QUATERNARY AMMONIUM,disinfecting agents and antiseptics,QUATERNARY AMMONIUM,FULL,,,
SRR28523148,SRR28523148_49266_1,QUATERNARY AMMONIUM,disinfecting agents and antiseptics,QUATERNARY AMMONIUM,FULL,,,
SRR28523148,SRR28523148_746492_1,TETRACYCLINE,tetracycline antibiotic,TETRACYCLINE,FULL,,,
SRR28523149,SRR28523149_6168_7,FOSFOMYCIN,phosphonic acid antibiotic,FOSFOMYCIN,FULL,,,
SRR28523150,SRR28523150_10409_1,BETA-LACTAM,penicillin beta-lactam,BETA-LACTAM,FULL,,,
SRR28523150,SRR28523150_12345_1,QUATERNARY AMMONIUM,disinfecting agents and antiseptics,QUATERNARY AMMONIUM,FULL,,,
SRR28523150,SRR28523150_68591_1,FOSFOMYCIN,phosphonic acid antibiotic,FOSFOMYCIN,FULL,,,
SRR28523150,SRR28523150_69174_1,QUATERNARY AMMONIUM,disinfecting agents and antiseptics,QUATERNARY AMMONIUM,FULL,,,
SRR28523150,SRR28523150_215437_1,FOSFOMYCIN,phosphonic acid antibiotic,FOSFOMYCIN,FULL,,,
SRR28523151,SRR28523151_72682_1,FOSFOMYCIN,phosphonic acid antibiotic,FOSFOMYCIN,FULL,,,
SRR28523152,SRR28523152_49539_2,TETRACYCLINE,tetracycline antibiotic,TETRACYCLINE,FULL,,,
SRR28523152,SRR28523152_92063_3,SULFONAMIDE,sulfonamide antibiotic,SULFONAMIDE,FULL,,,
SRR28523152,SRR28523152_156713_1,QUATERNARY AMMONIUM,disinfecting agents and antiseptics,QUATERNARY AMMONIUM,FULL,,,
SRR28523152,SRR28523152_212936_1,TETRACYCLINE,tetracycline antibiotic,TETRACYCLINE,FULL,,,
SRR28523152,SRR28523152_266933_2,TETRACYCLINE,tetracycline antibiotic,TETRACYCLINE,FULL,,,
SRR28523152,SRR28523152_411069_2,AMINOGLYCOSIDE,aminoglycoside antibiotic,AMINOGLYCOSIDE,FULL,,,
SRR28523152,SRR28523152_411069_3,AMINOGLYCOSIDE,aminoglycoside antibiotic,AMINOGLYCOSIDE,FULL,,,
SRR28523153,SRR28523153_2429_2,FOSFOMYCIN,phosphonic acid antibiotic,FOSFOMYCIN,FULL,,,
SRR28523153,SRR28523153_17272_1,TETRACYCLINE,tetracycline antibiotic,TETRACYCLINE,FULL,,,
SRR28523153,SRR28523153_56391_1,MACROLIDE,macrolide antibiotic,MACROLIDE,FULL,,,
SRR28523153,SRR28523153_62825_1,BETA-LACTAM,penicillin beta-lactam,BETA-LACTAM,FULL,,,
SRR28523153,SRR28523153_80602_1,QUATERNARY AMMONIUM,disinfecting agents and antiseptics,QUATERNARY AMMONIUM,FULL,,,
SRR28523154,SRR28523154_8481_3,FOSFOMYCIN,phosphonic acid antibiotic,FOSFOMYCIN,FULL,,,
SRR28523154,SRR28523154_62379_1,TETRACYCLINE,tetracycline antibiotic,TETRACYCLINE,FULL,,,
SRR28523155,SRR28523155_64373_2,SULFONAMIDE,sulfonamide antibiotic,SULFONAMIDE,FULL,,,
SRR28523157,SRR28523157_30366_1,TETRACYCLINE,tetracycline antibiotic,TETRACYCLINE,FULL,,,
SRR28523157,SRR28523157_36594_2,TETRACYCLINE,tetracycline antibiotic,TETRACYCLINE,FULL,,,
SRR28523158,SRR28523158_11388_1,QUATERNARY AMMONIUM,disinfecting agents and antiseptics,QUATERNARY AMMONIUM,FULL,,,
SRR28523158,SRR28523158_65134_2,FOSFOMYCIN,phosphonic acid antibiotic,FOSFOMYCIN,FULL,,,
SRR28523159,SRR28523159_33429_2,TETRACYCLINE,tetracycline antibiotic,TETRACYCLINE,FULL,,,
SRR28523161,SRR28523161_7542_1,QUATERNARY AMMONIUM,disinfecting agents and antiseptics,QUATERNARY AMMONIUM,FULL,,,
SRR28523163,SRR28523163_5093_2,QUATERNARY AMMONIUM,disinfecting agents and antiseptics,QUATERNARY AMMONIUM,FULL,,,
SRR28523164,SRR28523164_7137_1,TETRACYCLINE,tetracycline antibiotic,TETRACYCLINE,FULL,,,
SRR28523164,SRR28523164_10759_1,AMINOGLYCOSIDE,aminoglycoside antibiotic,AMINOGLYCOSIDE,FULL,,,
SRR28523165,SRR28523165_4637_2,TETRACYCLINE,tetracycline antibiotic,TETRACYCLINE,FULL,,,
SRR28523165,SRR28523165_9568_4,AMINOGLYCOSIDE,aminoglycoside antibiotic,AMINOGLYCOSIDE,FULL,,,
SRR28523165,SRR28523165_9568_5,AMINOGLYCOSIDE,aminoglycoside antibiotic,AMINOGLYCOSIDE,FULL,,,
SRR28523165,SRR28523165_25514_2,FOSFOMYCIN,phosphonic acid antibiotic,FOSFOMYCIN,FULL,,,
SRR28523165,SRR28523165_40355_2,AMINOGLYCOSIDE,aminoglycoside antibiotic,AMINOGLYCOSIDE,FULL,,,
SRR28523165,SRR28523165_43183_1,AMINOGLYCOSIDE,aminoglycoside antibiotic,AMINOGLYCOSIDE,FULL,,,
SRR28523165,SRR28523165_65325_2,AMINOGLYCOSIDE,aminoglycoside antibiotic,AMINOGLYCOSIDE,FULL,,,
SRR28523165,SRR28523165_86346_1,LINCOSAMIDE/MACROLIDE/STREPTOGRAMIN,macrolide antibiotic; lincosamide antibiotic; streptogramin antibiotic; streptogramin A antibiotic; streptogramin B antibiotic,LINCOSAMIDE/MACROLIDE/STREPTOGRAMIN,FULL,,,
SRR28523166,SRR28523166_5518_1,LINCOSAMIDE,lincosamide antibiotic,LINCOSAMIDE,FULL,,,
SRR28523166,SRR28523166_5518_2,LINCOSAMIDE/STREPTOGRAMIN,lincosamide antibiotic; streptogramin antibiotic; pleuromutilin antibiotic,LINCOSAMIDE/STREPTOGRAMIN,PARTIAL,,PLEUROMUTILIN,
SRR28523166,SRR28523166_6818_2,STREPTOTHRICIN,nucleoside antibiotic,STREPTOTHRICIN,FULL,,,
SRR28523166,SRR28523166_6818_3,AMINOGLYCOSIDE,aminoglycoside antibiotic,AMINOGLYCOSIDE,FULL,,,
SRR28523166,SRR28523166_7844_2,LINCOSAMIDE/MACROLIDE/STREPTOGRAMIN,macrolide antibiotic; lincosamide antibiotic; streptogramin antibiotic; streptogramin A antibiotic; streptogramin B antibiotic,LINCOSAMIDE/MACROLIDE/STREPTOGRAMIN,FULL,,,
SRR28523166,SRR28523166_15829_1,LINCOSAMIDE,lincosamide antibiotic,LINCOSAMIDE,FULL,,,
SRR28523166,SRR28523166_25475_1,PHENICOL,phenicol antibiotic,PHENICOL,FULL,,,
SRR28523167,SRR28523167_67330_1,QUATERNARY AMMONIUM,disinfecting agents and antiseptics,QUATERNARY AMMONIUM,FULL,,,
SRR28523168,SRR28523168_2862_2,TETRACYCLINE,tetracycline antibiotic,TETRACYCLINE,FULL,,,
SRR28523168,SRR28523168_230812_1,FOSFOMYCIN,phosphonic acid antibiotic,FOSFOMYCIN,FULL,,,
SRR28523168,SRR28523168_279789_1,QUATERNARY AMMONIUM,disinfecting agents and antiseptics,QUATERNARY AMMONIUM,FULL,,,
SRR28523169,SRR28523169_14177_2,BETA-LACTAM,monobactam; cephalosporin; penicillin beta-lactam,BETA-LACTAM,FULL,,,
SRR28523171,SRR28523171_29750_1,FOSFOMYCIN,phosphonic acid antibiotic,FOSFOMYCIN,FULL,,,
SRR28523171,SRR28523171_366375_1,QUATERNARY AMMONIUM,disinfecting agents and antiseptics,QUATERNARY AMMONIUM,FULL,,,
SRR28523172,SRR28523172_5271_1,QUATERNARY AMMONIUM,disinfecting agents and antiseptics,QUATERNARY AMMONIUM,FULL,,,
SRR28523173,SRR28523173_25627_1,QUATERNARY AMMONIUM,disinfecting agents and antiseptics,QUATERNARY AMMONIUM,FULL,,,
SRR28523174,SRR28523174_2272_2,TETRACYCLINE,tetracycline antibiotic,TETRACYCLINE,FULL,,,
SRR28523174,SRR28523174_5239_2,FOSFOMYCIN,phosphonic acid antibiotic,FOSFOMYCIN,FULL,,,
SRR28523174,SRR28523174_19613_2,TETRACYCLINE,tetracycline antibiotic,TETRACYCLINE,FULL,,,
SRR28523174,SRR28523174_45739_2,AMINOGLYCOSIDE,aminoglycoside antibiotic,AMINOGLYCOSIDE,FULL,,,
SRR28523174,SRR28523174_45739_3,STREPTOTHRICIN,nucleoside antibiotic,STREPTOTHRICIN,FULL,,,
SRR28523174,SRR28523174_45739_4,AMINOGLYCOSIDE,aminoglycoside antibiotic,AMINOGLYCOSIDE,FULL,,,
SRR28523174,SRR28523174_59755_1,QUATERNARY AMMONIUM,disinfecting agents and antiseptics,QUATERNARY AMMONIUM,FULL,,,
SRR28523174,SRR28523174_63181_1,LINCOSAMIDE,lincosamide antibiotic,LINCOSAMIDE,FULL,,,
SRR28523175,SRR28523175_11366_1,TETRACYCLINE,tetracycline antibiotic,TETRACYCLINE,FULL,,,
SRR28523175,SRR28523175_11366_3,TETRACYCLINE,tetracycline antibiotic,TETRACYCLINE,FULL,,,
SRR28523175,SRR28523175_11771_1,AMINOGLYCOSIDE,aminoglycoside antibiotic,AMINOGLYCOSIDE,FULL,,,
SRR28523175,SRR28523175_13979_5,AMINOGLYCOSIDE,aminoglycoside antibiotic,AMINOGLYCOSIDE,FULL,,,
SRR28523175,SRR28523175_14517_1,AMINOGLYCOSIDE,aminoglycoside antibiotic,AMINOGLYCOSIDE,FULL,,,
SRR28523175,SRR28523175_22346_2,AMINOGLYCOSIDE,aminoglycoside antibiotic,AMINOGLYCOSIDE,FULL,,,
SRR28523175,SRR28523175_22346_3,AMINOGLYCOSIDE,aminoglycoside antibiotic,AMINOGLYCOSIDE,FULL,,,
SRR28523175,SRR28523175_51223_4,AMINOGLYCOSIDE,aminoglycoside antibiotic,AMINOGLYCOSIDE,FULL,,,
SRR28523175,SRR28523175_60285_1,LINCOSAMIDE/MACROLIDE/STREPTOGRAMIN,macrolide antibiotic; lincosamide antibiotic; streptogramin antibiotic; streptogramin A antibiotic; streptogramin B antibiotic,LINCOSAMIDE/MACROLIDE/STREPTOGRAMIN,FULL,,,
SRR28523175,SRR28523175_60607_1,TETRACYCLINE,tetracycline antibiotic,TETRACYCLINE,FULL,,,
SRR28523177,SRR28523177_4524_1,TETRACYCLINE,tetracycline antibiotic,TETRACYCLINE,FULL,,,
SRR28523177,SRR28523177_7239_1,MACROLIDE/STREPTOGRAMIN,macrolide antibiotic; streptogramin antibiotic; streptogramin B antibiotic,MACROLIDE/STREPTOGRAMIN,FULL,,,
SRR28523177,SRR28523177_16632_2,AMINOGLYCOSIDE,aminoglycoside antibiotic,AMINOGLYCOSIDE,FULL,,,
SRR28523177,SRR28523177_16632_3,STREPTOTHRICIN,nucleoside antibiotic,STREPTOTHRICIN,FULL,,,
SRR28523177,SRR28523177_16632_4,AMINOGLYCOSIDE,aminoglycoside antibiotic,AMINOGLYCOSIDE,FULL,,,
SRR28523177,SRR28523177_83518_2,LINCOSAMIDE/MACROLIDE/STREPTOGRAMIN,macrolide antibiotic; lincosamide antibiotic; streptogramin antibiotic; streptogramin A antibiotic; streptogramin B antibiotic,LINCOSAMIDE/MACROLIDE/STREPTOGRAMIN,FULL,,,
SRR28523177,SRR28523177_125424_1,LINCOSAMIDE,lincosamide antibiotic,LINCOSAMIDE,FULL,,,
SRR28523178,SRR28523178_75559_1,TETRACYCLINE,tetracycline antibiotic,TETRACYCLINE,FULL,,,
SRR28523178,SRR28523178_83543_1,QUATERNARY AMMONIUM,disinfecting agents and antiseptics,QUATERNARY AMMONIUM,FULL,,,
SRR28523179,SRR28523179_12864_2,LINCOSAMIDE/MACROLIDE/STREPTOGRAMIN,macrolide antibiotic; lincosamide antibiotic; streptogramin antibiotic; streptogramin A antibiotic; streptogramin B antibiotic,LINCOSAMIDE/MACROLIDE/STREPTOGRAMIN,FULL,,,
SRR28523179,SRR28523179_15549_1,AMINOGLYCOSIDE,aminoglycoside antibiotic,AMINOGLYCOSIDE,FULL,,,
SRR28523180,SRR28523180_2456_1,AMINOGLYCOSIDE,aminoglycoside antibiotic,AMINOGLYCOSIDE,FULL,,,
SRR28523180,SRR28523180_7924_1,TETRACYCLINE,tetracycline antibiotic,TETRACYCLINE,FULL,,,
SRR28523180,SRR28523180_16089_1,SULFONAMIDE,sulfonamide antibiotic,SULFONAMIDE,FULL,,,
SRR28523180,SRR28523180_17472_1,AMINOGLYCOSIDE,aminoglycoside antibiotic,AMINOGLYCOSIDE,FULL,,,
SRR28523180,SRR28523180_20011_1,BETA-LACTAM,monobactam; cephalosporin; penicillin beta-lactam,BETA-LACTAM,FULL,,,
SRR28523180,SRR28523180_25709_2,TETRACYCLINE,tetracycline antibiotic,TETRACYCLINE,FULL,,,
SRR28523180,SRR28523180_27135_1,LINCOSAMIDE/MACROLIDE/STREPTOGRAMIN,macrolide antibiotic; lincosamide antibiotic; streptogramin antibiotic; streptogramin A antibiotic; streptogramin B antibiotic,LINCOSAMIDE/MACROLIDE/STREPTOGRAMIN,FULL,,,
SRR28523180,SRR28523180_27684_1,AMINOGLYCOSIDE,aminoglycoside antibiotic,AMINOGLYCOSIDE,FULL,,,
SRR28523180,SRR28523180_27684_2,AMINOGLYCOSIDE,aminoglycoside antibiotic,AMINOGLYCOSIDE,FULL,,,
SRR28523180,SRR28523180_40417_1,AMINOGLYCOSIDE,aminoglycoside antibiotic,AMINOGLYCOSIDE,FULL,,,
SRR28523181,SRR28523181_19199_3,AMINOGLYCOSIDE,aminoglycoside antibiotic,AMINOGLYCOSIDE,FULL,,,
SRR28523181,SRR28523181_31947_2,LINCOSAMIDE/MACROLIDE/STREPTOGRAMIN,macrolide antibiotic; lincosamide antibiotic; streptogramin antibiotic; streptogramin A antibiotic; streptogramin B antibiotic,LINCOSAMIDE/MACROLIDE/STREPTOGRAMIN,FULL,,,
SRR28523181,SRR28523181_56441_1,QUATERNARY AMMONIUM,disinfecting agents and antiseptics,QUATERNARY AMMONIUM,FULL,,,
SRR28523182,SRR28523182_30324_1,TETRACYCLINE,tetracycline antibiotic,TETRACYCLINE,FULL,,,
SRR28523182,SRR28523182_32024_3,AMINOGLYCOSIDE,aminoglycoside antibiotic,AMINOGLYCOSIDE,FULL,,,
SRR28523182,SRR28523182_32024_4,STREPTOTHRICIN,nucleoside antibiotic,STREPTOTHRICIN,FULL,,,
SRR28523182,SRR28523182_32024_5,AMINOGLYCOSIDE,aminoglycoside antibiotic,AMINOGLYCOSIDE,FULL,,,
SRR28523182,SRR28523182_56962_1,PHENICOL,phenicol antibiotic,PHENICOL,FULL,,,
SRR28523182,SRR28523182_60539_2,LINCOSAMIDE/MACROLIDE/STREPTOGRAMIN,macrolide antibiotic; lincosamide antibiotic; streptogramin antibiotic; streptogramin A antibiotic; streptogramin B antibiotic,LINCOSAMIDE/MACROLIDE/STREPTOGRAMIN,FULL,,,
SRR28523182,SRR28523182_72220_2,TETRACYCLINE,tetracycline antibiotic,TETRACYCLINE,FULL,,,
SRR28523186,SRR28523186_422_2,FOSFOMYCIN,phosphonic acid antibiotic,FOSFOMYCIN,FULL,,,
SRR28523186,SRR28523186_11299_1,QUATERNARY AMMONIUM,disinfecting agents and antiseptics,QUATERNARY AMMONIUM,FULL,,,
SRR28523186,SRR28523186_18117_2,MACROLIDE/STREPTOGRAMIN,macrolide antibiotic; streptogramin antibiotic; streptogramin B antibiotic,MACROLIDE/STREPTOGRAMIN,FULL,,,
SRR28523186,SRR28523186_19207_1,BETA-LACTAM,penicillin beta-lactam,BETA-LACTAM,FULL,,,
SRR28523186,SRR28523186_20700_5,AMINOGLYCOSIDE,aminoglycoside antibiotic,AMINOGLYCOSIDE,FULL,,,
SRR28523186,SRR28523186_20700_6,AMINOGLYCOSIDE,aminoglycoside antibiotic,AMINOGLYCOSIDE,FULL,,,
SRR28523186,SRR28523186_33877_2,FUSIDIC ACID,fusidane antibiotic,FUSIDIC ACID,FULL,,,
SRR28523186,SRR28523186_34886_1,TETRACYCLINE,tetracycline antibiotic,TETRACYCLINE,FULL,,,
SRR28523186,SRR28523186_40100_2,AMINOGLYCOSIDE,aminoglycoside antibiotic,AMINOGLYCOSIDE,FULL,,,
SRR28523186,SRR28523186_51043_2,TETRACYCLINE,tetracycline antibiotic,TETRACYCLINE,FULL,,,
SRR28523186,SRR28523186_55680_1,QUATERNARY AMMONIUM,disinfecting agents and antiseptics,QUATERNARY AMMONIUM,FULL,,,
SRR28523186,SRR28523186_75495_1,QUATERNARY AMMONIUM,disinfecting agents and antiseptics,QUATERNARY AMMONIUM,FULL,,,
SRR28523188,SRR28523188_269789_1,QUATERNARY AMMONIUM,disinfecting agents and antiseptics,QUATERNARY AMMONIUM,FULL,,,
SRR28523190,SRR28523190_51624_1,QUATERNARY AMMONIUM,disinfecting agents and antiseptics,QUATERNARY AMMONIUM,FULL,,,
SRR28523191,SRR28523191_3031_1,QUATERNARY AMMONIUM,disinfecting agents and antiseptics,QUATERNARY AMMONIUM,FULL,,,
SRR28523191,SRR28523191_3501_1,QUATERNARY AMMONIUM,disinfecting agents and antiseptics,QUATERNARY AMMONIUM,FULL,,,
SRR28523191,SRR28523191_8372_1,AMINOGLYCOSIDE,aminoglycoside antibiotic,AMINOGLYCOSIDE,FULL,,,
SRR28523192,SRR28523192_3039_3,FOSFOMYCIN,phosphonic acid antibiotic,FOSFOMYCIN,FULL,,,
SRR28523192,SRR28523192_14408_1,QUATERNARY AMMONIUM,disinfecting agents and antiseptics,QUATERNARY AMMONIUM,FULL,,,
SRR28523200,SRR28523200_204689_1,QUATERNARY AMMONIUM,disinfecting agents and antiseptics,QUATERNARY AMMONIUM,FULL,,,
SRR28523208,SRR28523208_189778_1,QUATERNARY AMMONIUM,disinfecting agents and antiseptics,QUATERNARY AMMONIUM,FULL,,,
SRR28523209,SRR28523209_22997_2,QUATERNARY AMMONIUM,disinfecting agents and antiseptics,QUATERNARY AMMONIUM,FULL,,,
SRR28523209,SRR28523209_215972_1,QUATERNARY AMMONIUM,disinfecting agents and antiseptics,QUATERNARY AMMONIUM,FULL,,,
SRR28523220,SRR28523220_29863_1,PHENICOL,phenicol antibiotic,PHENICOL,FULL,,,
SRR28523228,SRR28523228_808566_2,AMINOGLYCOSIDE,aminoglycoside antibiotic,AMINOGLYCOSIDE,FULL,,,
SRR28523232,SRR28523232_3568_2,LINCOSAMIDE/MACROLIDE/STREPTOGRAMIN,macrolide antibiotic; lincosamide antibiotic; streptogramin antibiotic; streptogramin A antibiotic; streptogramin B antibiotic,LINCOSAMIDE/MACROLIDE/STREPTOGRAMIN,FULL,,,
SRR28523232,SRR28523232_4386_4,TETRACYCLINE,tetracycline antibiotic,TETRACYCLINE,FULL,,,
SRR28523232,SRR28523232_12450_2,STREPTOTHRICIN,nucleoside antibiotic,STREPTOTHRICIN,FULL,,,
SRR28523232,SRR28523232_12450_3,AMINOGLYCOSIDE,aminoglycoside antibiotic,AMINOGLYCOSIDE,FULL,,,
SRR28523232,SRR28523232_84654_1,QUATERNARY AMMONIUM,disinfecting agents and antiseptics,QUATERNARY AMMONIUM,FULL,,,
SRR28523235,SRR28523235_4083_2,TETRACYCLINE,tetracycline antibiotic,TETRACYCLINE,FULL,,,
SRR28523235,SRR28523235_4434_1,QUATERNARY AMMONIUM,disinfecting agents and antiseptics,QUATERNARY AMMONIUM,FULL,,,
SRR28523235,SRR28523235_5853_1,MACROLIDE/STREPTOGRAMIN,macrolide antibiotic; streptogramin antibiotic; streptogramin B antibiotic,MACROLIDE/STREPTOGRAMIN,FULL,,,
SRR28523235,SRR28523235_21521_1,TETRACYCLINE,tetracycline antibiotic,TETRACYCLINE,FULL,,,
SRR28523235,SRR28523235_108672_1,QUATERNARY AMMONIUM,disinfecting agents and antiseptics,QUATERNARY AMMONIUM,FULL,,,
SRR28523237,SRR28523237_40625_1,TETRACYCLINE,tetracycline antibiotic,TETRACYCLINE,FULL,,,
SRR28523237,SRR28523237_47234_2,FOSFOMYCIN,phosphonic acid antibiotic,FOSFOMYCIN,FULL,,,
SRR28523237,SRR28523237_58291_1,LINCOSAMIDE,lincosamide antibiotic,LINCOSAMIDE,FULL,,,
SRR28523237,SRR28523237_133661_2,BETA-LACTAM,penicillin beta-lactam,BETA-LACTAM,FULL,,,
SRR28523239,SRR28523239_8945_2,FOSFOMYCIN,phosphonic acid antibiotic,FOSFOMYCIN,FULL,,,
SRR28523240,SRR28523240_6032_4,FOSFOMYCIN,phosphonic acid antibiotic,FOSFOMYCIN,FULL,,,
SRR28523243,SRR28523243_10682_1,LINCOSAMIDE,lincosamide antibiotic,LINCOSAMIDE,FULL,,,
SRR28523243,SRR28523243_14317_2,AMINOGLYCOSIDE,aminoglycoside antibiotic,AMINOGLYCOSIDE,FULL,,,
SRR28523243,SRR28523243_21322_1,PHENICOL,phenicol antibiotic,PHENICOL,FULL,,,
SRR28523243,SRR28523243_22565_2,LINCOSAMIDE/MACROLIDE/STREPTOGRAMIN,macrolide antibiotic; lincosamide antibiotic; streptogramin antibiotic; streptogramin A antibiotic; streptogramin B antibiotic,LINCOSAMIDE/MACROLIDE/STREPTOGRAMIN,FULL,,,
SRR28523243,SRR28523243_22765_1,TETRACYCLINE,tetracycline antibiotic,TETRACYCLINE,FULL,,,
SRR28523244,SRR28523244_15059_5,TETRACYCLINE,tetracycline antibiotic,TETRACYCLINE,FULL,,,
SRR28523245,SRR28523245_1725_2,TETRACYCLINE,tetracycline antibiotic,TETRACYCLINE,FULL,,,
SRR28523249,SRR28523249_22622_2,AMINOGLYCOSIDE,aminoglycoside antibiotic,AMINOGLYCOSIDE,FULL,,,
SRR28523251,SRR28523251_10831_1,QUATERNARY AMMONIUM,disinfecting agents and antiseptics,QUATERNARY AMMONIUM,FULL,,,
SRR28523252,SRR28523252_1836_2,TETRACYCLINE,tetracycline antibiotic,TETRACYCLINE,FULL,,,
SRR28523253,SRR28523253_65361_3,FOSFOMYCIN,phosphonic acid antibiotic,FOSFOMYCIN,FULL,,,
SRR28523253,SRR28523253_80090_2,MACROLIDE/STREPTOGRAMIN,macrolide antibiotic; streptogramin antibiotic; streptogramin B antibiotic,MACROLIDE/STREPTOGRAMIN,FULL,,,
SRR28523253,SRR28523253_209192_2,QUATERNARY AMMONIUM,disinfecting agents and antiseptics,QUATERNARY AMMONIUM,FULL,,,
SRR28523258,SRR28523258_1513_1,QUATERNARY AMMONIUM,disinfecting agents and antiseptics,QUATERNARY AMMONIUM,FULL,,,
SRR28523259,SRR28523259_20035_2,QUATERNARY AMMONIUM,disinfecting agents and antiseptics,QUATERNARY AMMONIUM,FULL,,,
SRR28523259,SRR28523259_48614_1,QUATERNARY AMMONIUM,disinfecting agents and antiseptics,QUATERNARY AMMONIUM,FULL,,,
SRR28523260,SRR28523260_62533_2,FOSFOMYCIN,phosphonic acid antibiotic,FOSFOMYCIN,FULL,,,
SRR28523260,SRR28523260_70016_1,QUATERNARY AMMONIUM,disinfecting agents and antiseptics,QUATERNARY AMMONIUM,FULL,,,
SRR28523263,SRR28523263_6048_1,MACROLIDE/STREPTOGRAMIN,macrolide antibiotic; streptogramin antibiotic; streptogramin B antibiotic,MACROLIDE/STREPTOGRAMIN,FULL,,,
SRR28523263,SRR28523263_12577_1,QUATERNARY AMMONIUM,disinfecting agents and antiseptics,QUATERNARY AMMONIUM,FULL,,,
SRR28523263,SRR28523263_15584_1,QUATERNARY AMMONIUM,disinfecting agents and antiseptics,QUATERNARY AMMONIUM,FULL,,,
SRR28523266,SRR28523266_12281_1,QUATERNARY AMMONIUM,disinfecting agents and antiseptics,QUATERNARY AMMONIUM,FULL,,,
SRR28523266,SRR28523266_26130_1,TETRACYCLINE,tetracycline antibiotic,TETRACYCLINE,FULL,,,
SRR28523266,SRR28523266_40847_1,QUATERNARY AMMONIUM,disinfecting agents and antiseptics,QUATERNARY AMMONIUM,FULL,,,
SRR28523267,SRR28523267_7473_4,FOSFOMYCIN,phosphonic acid antibiotic,FOSFOMYCIN,FULL,,,
SRR28523267,SRR28523267_19373_1,QUATERNARY AMMONIUM,disinfecting agents and antiseptics,QUATERNARY AMMONIUM,FULL,,,
SRR28523267,SRR28523267_25262_1,QUATERNARY AMMONIUM,disinfecting agents and antiseptics,QUATERNARY AMMONIUM,FULL,,,
SRR28523267,SRR28523267_54730_1,QUATERNARY AMMONIUM,disinfecting agents and antiseptics,QUATERNARY AMMONIUM,FULL,,,
SRR28523268,SRR28523268_6501_1,AMINOGLYCOSIDE,aminoglycoside antibiotic,AMINOGLYCOSIDE,FULL,,,
SRR28523268,SRR28523268_19524_1,AMINOGLYCOSIDE,aminoglycoside antibiotic,AMINOGLYCOSIDE,FULL,,,
SRR28523268,SRR28523268_19524_2,AMINOGLYCOSIDE,aminoglycoside antibiotic,AMINOGLYCOSIDE,FULL,,,
SRR28523269,SRR28523269_41091_1,TETRACYCLINE,tetracycline antibiotic,TETRACYCLINE,FULL,,,
SRR28523269,SRR28523269_86063_3,TETRACYCLINE,tetracycline antibiotic,TETRACYCLINE,FULL,,,
SRR28523269,SRR28523269_187188_1,LINCOSAMIDE,lincosamide antibiotic,LINCOSAMIDE,FULL,,,
SRR28523269,SRR28523269_372497_2,AMINOGLYCOSIDE,aminoglycoside antibiotic,AMINOGLYCOSIDE,FULL,,,
SRR28523273,SRR28523273_7640_3,MACROLIDE,macrolide antibiotic,MACROLIDE,FULL,,,
SRR28523273,SRR28523273_12433_3,AMINOGLYCOSIDE,aminoglycoside antibiotic,AMINOGLYCOSIDE,FULL,,,
SRR28523273,SRR28523273_14428_4,LINCOSAMIDE,lincosamide antibiotic,LINCOSAMIDE,FULL,,,
SRR28523273,SRR28523273_15215_1,LINCOSAMIDE,lincosamide antibiotic,LINCOSAMIDE,FULL,,,
SRR28523273,SRR28523273_15215_2,LINCOSAMIDE/STREPTOGRAMIN,lincosamide antibiotic; streptogramin antibiotic; pleuromutilin antibiotic,LINCOSAMIDE/STREPTOGRAMIN,PARTIAL,,PLEUROMUTILIN,
SRR28523273,SRR28523273_67535_1,QUATERNARY AMMONIUM,disinfecting agents and antiseptics,QUATERNARY AMMONIUM,FULL,,,
SRR28523274,SRR28523274_293715_1,PHENICOL,phenicol antibiotic,PHENICOL,FULL,,,
SRR28523274,SRR28523274_464555_2,FOSFOMYCIN,phosphonic acid antibiotic,FOSFOMYCIN,FULL,,,
SRR28523274,SRR28523274_1677876_1,QUATERNARY AMMONIUM,disinfecting agents and antiseptics,QUATERNARY AMMONIUM,FULL,,,
SRR28523274,SRR28523274_3905346_1,AMINOGLYCOSIDE,aminoglycoside antibiotic,AMINOGLYCOSIDE,FULL,,,
SRR28523275,SRR28523275_16020_1,TETRACYCLINE,tetracycline antibiotic,TETRACYCLINE,FULL,,,
SRR28523275,SRR28523275_38930_1,QUATERNARY AMMONIUM,disinfecting agents and antiseptics,QUATERNARY AMMONIUM,FULL,,,
SRR28523275,SRR28523275_40853_1,FOSFOMYCIN,phosphonic acid antibiotic,FOSFOMYCIN,FULL,,,
SRR28523275,SRR28523275_56309_1,PHENICOL,phenicol antibiotic,PHENICOL,FULL,,,
SRR28523275,SRR28523275_76413_1,LINCOSAMIDE,lincosamide antibiotic,LINCOSAMIDE,FULL,,,
SRR28523275,SRR28523275_132135_1,QUATERNARY AMMONIUM,disinfecting agents and antiseptics,QUATERNARY AMMONIUM,FULL,,,
SRR28523276,SRR28523276_38080_1,LINCOSAMIDE,lincosamide antibiotic,LINCOSAMIDE,FULL,,,
SRR28523276,SRR28523276_39124_1,TETRACYCLINE,tetracycline antibiotic,TETRACYCLINE,FULL,,,
SRR28523276,SRR28523276_123713_1,BETA-LACTAM,penicillin beta-lactam,BETA-LACTAM,FULL,,,
SRR28523276,SRR28523276_539786_1,QUATERNARY AMMONIUM,disinfecting agents and antiseptics,QUATERNARY AMMONIUM,FULL,,,
SRR28523276,SRR28523276_575415_1,TETRACYCLINE,tetracycline antibiotic,TETRACYCLINE,FULL,,,
SRR28523276,SRR28523276_650747_2,QUATERNARY AMMONIUM,disinfecting agents and antiseptics,QUATERNARY AMMONIUM,FULL,,,
SRR28523277,SRR28523277_67795_2,FOSFOMYCIN,phosphonic acid antibiotic,FOSFOMYCIN,FULL,,,
SRR28523277,SRR28523277_341568_1,TETRACYCLINE,tetracycline antibiotic,TETRACYCLINE,FULL,,,
SRR28523277,SRR28523277_504593_1,PHENICOL,phenicol antibiotic,PHENICOL,FULL,,,
SRR28523277,SRR28523277_607997_1,QUATERNARY AMMONIUM,disinfecting agents and antiseptics,QUATERNARY AMMONIUM,FULL,,,
SRR28523277,SRR28523277_3404695_1,QUATERNARY AMMONIUM,disinfecting agents and antiseptics,QUATERNARY AMMONIUM,FULL,,,
SRR28523278,SRR28523278_15389_1,LINCOSAMIDE,lincosamide antibiotic,LINCOSAMIDE,FULL,,,
SRR28523278,SRR28523278_296790_2,QUATERNARY AMMONIUM,disinfecting agents and antiseptics,QUATERNARY AMMONIUM,FULL,,,
SRR28523278,SRR28523278_925253_1,TETRACYCLINE,tetracycline antibiotic,TETRACYCLINE,FULL,,,
SRR28523278,SRR28523278_1060962_1,QUATERNARY AMMONIUM,disinfecting agents and antiseptics,QUATERNARY AMMONIUM,FULL,,,
SRR28523278,SRR28523278_1595115_1,QUATERNARY AMMONIUM,disinfecting agents and antiseptics,QUATERNARY AMMONIUM,FULL,,,
SRR28523278,SRR28523278_1695185_1,QUATERNARY AMMONIUM,disinfecting agents and antiseptics,QUATERNARY AMMONIUM,FULL,,,
SRR28523279,SRR28523279_8249_4,AMINOGLYCOSIDE,aminoglycoside antibiotic,AMINOGLYCOSIDE,FULL,,,
SRR28523279,SRR28523279_40512_1,AMINOGLYCOSIDE,aminoglycoside antibiotic,AMINOGLYCOSIDE,FULL,,,
SRR28523280,SRR28523280_127207_2,FOSFOMYCIN,phosphonic acid antibiotic,FOSFOMYCIN,FULL,,,
SRR28523280,SRR28523280_338236_1,TETRACYCLINE,tetracycline antibiotic,TETRACYCLINE,FULL,,,
SRR28523280,SRR28523280_786798_1,QUATERNARY AMMONIUM,disinfecting agents and antiseptics,QUATERNARY AMMONIUM,FULL,,,
SRR28523281,SRR28523281_1252912_1,LINCOSAMIDE,lincosamide antibiotic,LINCOSAMIDE,FULL,,,
SRR28523282,SRR28523282_2185_2,LINCOSAMIDE/MACROLIDE/STREPTOGRAMIN,macrolide antibiotic; lincosamide antibiotic; streptogramin antibiotic; streptogramin A antibiotic; streptogramin B antibiotic,LINCOSAMIDE/MACROLIDE/STREPTOGRAMIN,FULL,,,
SRR28523282,SRR28523282_35301_1,LINCOSAMIDE,lincosamide antibiotic,LINCOSAMIDE,FULL,,,
SRR28523282,SRR28523282_52582_2,AMINOGLYCOSIDE,aminoglycoside antibiotic,AMINOGLYCOSIDE,FULL,,,
SRR28523283,SRR28523283_176017_1,AMINOGLYCOSIDE,aminoglycoside antibiotic,AMINOGLYCOSIDE,FULL,,,
SRR28523283,SRR28523283_205235_2,FOSFOMYCIN,phosphonic acid antibiotic,FOSFOMYCIN,FULL,,,
SRR28523283,SRR28523283_343492_1,LINCOSAMIDE/MACROLIDE/STREPTOGRAMIN,macrolide antibiotic; lincosamide antibiotic; streptogramin antibiotic; streptogramin A antibiotic; streptogramin B antibiotic,LINCOSAMIDE/MACROLIDE/STREPTOGRAMIN,FULL,,,
SRR28523285,SRR28523285_19585_1,AMINOGLYCOSIDE,aminoglycoside antibiotic,AMINOGLYCOSIDE,FULL,,,
SRR28523285,SRR28523285_68904_1,TETRACYCLINE,tetracycline antibiotic,TETRACYCLINE,FULL,,,
SRR28523285,SRR28523285_127654_1,LINCOSAMIDE/MACROLIDE/STREPTOGRAMIN,macrolide antibiotic; lincosamide antibiotic; streptogramin antibiotic; streptogramin A antibiotic; streptogramin B antibiotic,LINCOSAMIDE/MACROLIDE/STREPTOGRAMIN,FULL,,,
SRR28523286,SRR28523286_8084_1,LINCOSAMIDE,lincosamide antibiotic,LINCOSAMIDE,FULL,,,
SRR28523288,SRR28523288_25269_3,BETA-LACTAM,penicillin beta-lactam,BETA-LACTAM,FULL,,,
SRR28523288,SRR28523288_68330_1,TETRACYCLINE,tetracycline antibiotic,TETRACYCLINE,FULL,,,
SRR28523288,SRR28523288_99788_1,QUATERNARY AMMONIUM,disinfecting agents and antiseptics,QUATERNARY AMMONIUM,FULL,,,
SRR28523289,SRR28523289_290609_1,PHENICOL,phenicol antibiotic,PHENICOL,FULL,,,
SRR28523289,SRR28523289_373094_1,FOSFOMYCIN,phosphonic acid antibiotic,FOSFOMYCIN,FULL,,,
SRR28523289,SRR28523289_1255474_1,TETRACYCLINE,tetracycline antibiotic,TETRACYCLINE,FULL,,,
SRR28523289,SRR28523289_1879601_1,QUATERNARY AMMONIUM,disinfecting agents and antiseptics,QUATERNARY AMMONIUM,FULL,,,
SRR28523290,SRR28523290_50160_1,QUATERNARY AMMONIUM,disinfecting agents and antiseptics,QUATERNARY AMMONIUM,FULL,,,
SRR28523290,SRR28523290_62573_1,QUATERNARY AMMONIUM,disinfecting agents and antiseptics,QUATERNARY AMMONIUM,FULL,,,
SRR28523292,SRR28523292_52710_1,BETA-LACTAM,penicillin beta-lactam,BETA-LACTAM,FULL,,,
SRR28523292,SRR28523292_56115_1,FOSFOMYCIN,phosphonic acid antibiotic,FOSFOMYCIN,FULL,,,
SRR28523292,SRR28523292_61599_1,QUATERNARY AMMONIUM,disinfecting agents and antiseptics,QUATERNARY AMMONIUM,FULL,,,
SRR28523292,SRR28523292_85069_1,TETRACYCLINE,tetracycline antibiotic,TETRACYCLINE,FULL,,,
SRR28523292,SRR28523292_132718_1,PHENICOL,phenicol antibiotic,PHENICOL,FULL,,,
SRR28523292,SRR28523292_371979_1,QUATERNARY AMMONIUM,disinfecting agents and antiseptics,QUATERNARY AMMONIUM,FULL,,,
SRR28523293,SRR28523293_1012_1,FOSFOMYCIN,phosphonic acid antibiotic,FOSFOMYCIN,FULL,,,
SRR28523293,SRR28523293_19006_1,QUATERNARY AMMONIUM,disinfecting agents and antiseptics,QUATERNARY AMMONIUM,FULL,,,
SRR28523293,SRR28523293_51514_1,BETA-LACTAM,penicillin beta-lactam,BETA-LACTAM,FULL,,,
SRR28523293,SRR28523293_87572_1,TETRACYCLINE,tetracycline antibiotic,TETRACYCLINE,FULL,,,
SRR28523293,SRR28523293_158395_1,QUATERNARY AMMONIUM,disinfecting agents and antiseptics,QUATERNARY AMMONIUM,FULL,,,
SRR28523293,SRR28523293_570113_1,QUATERNARY AMMONIUM,disinfecting agents and antiseptics,QUATERNARY AMMONIUM,FULL,,,
SRR28523294,SRR28523294_130183_1,QUATERNARY AMMONIUM,disinfecting agents and antiseptics,QUATERNARY AMMONIUM,FULL,,,
SRR28523294,SRR28523294_468955_1,LINCOSAMIDE,lincosamide antibiotic,LINCOSAMIDE,FULL,,,
SRR28523294,SRR28523294_762338_1,QUATERNARY AMMONIUM,disinfecting agents and antiseptics,QUATERNARY AMMONIUM,FULL,,,
SRR28523295,SRR28523295_2569_1,LINCOSAMIDE/MACROLIDE/STREPTOGRAMIN,macrolide antibiotic; lincosamide antibiotic; streptogramin antibiotic; streptogramin A antibiotic; streptogramin B antibiotic,LINCOSAMIDE/MACROLIDE/STREPTOGRAMIN,FULL,,,
SRR28523295,SRR28523295_8313_1,PHENICOL,phenicol antibiotic,PHENICOL,FULL,,,
SRR28523295,SRR28523295_12210_1,AMINOGLYCOSIDE,aminoglycoside antibiotic,AMINOGLYCOSIDE,FULL,,,
SRR28523295,SRR28523295_50868_2,TETRACYCLINE,tetracycline antibiotic,TETRACYCLINE,FULL,,,
SRR28523295,SRR28523295_89403_1,STREPTOTHRICIN,nucleoside antibiotic,STREPTOTHRICIN,FULL,,,
SRR28523306,SRR28523306_1095_2,AMINOGLYCOSIDE,aminoglycoside antibiotic,AMINOGLYCOSIDE,FULL,,,
SRR28523306,SRR28523306_47535_2,LINCOSAMIDE/MACROLIDE/STREPTOGRAMIN,macrolide antibiotic; lincosamide antibiotic; streptogramin antibiotic; streptogramin A antibiotic; streptogramin B antibiotic,LINCOSAMIDE/MACROLIDE/STREPTOGRAMIN,FULL,,,
SRR28523306,SRR28523306_50069_2,STREPTOTHRICIN,nucleoside antibiotic,STREPTOTHRICIN,FULL,,,
SRR28523308,SRR28523308_13259_6,QUATERNARY AMMONIUM,disinfecting agents and antiseptics,QUATERNARY AMMONIUM,FULL,,,
SRR28523308,SRR28523308_154076_1,FOSFOMYCIN,phosphonic acid antibiotic,FOSFOMYCIN,FULL,,,
SRR28523309,SRR28523309_654_2,TETRACYCLINE,tetracycline antibiotic,TETRACYCLINE,FULL,,,
SRR28523309,SRR28523309_4594_1,FOSFOMYCIN,phosphonic acid antibiotic,FOSFOMYCIN,FULL,,,
SRR28523309,SRR28523309_67222_1,QUATERNARY AMMONIUM,disinfecting agents and antiseptics,QUATERNARY AMMONIUM,FULL,,,
SRR28523311,SRR28523311_63878_1,QUATERNARY AMMONIUM,disinfecting agents and antiseptics,QUATERNARY AMMONIUM,FULL,,,
SRR28523311,SRR28523311_396026_1,TETRACYCLINE,tetracycline antibiotic,TETRACYCLINE,FULL,,,
SRR28523311,SRR28523311_467075_2,FOSFOMYCIN,phosphonic acid antibiotic,FOSFOMYCIN,FULL,,,
SRR28523311,SRR28523311_953218_1,QUATERNARY AMMONIUM,disinfecting agents and antiseptics,QUATERNARY AMMONIUM,FULL,,,
SRR28523312,SRR28523312_7384_1,MACROLIDE,macrolide antibiotic,MACROLIDE,FULL,,,
SRR28523312,SRR28523312_21264_1,QUATERNARY AMMONIUM,disinfecting agents and antiseptics,QUATERNARY AMMONIUM,FULL,,,
SRR28523312,SRR28523312_274126_2,FOSFOMYCIN,phosphonic acid antibiotic,FOSFOMYCIN,FULL,,,
SRR28523312,SRR28523312_520219_1,FOSFOMYCIN,phosphonic acid antibiotic,FOSFOMYCIN,FULL,,,
SRR28523312,SRR28523312_793415_1,TETRACYCLINE,tetracycline antibiotic,TETRACYCLINE,FULL,,,
SRR28523313,SRR28523313_52508_1,FOSFOMYCIN,phosphonic acid antibiotic,FOSFOMYCIN,FULL,,,
SRR28523313,SRR28523313_62403_1,QUATERNARY AMMONIUM,disinfecting agents and antiseptics,QUATERNARY AMMONIUM,FULL,,,
SRR28523314,SRR28523314_3728_3,QUATERNARY AMMONIUM,disinfecting agents and antiseptics,QUATERNARY AMMONIUM,FULL,,,
SRR28523314,SRR28523314_14367_1,TETRACYCLINE,tetracycline antibiotic,TETRACYCLINE,FULL,,,
SRR28523314,SRR28523314_93728_1,QUATERNARY AMMONIUM,disinfecting agents and antiseptics,QUATERNARY AMMONIUM,FULL,,,
SRR28523314,SRR28523314_114854_1,TETRACYCLINE,tetracycline antibiotic,TETRACYCLINE,FULL,,,
SRR28523314,SRR28523314_115902_2,TETRACYCLINE,tetracycline antibiotic,TETRACYCLINE,FULL,,,
SRR28523314,SRR28523314_133439_1,TETRACYCLINE,tetracycline antibiotic,TETRACYCLINE,FULL,,,
SRR28523314,SRR28523314_138187_2,QUATERNARY AMMONIUM,disinfecting agents and antiseptics,QUATERNARY AMMONIUM,FULL,,,
SRR28523315,SRR28523315_8678_1,QUATERNARY AMMONIUM,disinfecting agents and antiseptics,QUATERNARY AMMONIUM,FULL,,,
SRR28523315,SRR28523315_8822_1,TETRACYCLINE,tetracycline antibiotic,TETRACYCLINE,FULL,,,
SRR28523315,SRR28523315_10133_1,PHENICOL,phenicol antibiotic,PHENICOL,FULL,,,
SRR28523316,SRR28523316_26133_1,QUATERNARY AMMONIUM,disinfecting agents and antiseptics,QUATERNARY AMMONIUM,FULL,,,
SRR28523316,SRR28523316_41954_1,FOSFOMYCIN,phosphonic acid antibiotic,FOSFOMYCIN,FULL,,,
SRR28523316,SRR28523316_151704_1,QUATERNARY AMMONIUM,disinfecting agents and antiseptics,QUATERNARY AMMONIUM,FULL,,,
SRR28523317,SRR28523317_45990_1,AMINOGLYCOSIDE,aminoglycoside antibiotic,AMINOGLYCOSIDE,FULL,,,
SRR28523317,SRR28523317_65880_1,QUATERNARY AMMONIUM,disinfecting agents and antiseptics,QUATERNARY AMMONIUM,FULL,,,
SRR28523318,SRR28523318_64815_1,QUATERNARY AMMONIUM,disinfecting agents and antiseptics,QUATERNARY AMMONIUM,FULL,,,
SRR28523320,SRR28523320_26386_7,FOSFOMYCIN,phosphonic acid antibiotic,FOSFOMYCIN,FULL,,,
SRR28523321,SRR28523321_3108_2,TETRACYCLINE,tetracycline antibiotic,TETRACYCLINE,FULL,,,
SRR28523321,SRR28523321_27567_1,QUATERNARY AMMONIUM,disinfecting agents and antiseptics,QUATERNARY AMMONIUM,FULL,,,
SRR28523321,SRR28523321_33083_2,QUATERNARY AMMONIUM,disinfecting agents and antiseptics,QUATERNARY AMMONIUM,FULL,,,
SRR28523321,SRR28523321_41439_1,TETRACYCLINE,tetracycline antibiotic,TETRACYCLINE,FULL,,,
SRR28523322,SRR28523322_8349_2,FOSFOMYCIN,phosphonic acid antibiotic,FOSFOMYCIN,FULL,,,
SRR28523322,SRR28523322_143665_1,QUATERNARY AMMONIUM,disinfecting agents and antiseptics,QUATERNARY AMMONIUM,FULL,,,
SRR28523323,SRR28523323_255345_1,QUATERNARY AMMONIUM,disinfecting agents and antiseptics,QUATERNARY AMMONIUM,FULL,,,
SRR28523324,SRR28523324_13824_1,FOSFOMYCIN,phosphonic acid antibiotic,FOSFOMYCIN,FULL,,,
SRR28523324,SRR28523324_58596_1,TETRACYCLINE,tetracycline antibiotic,TETRACYCLINE,FULL,,,
SRR28523324,SRR28523324_110298_1,LINCOSAMIDE,lincosamide antibiotic,LINCOSAMIDE,FULL,,,
SRR28523325,SRR28523325_22698_3,FOSFOMYCIN,phosphonic acid antibiotic,FOSFOMYCIN,FULL,,,
SRR28523325,SRR28523325_553669_2,TETRACYCLINE,tetracycline antibiotic,TETRACYCLINE,FULL,,,
SRR28523326,SRR28523326_101235_1,FOSFOMYCIN,phosphonic acid antibiotic,FOSFOMYCIN,FULL,,,
SRR28523326,SRR28523326_182097_1,TETRACYCLINE,tetracycline antibiotic,TETRACYCLINE,FULL,,,
SRR28523326,SRR28523326_202727_1,QUATERNARY AMMONIUM,disinfecting agents and antiseptics,QUATERNARY AMMONIUM,FULL,,,
SRR28523328,SRR28523328_4766_1,TETRACYCLINE,tetracycline antibiotic,TETRACYCLINE,FULL,,,
SRR28523328,SRR28523328_6370_1,QUATERNARY AMMONIUM,disinfecting agents and antiseptics,QUATERNARY AMMONIUM,FULL,,,
SRR28523328,SRR28523328_22860_1,QUATERNARY AMMONIUM,disinfecting agents and antiseptics,QUATERNARY AMMONIUM,FULL,,,
SRR28523328,SRR28523328_39880_1,FOSFOMYCIN,phosphonic acid antibiotic,FOSFOMYCIN,FULL,,,
SRR28910091,SRR28910091_19655_1,LINCOSAMIDE,lincosamide antibiotic,LINCOSAMIDE,FULL,,,
SRR28910092,SRR28910092_6785_1,FOSFOMYCIN,phosphonic acid antibiotic,FOSFOMYCIN,FULL,,,
SRR28910094,SRR28910094_35976_1,LINCOSAMIDE,lincosamide antibiotic,LINCOSAMIDE,FULL,,,
SRR28910094,SRR28910094_62840_1,QUATERNARY AMMONIUM,disinfecting agents and antiseptics,QUATERNARY AMMONIUM,FULL,,,
SRR28910095,SRR28910095_14050_1,LINCOSAMIDE,lincosamide antibiotic,LINCOSAMIDE,FULL,,,
SRR28910095,SRR28910095_35694_1,QUATERNARY AMMONIUM,disinfecting agents and antiseptics,QUATERNARY AMMONIUM,FULL,,,
SRR29791267,SRR29791267_406752_2,TETRACYCLINE,tetracycline antibiotic,TETRACYCLINE,FULL,,,
SRR29791267,SRR29791267_500100_1,COLISTIN,peptide antibiotic,COLISTIN,FULL,,,
SRR29791267,SRR29791267_659294_5,AMINOGLYCOSIDE,aminoglycoside antibiotic,AMINOGLYCOSIDE,FULL,,,
SRR29791267,SRR29791267_759567_2,FUSIDIC ACID,fusidane antibiotic,FUSIDIC ACID,FULL,,,
SRR29791267,SRR29791267_836702_1,AMINOGLYCOSIDE,aminoglycoside antibiotic,AMINOGLYCOSIDE,FULL,,,
SRR29791267,SRR29791267_836702_2,QUATERNARY AMMONIUM,disinfecting agents and antiseptics,QUATERNARY AMMONIUM,FULL,,,
SRR29791267,SRR29791267_836702_3,SULFONAMIDE,sulfonamide antibiotic,SULFONAMIDE,FULL,,,
SRR29791267,SRR29791267_856863_1,MACROLIDE/STREPTOGRAMIN,macrolide antibiotic; streptogramin antibiotic; streptogramin B antibiotic,MACROLIDE/STREPTOGRAMIN,FULL,,,
SRR29791267,SRR29791267_2582685_1,BETA-LACTAM,penicillin beta-lactam,BETA-LACTAM,FULL,,,
SRR29791268,SRR29791268_21837_2,FOSFOMYCIN,phosphonic acid antibiotic,FOSFOMYCIN,FULL,,,
SRR29791268,SRR29791268_556117_4,AMINOGLYCOSIDE,aminoglycoside antibiotic,AMINOGLYCOSIDE,FULL,,,
SRR29791268,SRR29791268_686437_2,QUATERNARY AMMONIUM,disinfecting agents and antiseptics,QUATERNARY AMMONIUM,FULL,,,
SRR29791269,SRR29791269_315198_1,TETRACYCLINE,tetracycline antibiotic,TETRACYCLINE,FULL,,,
SRR29791269,SRR29791269_2072752_1,AMINOGLYCOSIDE,aminoglycoside antibiotic,AMINOGLYCOSIDE,FULL,,,
SRR29791269,SRR29791269_2157359_2,FOSFOMYCIN,phosphonic acid antibiotic,FOSFOMYCIN,FULL,,,
SRR29791269,SRR29791269_3807981_1,QUATERNARY AMMONIUM,disinfecting agents and antiseptics,QUATERNARY AMMONIUM,FULL,,,
SRR29791270,SRR29791270_17331_1,COLISTIN,peptide antibiotic,COLISTIN,FULL,,,
SRR29791270,SRR29791270_111699_2,FOSFOMYCIN,phosphonic acid antibiotic,FOSFOMYCIN,FULL,,,
SRR29791270,SRR29791270_867478_2,QUATERNARY AMMONIUM,disinfecting agents and antiseptics,QUATERNARY AMMONIUM,FULL,,,
SRR29791270,SRR29791270_1352275_1,AMINOGLYCOSIDE,aminoglycoside antibiotic,AMINOGLYCOSIDE,FULL,,,
SRR29791271,SRR29791271_202453_3,COLISTIN,peptide antibiotic,COLISTIN,FULL,,,
SRR29791272,SRR29791272_816251_2,QUATERNARY AMMONIUM,disinfecting agents and antiseptics,QUATERNARY AMMONIUM,FULL,,,
SRR29791272,SRR29791272_816251_3,AMINOGLYCOSIDE,aminoglycoside antibiotic,AMINOGLYCOSIDE,FULL,,,
SRR29791272,SRR29791272_1119971_2,COLISTIN,peptide antibiotic,COLISTIN,FULL,,,
SRR29791274,SRR29791274_230789_2,FOSFOMYCIN,phosphonic acid antibiotic,FOSFOMYCIN,FULL,,,
SRR29791275,SRR29791275_777610_12,SULFONAMIDE,sulfonamide antibiotic,SULFONAMIDE,FULL,,,
SRR29791275,SRR29791275_777610_13,QUATERNARY AMMONIUM,disinfecting agents and antiseptics,QUATERNARY AMMONIUM,FULL,,,
SRR29791275,SRR29791275_777610_14,AMINOGLYCOSIDE,aminoglycoside antibiotic,AMINOGLYCOSIDE,FULL,,,
SRR29791275,SRR29791275_843041_1,SULFONAMIDE,sulfonamide antibiotic,SULFONAMIDE,FULL,,,
SRR29791275,SRR29791275_883905_1,FOSFOMYCIN,phosphonic acid antibiotic,FOSFOMYCIN,FULL,,,
SRR29791276,SRR29791276_868886_2,SULFONAMIDE,sulfonamide antibiotic,SULFONAMIDE,FULL,,,
SRR29791276,SRR29791276_928978_3,SULFONAMIDE,sulfonamide antibiotic,SULFONAMIDE,FULL,,,
SRR29791276,SRR29791276_928978_4,QUATERNARY AMMONIUM,disinfecting agents and antiseptics,QUATERNARY AMMONIUM,FULL,,,
SRR29791276,SRR29791276_950327_1,FOSFOMYCIN,phosphonic acid antibiotic,FOSFOMYCIN,FULL,,,
SRR29791276,SRR29791276_1724884_1,AMINOGLYCOSIDE,aminoglycoside antibiotic,AMINOGLYCOSIDE,FULL,,,
SRR29791364,SRR29791364_927289_1,AMINOGLYCOSIDE,aminoglycoside antibiotic,AMINOGLYCOSIDE,FULL,,,
SRR29791364,SRR29791364_1012868_1,AMINOGLYCOSIDE/QUINOLONE,aminoglycoside antibiotic,AMINOGLYCOSIDE,PARTIAL,QUINOLONE,,
SRR29791364,SRR29791364_1012868_2,RIFAMYCIN,rifamycin antibiotic,RIFAMYCIN,FULL,,,
SRR29791364,SRR29791364_3180729_1,SULFONAMIDE,sulfonamide antibiotic,SULFONAMIDE,FULL,,,
SRR29791364,SRR29791364_3180729_2,QUATERNARY AMMONIUM,disinfecting agents and antiseptics,QUATERNARY AMMONIUM,FULL,,,
SRR29791364,SRR29791364_3390263_2,AMINOGLYCOSIDE,aminoglycoside antibiotic,AMINOGLYCOSIDE,FULL,,,
SRR29791365,SRR29791365_18148_6,COLISTIN,peptide antibiotic,COLISTIN,FULL,,,
SRR29791365,SRR29791365_595772_1,QUATERNARY AMMONIUM,disinfecting agents and antiseptics,QUATERNARY AMMONIUM,FULL,,,
SRR29791365,SRR29791365_595772_2,SULFONAMIDE,sulfonamide antibiotic,SULFONAMIDE,FULL,,,
SRR29791365,SRR29791365_624688_1,PHENICOL,phenicol antibiotic,PHENICOL,FULL,,,
SRR29791365,SRR29791365_1230463_1,AMINOGLYCOSIDE,aminoglycoside antibiotic,AMINOGLYCOSIDE,FULL,,,
SRR29791365,SRR29791365_1528094_2,AMINOGLYCOSIDE/QUINOLONE,aminoglycoside antibiotic,AMINOGLYCOSIDE,PARTIAL,QUINOLONE,,
SRR29791365,SRR29791365_4126008_1,BETA-LACTAM,cephalosporin,BETA-LACTAM,FULL,,,
SRR29791366,SRR29791366_681587_1,RIFAMYCIN,rifamycin antibiotic,RIFAMYCIN,FULL,,,
SRR29791366,SRR29791366_681587_2,AMINOGLYCOSIDE/QUINOLONE,aminoglycoside antibiotic,AMINOGLYCOSIDE,PARTIAL,QUINOLONE,,
SRR29791366,SRR29791366_828790_1,AMINOGLYCOSIDE,aminoglycoside antibiotic,AMINOGLYCOSIDE,FULL,,,
SRR29791366,SRR29791366_2009789_1,TRIMETHOPRIM,diaminopyrimidine antibiotic,TRIMETHOPRIM,FULL,,,
SRR29791366,SRR29791366_2380310_1,SULFONAMIDE,sulfonamide antibiotic,SULFONAMIDE,FULL,,,
SRR29791366,SRR29791366_2380310_2,QUATERNARY AMMONIUM,disinfecting agents and antiseptics,QUATERNARY AMMONIUM,FULL,,,
SRR29791367,SRR29791367_705747_2,COLISTIN,peptide antibiotic,COLISTIN,FULL,,,
SRR29791368,SRR29791368_543539_2,COLISTIN,peptide antibiotic,COLISTIN,FULL,,,
SRR29791368,SRR29791368_631751_2,SULFONAMIDE,sulfonamide antibiotic,SULFONAMIDE,FULL,,,
SRR29791368,SRR29791368_631751_3,QUATERNARY AMMONIUM,disinfecting agents and antiseptics,QUATERNARY AMMONIUM,FULL,,,
SRR29791368,SRR29791368_631751_4,AMINOGLYCOSIDE,aminoglycoside antibiotic,AMINOGLYCOSIDE,FULL,,,
SRR29845380,SRR29845380_6736_2,FOSFOMYCIN,phosphonic acid antibiotic,FOSFOMYCIN,FULL,,,
SRR29845380,SRR29845380_12963_1,TETRACYCLINE,tetracycline antibiotic,TETRACYCLINE,FULL,,,
SRR29845380,SRR29845380_38571_3,TETRACYCLINE,tetracycline antibiotic,TETRACYCLINE,FULL,,,
SRR29845380,SRR29845380_75134_1,LINCOSAMIDE,lincosamide antibiotic,LINCOSAMIDE,FULL,,,
SRR29845382,SRR29845382_4272_1,TETRACYCLINE,tetracycline antibiotic,TETRACYCLINE,FULL,,,
SRR29845382,SRR29845382_5510_1,MACROLIDE,macrolide antibiotic,MACROLIDE,FULL,,,
SRR29845382,SRR29845382_5510_2,MACROLIDE/STREPTOGRAMIN,macrolide antibiotic; streptogramin antibiotic,MACROLIDE/STREPTOGRAMIN,FULL,,,
SRR29845382,SRR29845382_61309_1,TETRACYCLINE,tetracycline antibiotic,TETRACYCLINE,FULL,,,
SRR29845382,SRR29845382_87353_2,LINCOSAMIDE/MACROLIDE/STREPTOGRAMIN,lincosamide antibiotic; streptogramin antibiotic; streptogramin A antibiotic; oxazolidinone antibiotic; phenicol antibiotic; pleuromutilin antibiotic,LINCOSAMIDE/STREPTOGRAMIN,PARTIAL,MACROLIDE,OXAZOLIDINONE/PHENICOL/PLEUROMUTILIN,
SRR29845383,SRR29845383_8474_3,TETRACYCLINE,tetracycline antibiotic,TETRACYCLINE,FULL,,,
SRR29845383,SRR29845383_18310_1,TETRACYCLINE,tetracycline antibiotic,TETRACYCLINE,FULL,,,
SRR29845383,SRR29845383_18382_1,MACROLIDE,macrolide antibiotic,MACROLIDE,FULL,,,
SRR29845383,SRR29845383_18382_2,MACROLIDE/STREPTOGRAMIN,macrolide antibiotic; streptogramin antibiotic,MACROLIDE/STREPTOGRAMIN,FULL,,,
SRR29845383,SRR29845383_38759_2,GLYCOPEPTIDE,glycopeptide antibiotic,GLYCOPEPTIDE,FULL,,,
SRR29845384,SRR29845384_690_1,MACROLIDE/STREPTOGRAMIN,macrolide antibiotic; streptogramin antibiotic,MACROLIDE/STREPTOGRAMIN,FULL,,,
SRR29845384,SRR29845384_16208_4,TETRACYCLINE,tetracycline antibiotic,TETRACYCLINE,FULL,,,
SRR29845384,SRR29845384_16417_1,LINCOSAMIDE/MACROLIDE/STREPTOGRAMIN,macrolide antibiotic; lincosamide antibiotic; streptogramin antibiotic; streptogramin A antibiotic; streptogramin B antibiotic,LINCOSAMIDE/MACROLIDE/STREPTOGRAMIN,FULL,,,
SRR29845384,SRR29845384_34704_1,TETRACYCLINE,tetracycline antibiotic,TETRACYCLINE,FULL,,,
SRR29845384,SRR29845384_65722_1,LINCOSAMIDE,lincosamide antibiotic,LINCOSAMIDE,FULL,,,
SRR29845384,SRR29845384_99144_2,AMINOGLYCOSIDE,aminoglycoside antibiotic,AMINOGLYCOSIDE,FULL,,,
SRR29845385,SRR29845385_7081_1,FOSFOMYCIN,phosphonic acid antibiotic,FOSFOMYCIN,FULL,,,
SRR29845385,SRR29845385_42360_1,TETRACYCLINE,tetracycline antibiotic,TETRACYCLINE,FULL,,,
SRR29845385,SRR29845385_74641_4,TETRACYCLINE,tetracycline antibiotic,TETRACYCLINE,FULL,,,
SRR29845385,SRR29845385_78603_1,LINCOSAMIDE,lincosamide antibiotic,LINCOSAMIDE,FULL,,,
SRR29988523,SRR29988523_1995_3,TETRACYCLINE,tetracycline antibiotic,TETRACYCLINE,FULL,,,
SRR29988523,SRR29988523_11320_1,FOSFOMYCIN,phosphonic acid antibiotic,FOSFOMYCIN,FULL,,,
SRR29988523,SRR29988523_30022_1,MACROLIDE/STREPTOGRAMIN,macrolide antibiotic; streptogramin antibiotic,MACROLIDE/STREPTOGRAMIN,FULL,,,
SRR29988523,SRR29988523_65873_1,LINCOSAMIDE,lincosamide antibiotic,LINCOSAMIDE,FULL,,,
SRR29988523,SRR29988523_78370_1,TETRACYCLINE,tetracycline antibiotic,TETRACYCLINE,FULL,,,
SRR3017093,SRR3017093_3306_9,FOSFOMYCIN,phosphonic acid antibiotic,FOSFOMYCIN,FULL,,,
SRR3017094,SRR3017094_401_25,FOSFOMYCIN,phosphonic acid antibiotic,FOSFOMYCIN,FULL,,,
SRR3017095,SRR3017095_277_76,FOSFOMYCIN,phosphonic acid antibiotic,FOSFOMYCIN,FULL,,,
SRR30684824,SRR30684824_2730_1,AMINOGLYCOSIDE,aminoglycoside antibiotic,AMINOGLYCOSIDE,FULL,,,
SRR30684824,SRR30684824_3007_2,TETRACYCLINE,tetracycline antibiotic,TETRACYCLINE,FULL,,,
SRR30684825,SRR30684825_12166_2,TETRACYCLINE,tetracycline antibiotic,TETRACYCLINE,FULL,,,
SRR30684826,SRR30684826_11081_2,LINCOSAMIDE/MACROLIDE/STREPTOGRAMIN,macrolide antibiotic; lincosamide antibiotic; streptogramin antibiotic; streptogramin A antibiotic; streptogramin B antibiotic,LINCOSAMIDE/MACROLIDE/STREPTOGRAMIN,FULL,,,
SRR30684827,SRR30684827_1868_2,TETRACYCLINE,tetracycline antibiotic,TETRACYCLINE,FULL,,,
SRR30684828,SRR30684828_11685_1,TETRACYCLINE,tetracycline antibiotic,TETRACYCLINE,FULL,,,
SRR30684828,SRR30684828_20139_2,AMINOGLYCOSIDE,aminoglycoside antibiotic,AMINOGLYCOSIDE,FULL,,,
SRR30684828,SRR30684828_22199_1,TETRACYCLINE,tetracycline antibiotic,TETRACYCLINE,FULL,,,
SRR30684829,SRR30684829_7099_1,TETRACYCLINE,tetracycline antibiotic,TETRACYCLINE,FULL,,,
SRR30684829,SRR30684829_11796_2,AMINOGLYCOSIDE,aminoglycoside antibiotic,AMINOGLYCOSIDE,FULL,,,
SRR30684829,SRR30684829_17391_1,TRIMETHOPRIM,diaminopyrimidine antibiotic,TRIMETHOPRIM,FULL,,,
SRR30684829,SRR30684829_22719_1,AMINOGLYCOSIDE,aminoglycoside antibiotic,AMINOGLYCOSIDE,FULL,,,
SRR30684829,SRR30684829_22929_1,PHENICOL,phenicol antibiotic,PHENICOL,FULL,,,
SRR30684829,SRR30684829_28094_3,LINCOSAMIDE,lincosamide antibiotic,LINCOSAMIDE,FULL,,,
SRR30684829,SRR30684829_37500_3,TETRACYCLINE,tetracycline antibiotic,TETRACYCLINE,FULL,,,
SRR30684831,SRR30684831_13533_1,AMINOGLYCOSIDE,aminoglycoside antibiotic,AMINOGLYCOSIDE,FULL,,,
SRR30684831,SRR30684831_13533_2,STREPTOTHRICIN,nucleoside antibiotic,STREPTOTHRICIN,FULL,,,
SRR30684831,SRR30684831_13533_3,AMINOGLYCOSIDE,aminoglycoside antibiotic,AMINOGLYCOSIDE,FULL,,,
SRR30684831,SRR30684831_24320_1,AMINOGLYCOSIDE,aminoglycoside antibiotic,AMINOGLYCOSIDE,FULL,,,
SRR30684831,SRR30684831_24320_2,STREPTOTHRICIN,nucleoside antibiotic,STREPTOTHRICIN,FULL,,,
SRR30684831,SRR30684831_29613_2,AMINOGLYCOSIDE,aminoglycoside antibiotic,AMINOGLYCOSIDE,FULL,,,
SRR30684831,SRR30684831_43726_1,AMINOGLYCOSIDE,aminoglycoside antibiotic,AMINOGLYCOSIDE,FULL,,,
SRR30684838,SRR30684838_6529_2,TETRACYCLINE,tetracycline antibiotic,TETRACYCLINE,FULL,,,
SRR30684838,SRR30684838_23786_1,LINCOSAMIDE/MACROLIDE/STREPTOGRAMIN,macrolide antibiotic; lincosamide antibiotic; streptogramin antibiotic; streptogramin A antibiotic; streptogramin B antibiotic,LINCOSAMIDE/MACROLIDE/STREPTOGRAMIN,FULL,,,
SRR30684840,SRR30684840_2666_2,AMINOGLYCOSIDE,aminoglycoside antibiotic,AMINOGLYCOSIDE,FULL,,,
SRR30684841,SRR30684841_5789_1,AMINOGLYCOSIDE,aminoglycoside antibiotic,AMINOGLYCOSIDE,FULL,,,
SRR30684841,SRR30684841_8214_2,TETRACYCLINE,tetracycline antibiotic,TETRACYCLINE,FULL,,,
SRR30684841,SRR30684841_12507_1,LINCOSAMIDE,lincosamide antibiotic,LINCOSAMIDE,FULL,,,
SRR30684841,SRR30684841_31897_2,PHENICOL,phenicol antibiotic,PHENICOL,FULL,,,
SRR30684841,SRR30684841_38807_1,AMINOGLYCOSIDE,aminoglycoside antibiotic,AMINOGLYCOSIDE,FULL,,,
SRR30684844,SRR30684844_8993_3,AMINOGLYCOSIDE,aminoglycoside antibiotic,AMINOGLYCOSIDE,FULL,,,
SRR30684844,SRR30684844_21884_1,AMINOGLYCOSIDE,aminoglycoside antibiotic,AMINOGLYCOSIDE,FULL,,,
SRR30684844,SRR30684844_21884_2,STREPTOTHRICIN,nucleoside antibiotic,STREPTOTHRICIN,FULL,,,
SRR30684844,SRR30684844_21884_3,AMINOGLYCOSIDE,aminoglycoside antibiotic,AMINOGLYCOSIDE,FULL,,,
SRR30684844,SRR30684844_27617_1,AMINOGLYCOSIDE,aminoglycoside antibiotic,AMINOGLYCOSIDE,FULL,,,
SRR30684844,SRR30684844_36522_1,TETRACYCLINE,tetracycline antibiotic,TETRACYCLINE,FULL,,,
SRR30684846,SRR30684846_2490_2,TETRACYCLINE,tetracycline antibiotic,TETRACYCLINE,FULL,,,
SRR30684853,SRR30684853_14444_7,AMINOGLYCOSIDE,aminoglycoside antibiotic,AMINOGLYCOSIDE,FULL,,,
SRR30684853,SRR30684853_14444_8,QUATERNARY AMMONIUM,disinfecting agents and antiseptics,QUATERNARY AMMONIUM,FULL,,,
SRR30684855,SRR30684855_5299_6,AMINOGLYCOSIDE,aminoglycoside antibiotic,AMINOGLYCOSIDE,FULL,,,
SRR30684855,SRR30684855_10973_2,TETRACYCLINE,tetracycline antibiotic,TETRACYCLINE,FULL,,,
SRR30684855,SRR30684855_29088_1,AMINOGLYCOSIDE,aminoglycoside antibiotic,AMINOGLYCOSIDE,FULL,,,
SRR30684857,SRR30684857_7977_3,TETRACYCLINE,tetracycline antibiotic,TETRACYCLINE,FULL,,,
SRR30684858,SRR30684858_14251_1,AMINOGLYCOSIDE,aminoglycoside antibiotic,AMINOGLYCOSIDE,FULL,,,
SRR30684859,SRR30684859_8060_3,TETRACYCLINE,tetracycline antibiotic,TETRACYCLINE,FULL,,,
SRR30729966,SRR30729966_5662_1,QUATERNARY AMMONIUM,disinfecting agents and antiseptics,QUATERNARY AMMONIUM,FULL,,,
SRR30729970,SRR30729970_577_1,QUATERNARY AMMONIUM,disinfecting agents and antiseptics,QUATERNARY AMMONIUM,FULL,,,
SRR30815941,SRR30815941_5524_3,TETRACYCLINE,tetracycline antibiotic,TETRACYCLINE,FULL,,,
SRR30815949,SRR30815949_76494_2,TETRACYCLINE,tetracycline antibiotic,TETRACYCLINE,FULL,,,
SRR31346740,SRR31346740_925804_3,AMINOGLYCOSIDE,aminoglycoside antibiotic,AMINOGLYCOSIDE,FULL,,,
SRR31346744,SRR31346744_36543_4,AMINOGLYCOSIDE,aminoglycoside antibiotic,AMINOGLYCOSIDE,FULL,,,
SRR31346746,SRR31346746_56555_4,AMINOGLYCOSIDE,aminoglycoside antibiotic,AMINOGLYCOSIDE,FULL,,,
SRR31346748,SRR31346748_130273_2,AMINOGLYCOSIDE,aminoglycoside antibiotic,AMINOGLYCOSIDE,FULL,,,
SRR31646566,SRR31646566_2288_3,TETRACYCLINE,tetracycline antibiotic,TETRACYCLINE,FULL,,,
SRR31646566,SRR31646566_20050_1,BETA-LACTAM,carbapenem; penicillin beta-lactam,BETA-LACTAM,FULL,,,
SRR31646566,SRR31646566_23090_2,TRIMETHOPRIM,diaminopyrimidine antibiotic,TRIMETHOPRIM,FULL,,,
SRR31646566,SRR31646566_34047_2,QUATERNARY AMMONIUM,disinfecting agents and antiseptics,QUATERNARY AMMONIUM,FULL,,,
SRR31646566,SRR31646566_35484_1,BETA-LACTAM,cephalosporin; penicillin beta-lactam,BETA-LACTAM,FULL,,,
SRR31646566,SRR31646566_35484_2,AMINOGLYCOSIDE,aminoglycoside antibiotic,AMINOGLYCOSIDE,FULL,,,
SRR31646566,SRR31646566_35950_2,MACROLIDE/STREPTOGRAMIN,macrolide antibiotic; streptogramin antibiotic,MACROLIDE/STREPTOGRAMIN,FULL,,,
SRR31646566,SRR31646566_35950_3,MACROLIDE,macrolide antibiotic,MACROLIDE,FULL,,,
SRR31646566,SRR31646566_43611_1,TRIMETHOPRIM,diaminopyrimidine antibiotic,TRIMETHOPRIM,FULL,,,
SRR31646566,SRR31646566_46256_6,TETRACYCLINE,tetracycline antibiotic,TETRACYCLINE,FULL,,,
SRR31646566,SRR31646566_53376_1,AMINOGLYCOSIDE,aminoglycoside antibiotic,AMINOGLYCOSIDE,FULL,,,
SRR31646566,SRR31646566_61547_1,LINCOSAMIDE,lincosamide antibiotic,LINCOSAMIDE,FULL,,,
SRR31646566,SRR31646566_61547_2,LINCOSAMIDE/STREPTOGRAMIN,lincosamide antibiotic; streptogramin antibiotic; pleuromutilin antibiotic,LINCOSAMIDE/STREPTOGRAMIN,PARTIAL,,PLEUROMUTILIN,
SRR31646566,SRR31646566_67707_2,LINCOSAMIDE/MACROLIDE/STREPTOGRAMIN,macrolide antibiotic; lincosamide antibiotic; streptogramin antibiotic; streptogramin A antibiotic; streptogramin B antibiotic,LINCOSAMIDE/MACROLIDE/STREPTOGRAMIN,FULL,,,
SRR31646566,SRR31646566_84249_1,PHENICOL,phenicol antibiotic,PHENICOL,FULL,,,
SRR31646566,SRR31646566_85750_2,PHENICOL,phenicol antibiotic,PHENICOL,FULL,,,
SRR31646566,SRR31646566_87267_1,BETA-LACTAM,cephalosporin; penicillin beta-lactam,BETA-LACTAM,FULL,,,
SRR31646566,SRR31646566_88867_1,PHENICOL,phenicol antibiotic,PHENICOL,FULL,,,
SRR31646566,SRR31646566_100966_1,AMINOGLYCOSIDE,aminoglycoside antibiotic,AMINOGLYCOSIDE,FULL,,,
SRR31646566,SRR31646566_113577_1,TRIMETHOPRIM,diaminopyrimidine antibiotic,TRIMETHOPRIM,FULL,,,
SRR31646566,SRR31646566_115091_1,QUATERNARY AMMONIUM,disinfecting agents and antiseptics,QUATERNARY AMMONIUM,FULL,,,
SRR31646566,SRR31646566_115354_1,LINCOSAMIDE/MACROLIDE/STREPTOGRAMIN,macrolide antibiotic; lincosamide antibiotic; streptogramin antibiotic; streptogramin A antibiotic; streptogramin B antibiotic,LINCOSAMIDE/MACROLIDE/STREPTOGRAMIN,FULL,,,
SRR31646566,SRR31646566_116590_1,PHENICOL,phenicol antibiotic,PHENICOL,FULL,,,
SRR31646566,SRR31646566_118225_1,LINCOSAMIDE,lincosamide antibiotic,LINCOSAMIDE,FULL,,,
SRR31646566,SRR31646566_120270_1,LINCOSAMIDE/OXAZOLIDINONE/PHENICOL/PLEUROMUTILIN/STREPTOGRAMIN,lincosamide antibiotic; streptogramin antibiotic; oxazolidinone antibiotic; glycopeptide antibiotic; phenicol antibiotic,LINCOSAMIDE/OXAZOLIDINONE/PHENICOL/STREPTOGRAMIN,PARTIAL,PLEUROMUTILIN,GLYCOPEPTIDE,
SRR31646566,SRR31646566_127805_1,AMINOGLYCOSIDE,aminoglycoside antibiotic,AMINOGLYCOSIDE,FULL,,,
SRR31646566,SRR31646566_134781_1,TETRACYCLINE,tetracycline antibiotic,TETRACYCLINE,FULL,,,
SRR31646566,SRR31646566_135081_4,TETRACYCLINE,tetracycline antibiotic,TETRACYCLINE,FULL,,,
SRR31646566,SRR31646566_144008_1,SULFONAMIDE,sulfonamide antibiotic,SULFONAMIDE,FULL,,,
SRR31646566,SRR31646566_153532_1,AMINOGLYCOSIDE,aminoglycoside antibiotic,AMINOGLYCOSIDE,FULL,,,
SRR31646566,SRR31646566_168477_2,LINCOSAMIDE/OXAZOLIDINONE/PHENICOL/PLEUROMUTILIN/STREPTOGRAMIN,lincosamide antibiotic; streptogramin antibiotic; streptogramin A antibiotic; oxazolidinone antibiotic; phenicol antibiotic; pleuromutilin antibiotic,LINCOSAMIDE/OXAZOLIDINONE/PHENICOL/PLEUROMUTILIN/STREPTOGRAMIN,FULL,,,
SRR31646566,SRR31646566_171917_2,BETA-LACTAM,monobactam; cephalosporin; penicillin beta-lactam,BETA-LACTAM,FULL,,,
SRR31646566,SRR31646566_174896_1,TRIMETHOPRIM,diaminopyrimidine antibiotic,TRIMETHOPRIM,FULL,,,
SRR31646566,SRR31646566_195660_1,MACROLIDE/STREPTOGRAMIN,macrolide antibiotic; streptogramin antibiotic,MACROLIDE/STREPTOGRAMIN,FULL,,,
SRR31646566,SRR31646566_195660_2,MACROLIDE,macrolide antibiotic,MACROLIDE,FULL,,,
SRR31646566,SRR31646566_212332_1,TETRACYCLINE,tetracycline antibiotic,TETRACYCLINE,FULL,,,
SRR31646566,SRR31646566_244001_1,STREPTOTHRICIN,nucleoside antibiotic,STREPTOTHRICIN,FULL,,,
SRR31646566,SRR31646566_256545_1,PHENICOL,phenicol antibiotic,PHENICOL,FULL,,,
SRR31646566,SRR31646566_267550_1,STREPTOTHRICIN,nucleoside antibiotic,STREPTOTHRICIN,FULL,,,
SRR31646566,SRR31646566_284132_1,AMINOGLYCOSIDE,aminoglycoside antibiotic,AMINOGLYCOSIDE,FULL,,,
SRR31646566,SRR31646566_290719_1,AMINOGLYCOSIDE,aminoglycoside antibiotic,AMINOGLYCOSIDE,FULL,,,
SRR31646566,SRR31646566_291472_1,AMINOGLYCOSIDE,aminoglycoside antibiotic,AMINOGLYCOSIDE,FULL,,,
SRR31646566,SRR31646566_291472_2,AMINOGLYCOSIDE,aminoglycoside antibiotic,AMINOGLYCOSIDE,FULL,,,
SRR31646566,SRR31646566_292796_1,LINCOSAMIDE,lincosamide antibiotic,LINCOSAMIDE,FULL,,,
SRR31646566,SRR31646566_295188_2,PHENICOL,phenicol antibiotic,PHENICOL,FULL,,,
SRR31646566,SRR31646566_313131_2,BETA-LACTAM,cephalosporin; penicillin beta-lactam,BETA-LACTAM,FULL,,,
SRR31646566,SRR31646566_328830_1,BETA-LACTAM,penicillin beta-lactam,BETA-LACTAM,FULL,,,
SRR31646566,SRR31646566_329325_2,MACROLIDE,macrolide antibiotic,MACROLIDE,FULL,,,
SRR31646566,SRR31646566_398619_1,QUATERNARY AMMONIUM,disinfecting agents and antiseptics,QUATERNARY AMMONIUM,FULL,,,
SRR31646566,SRR31646566_411165_1,AMINOGLYCOSIDE,aminoglycoside antibiotic,AMINOGLYCOSIDE,FULL,,,
SRR31646566,SRR31646566_437123_1,BETA-LACTAM,cephalosporin; penicillin beta-lactam,BETA-LACTAM,FULL,,,
SRR31646566,SRR31646566_453292_1,BETA-LACTAM,penicillin beta-lactam,BETA-LACTAM,FULL,,,
SRR31646566,SRR31646566_531622_1,TRIMETHOPRIM,diaminopyrimidine antibiotic,TRIMETHOPRIM,FULL,,,
SRR31646566,SRR31646566_587086_2,TETRACYCLINE,tetracycline antibiotic,TETRACYCLINE,FULL,,,
SRR31646566,SRR31646566_689789_1,TETRACYCLINE,tetracycline antibiotic,TETRACYCLINE,FULL,,,
SRR31646566,SRR31646566_694612_1,TETRACYCLINE,tetracycline antibiotic,TETRACYCLINE,FULL,,,
SRR31646566,SRR31646566_829790_1,AMINOGLYCOSIDE,aminoglycoside antibiotic,AMINOGLYCOSIDE,FULL,,,
SRR31646566,SRR31646566_876122_1,QUATERNARY AMMONIUM,disinfecting agents and antiseptics,QUATERNARY AMMONIUM,FULL,,,
SRR31646566,SRR31646566_879055_2,QUATERNARY AMMONIUM,disinfecting agents and antiseptics,QUATERNARY AMMONIUM,FULL,,,
SRR31646566,SRR31646566_1107029_1,QUATERNARY AMMONIUM,disinfecting agents and antiseptics,QUATERNARY AMMONIUM,FULL,,,
SRR31646566,SRR31646566_1164038_1,AMINOGLYCOSIDE,aminoglycoside antibiotic,AMINOGLYCOSIDE,FULL,,,
SRR31646566,SRR31646566_1260149_1,TRIMETHOPRIM,diaminopyrimidine antibiotic,TRIMETHOPRIM,FULL,,,
SRR31646577,SRR31646577_10156_1,TETRACYCLINE,tetracycline antibiotic,TETRACYCLINE,FULL,,,
SRR31646577,SRR31646577_10337_2,QUATERNARY AMMONIUM,disinfecting agents and antiseptics,QUATERNARY AMMONIUM,FULL,,,
SRR31646577,SRR31646577_22510_10,BETA-LACTAM,cephalosporin; penicillin beta-lactam,BETA-LACTAM,FULL,,,
SRR31646577,SRR31646577_23197_3,LINCOSAMIDE/OXAZOLIDINONE/PHENICOL/PLEUROMUTILIN/STREPTOGRAMIN,lincosamide antibiotic; streptogramin antibiotic; oxazolidinone antibiotic; glycopeptide antibiotic; phenicol antibiotic,LINCOSAMIDE/OXAZOLIDINONE/PHENICOL/STREPTOGRAMIN,PARTIAL,PLEUROMUTILIN,GLYCOPEPTIDE,
SRR31646577,SRR31646577_27650_2,BETA-LACTAM,monobactam; cephalosporin; penicillin beta-lactam,BETA-LACTAM,FULL,,,
SRR31646577,SRR31646577_27650_5,AMINOGLYCOSIDE,aminoglycoside antibiotic,AMINOGLYCOSIDE,FULL,,,
SRR31646577,SRR31646577_37854_1,PHENICOL,phenicol antibiotic,PHENICOL,FULL,,,
SRR31646577,SRR31646577_46935_1,AMINOGLYCOSIDE,aminoglycoside antibiotic,AMINOGLYCOSIDE,FULL,,,
SRR31646577,SRR31646577_49475_1,OXAZOLIDINONE/PHENICOL,tetracycline antibiotic; oxazolidinone antibiotic; phenicol antibiotic,OXAZOLIDINONE/PHENICOL,PARTIAL,,TETRACYCLINE,
SRR31646577,SRR31646577_51995_5,QUATERNARY AMMONIUM,disinfecting agents and antiseptics,QUATERNARY AMMONIUM,FULL,,,
SRR31646577,SRR31646577_53904_1,BETA-LACTAM,cephalosporin; penicillin beta-lactam,BETA-LACTAM,FULL,,,
SRR31646577,SRR31646577_55480_2,TRIMETHOPRIM,diaminopyrimidine antibiotic,TRIMETHOPRIM,FULL,,,
SRR31646577,SRR31646577_58105_1,MACROLIDE,macrolide antibiotic,MACROLIDE,FULL,,,
SRR31646577,SRR31646577_68631_2,LINCOSAMIDE/OXAZOLIDINONE/PHENICOL/PLEUROMUTILIN/STREPTOGRAMIN,lincosamide antibiotic; streptogramin antibiotic; streptogramin A antibiotic; oxazolidinone antibiotic; phenicol antibiotic; pleuromutilin antibiotic,LINCOSAMIDE/OXAZOLIDINONE/PHENICOL/PLEUROMUTILIN/STREPTOGRAMIN,FULL,,,
SRR31646577,SRR31646577_78398_2,PHENICOL,phenicol antibiotic,PHENICOL,FULL,,,
SRR31646577,SRR31646577_91844_1,AMINOGLYCOSIDE,aminoglycoside antibiotic,AMINOGLYCOSIDE,FULL,,,
SRR31646577,SRR31646577_108650_1,AMINOGLYCOSIDE,aminoglycoside antibiotic,AMINOGLYCOSIDE,FULL,,,
SRR31646577,SRR31646577_112923_2,AMINOGLYCOSIDE,aminoglycoside antibiotic,AMINOGLYCOSIDE,FULL,,,
SRR31646577,SRR31646577_146628_1,TRIMETHOPRIM,diaminopyrimidine antibiotic,TRIMETHOPRIM,FULL,,,
SRR31646577,SRR31646577_171705_3,TETRACYCLINE,tetracycline antibiotic,TETRACYCLINE,FULL,,,
SRR31646577,SRR31646577_184056_1,BETA-LACTAM,carbapenem; penicillin beta-lactam,BETA-LACTAM,FULL,,,
SRR31646577,SRR31646577_185472_2,AMINOGLYCOSIDE,aminoglycoside antibiotic,AMINOGLYCOSIDE,FULL,,,
SRR31646577,SRR31646577_194651_1,AMINOGLYCOSIDE,aminoglycoside antibiotic,AMINOGLYCOSIDE,FULL,,,
SRR31646577,SRR31646577_211531_1,SULFONAMIDE,sulfonamide antibiotic,SULFONAMIDE,FULL,,,
SRR31646577,SRR31646577_230466_1,PHENICOL,phenicol antibiotic,PHENICOL,FULL,,,
SRR31646577,SRR31646577_231358_1,LINCOSAMIDE,lincosamide antibiotic,LINCOSAMIDE,FULL,,,
SRR31646577,SRR31646577_277448_1,TETRACYCLINE,tetracycline antibiotic,TETRACYCLINE,FULL,,,
SRR31646577,SRR31646577_301978_1,TETRACYCLINE,tetracycline antibiotic,TETRACYCLINE,FULL,,,
SRR31646577,SRR31646577_307490_1,LINCOSAMIDE/MACROLIDE/STREPTOGRAMIN,macrolide antibiotic; lincosamide antibiotic; streptogramin antibiotic; streptogramin A antibiotic; streptogramin B antibiotic,LINCOSAMIDE/MACROLIDE/STREPTOGRAMIN,FULL,,,
SRR31646577,SRR31646577_353671_1,TETRACYCLINE,tetracycline antibiotic,TETRACYCLINE,FULL,,,
SRR31646577,SRR31646577_373541_1,AMINOGLYCOSIDE,aminoglycoside antibiotic,AMINOGLYCOSIDE,FULL,,,
SRR31646577,SRR31646577_426633_2,QUATERNARY AMMONIUM,disinfecting agents and antiseptics,QUATERNARY AMMONIUM,FULL,,,
SRR31646577,SRR31646577_499071_3,TETRACYCLINE,tetracycline antibiotic,TETRACYCLINE,FULL,,,
SRR31646577,SRR31646577_627195_1,QUATERNARY AMMONIUM,disinfecting agents and antiseptics,QUATERNARY AMMONIUM,FULL,,,
SRR31646577,SRR31646577_651009_1,STREPTOTHRICIN,nucleoside antibiotic,STREPTOTHRICIN,FULL,,,
SRR31646577,SRR31646577_675926_1,TRIMETHOPRIM,diaminopyrimidine antibiotic,TRIMETHOPRIM,FULL,,,
SRR31646577,SRR31646577_741202_1,AMINOGLYCOSIDE,aminoglycoside antibiotic,AMINOGLYCOSIDE,FULL,,,
SRR31646577,SRR31646577_925688_1,AMINOGLYCOSIDE,aminoglycoside antibiotic,AMINOGLYCOSIDE,FULL,,,
SRR31646577,SRR31646577_999831_1,QUATERNARY AMMONIUM,disinfecting agents and antiseptics,QUATERNARY AMMONIUM,FULL,,,
SRR31646577,SRR31646577_1035176_1,SULFONAMIDE,sulfonamide antibiotic,SULFONAMIDE,FULL,,,
SRR31646586,SRR31646586_50_1,AMINOGLYCOSIDE,aminoglycoside antibiotic,AMINOGLYCOSIDE,FULL,,,
SRR31646586,SRR31646586_2343_1,TETRACYCLINE,tetracycline antibiotic,TETRACYCLINE,FULL,,,
SRR31646586,SRR31646586_8847_1,TETRACYCLINE,tetracycline antibiotic,TETRACYCLINE,FULL,,,
SRR31646586,SRR31646586_11316_3,SULFONAMIDE,sulfonamide antibiotic,SULFONAMIDE,FULL,,,
SRR31646586,SRR31646586_24129_3,AMINOGLYCOSIDE,aminoglycoside antibiotic,AMINOGLYCOSIDE,FULL,,,
SRR31646586,SRR31646586_24604_2,BETA-LACTAM,monobactam; cephalosporin; penicillin beta-lactam,BETA-LACTAM,FULL,,,
SRR31646586,SRR31646586_31043_2,LINCOSAMIDE/MACROLIDE,macrolide antibiotic; lincosamide antibiotic; streptogramin antibiotic; streptogramin A antibiotic; streptogramin B antibiotic,LINCOSAMIDE/MACROLIDE,PARTIAL,,STREPTOGRAMIN,
SRR31646586,SRR31646586_32687_2,PHENICOL,phenicol antibiotic,PHENICOL,FULL,,,
SRR31646586,SRR31646586_33023_1,TETRACYCLINE,tetracycline antibiotic,TETRACYCLINE,FULL,,,
SRR31646586,SRR31646586_42010_1,AMINOGLYCOSIDE,aminoglycoside antibiotic,AMINOGLYCOSIDE,FULL,,,
SRR31646586,SRR31646586_44825_1,LINCOSAMIDE/MACROLIDE/STREPTOGRAMIN,macrolide antibiotic; lincosamide antibiotic; streptogramin antibiotic; streptogramin B antibiotic,LINCOSAMIDE/MACROLIDE/STREPTOGRAMIN,FULL,,,
SRR31646586,SRR31646586_51459_2,AMINOGLYCOSIDE,aminoglycoside antibiotic,AMINOGLYCOSIDE,FULL,,,
SRR31646586,SRR31646586_53085_1,QUATERNARY AMMONIUM,disinfecting agents and antiseptics,QUATERNARY AMMONIUM,FULL,,,
SRR31646586,SRR31646586_53085_2,SULFONAMIDE,sulfonamide antibiotic,SULFONAMIDE,FULL,,,
SRR31646586,SRR31646586_58647_1,AMINOGLYCOSIDE,aminoglycoside antibiotic,AMINOGLYCOSIDE,FULL,,,
SRR31646586,SRR31646586_58647_2,AMINOGLYCOSIDE,aminoglycoside antibiotic,AMINOGLYCOSIDE,FULL,,,
SRR31646586,SRR31646586_61517_1,LINCOSAMIDE/MACROLIDE/STREPTOGRAMIN,macrolide antibiotic; lincosamide antibiotic; streptogramin antibiotic; streptogramin A antibiotic; streptogramin B antibiotic,LINCOSAMIDE/MACROLIDE/STREPTOGRAMIN,FULL,,,
SRR31646586,SRR31646586_66582_1,TETRACYCLINE,tetracycline antibiotic,TETRACYCLINE,FULL,,,
SRR31646586,SRR31646586_79370_5,QUATERNARY AMMONIUM,disinfecting agents and antiseptics,QUATERNARY AMMONIUM,FULL,,,
SRR31646586,SRR31646586_86390_2,TRIMETHOPRIM,diaminopyrimidine antibiotic,TRIMETHOPRIM,FULL,,,
SRR31646586,SRR31646586_115878_2,FOSFOMYCIN,phosphonic acid antibiotic,FOSFOMYCIN,FULL,,,
SRR31646586,SRR31646586_129222_1,AMINOGLYCOSIDE,aminoglycoside antibiotic,AMINOGLYCOSIDE,FULL,,,
SRR31646586,SRR31646586_211144_1,TRIMETHOPRIM,diaminopyrimidine antibiotic,TRIMETHOPRIM,FULL,,,
SRR31646587,SRR31646587_5079_2,AMINOGLYCOSIDE,aminoglycoside antibiotic,AMINOGLYCOSIDE,FULL,,,
SRR31646587,SRR31646587_6581_2,QUATERNARY AMMONIUM,disinfecting agents and antiseptics,QUATERNARY AMMONIUM,FULL,,,
SRR31646587,SRR31646587_7642_1,LINCOSAMIDE/MACROLIDE/STREPTOGRAMIN,macrolide antibiotic; lincosamide antibiotic; streptogramin antibiotic; streptogramin B antibiotic,LINCOSAMIDE/MACROLIDE/STREPTOGRAMIN,FULL,,,
SRR31646587,SRR31646587_16731_2,PHENICOL,phenicol antibiotic,PHENICOL,FULL,,,
SRR31646587,SRR31646587_19181_1,AMINOGLYCOSIDE,aminoglycoside antibiotic,AMINOGLYCOSIDE,FULL,,,
SRR31646587,SRR31646587_19364_3,PHENICOL,phenicol antibiotic,PHENICOL,FULL,,,
SRR31646587,SRR31646587_28090_2,QUATERNARY AMMONIUM,disinfecting agents and antiseptics,QUATERNARY AMMONIUM,FULL,,,
SRR31646587,SRR31646587_29164_2,LINCOSAMIDE/MACROLIDE/STREPTOGRAMIN,macrolide antibiotic; lincosamide antibiotic; streptogramin antibiotic; streptogramin A antibiotic; streptogramin B antibiotic,LINCOSAMIDE/MACROLIDE/STREPTOGRAMIN,FULL,,,
SRR31646587,SRR31646587_33828_1,AMINOGLYCOSIDE,aminoglycoside antibiotic,AMINOGLYCOSIDE,FULL,,,
SRR31646587,SRR31646587_35330_2,TETRACYCLINE,tetracycline antibiotic,TETRACYCLINE,FULL,,,
SRR31646587,SRR31646587_44638_3,FOSFOMYCIN,phosphonic acid antibiotic,FOSFOMYCIN,FULL,,,
SRR31646587,SRR31646587_49687_2,SULFONAMIDE,sulfonamide antibiotic,SULFONAMIDE,FULL,,,
SRR31646587,SRR31646587_57707_1,BETA-LACTAM,penicillin beta-lactam,BETA-LACTAM,FULL,,,
SRR31646587,SRR31646587_69244_1,TRIMETHOPRIM,diaminopyrimidine antibiotic,TRIMETHOPRIM,FULL,,,
SRR31646587,SRR31646587_75384_1,AMINOGLYCOSIDE,aminoglycoside antibiotic,AMINOGLYCOSIDE,FULL,,,
SRR31646587,SRR31646587_80209_1,TETRACYCLINE,tetracycline antibiotic,TETRACYCLINE,FULL,,,
SRR31646587,SRR31646587_88438_3,AMINOGLYCOSIDE,aminoglycoside antibiotic,AMINOGLYCOSIDE,FULL,,,
SRR31646587,SRR31646587_90461_1,TETRACYCLINE,tetracycline antibiotic,TETRACYCLINE,FULL,,,
SRR31646587,SRR31646587_90636_1,LINCOSAMIDE/MACROLIDE,macrolide antibiotic; lincosamide antibiotic; streptogramin antibiotic; streptogramin A antibiotic; streptogramin B antibiotic,LINCOSAMIDE/MACROLIDE,PARTIAL,,STREPTOGRAMIN,
SRR31646587,SRR31646587_94297_1,TETRACYCLINE,tetracycline antibiotic,TETRACYCLINE,FULL,,,
SRR31646587,SRR31646587_105203_2,QUATERNARY AMMONIUM,disinfecting agents and antiseptics,QUATERNARY AMMONIUM,FULL,,,
SRR31646587,SRR31646587_118242_1,TRIMETHOPRIM,diaminopyrimidine antibiotic,TRIMETHOPRIM,FULL,,,
SRR31646587,SRR31646587_163675_1,AMINOGLYCOSIDE,aminoglycoside antibiotic,AMINOGLYCOSIDE,FULL,,,
SRR31646587,SRR31646587_179457_1,TETRACYCLINE,tetracycline antibiotic,TETRACYCLINE,FULL,,,
SRR31646588,SRR31646588_1941_1,TETRACYCLINE,tetracycline antibiotic,TETRACYCLINE,FULL,,,
SRR31646588,SRR31646588_7009_3,TRIMETHOPRIM,diaminopyrimidine antibiotic,TRIMETHOPRIM,FULL,,,
SRR31646588,SRR31646588_8137_4,PHENICOL,phenicol antibiotic,PHENICOL,FULL,,,
SRR31646588,SRR31646588_8977_1,MACROLIDE,macrolide antibiotic,MACROLIDE,FULL,,,
SRR31646588,SRR31646588_8977_2,MACROLIDE/STREPTOGRAMIN,macrolide antibiotic; streptogramin antibiotic,MACROLIDE/STREPTOGRAMIN,FULL,,,
SRR31646588,SRR31646588_10096_2,TRIMETHOPRIM,diaminopyrimidine antibiotic,TRIMETHOPRIM,FULL,,,
SRR31646588,SRR31646588_13477_1,AMINOGLYCOSIDE,aminoglycoside antibiotic,AMINOGLYCOSIDE,FULL,,,
SRR31646588,SRR31646588_17048_3,TETRACYCLINE,tetracycline antibiotic,TETRACYCLINE,FULL,,,
SRR31646588,SRR31646588_19209_2,TETRACYCLINE,tetracycline antibiotic,TETRACYCLINE,FULL,,,
SRR31646588,SRR31646588_21941_2,LINCOSAMIDE/STREPTOGRAMIN,lincosamide antibiotic; streptogramin antibiotic; pleuromutilin antibiotic,LINCOSAMIDE/STREPTOGRAMIN,PARTIAL,,PLEUROMUTILIN,
SRR31646588,SRR31646588_21941_3,LINCOSAMIDE,lincosamide antibiotic,LINCOSAMIDE,FULL,,,
SRR31646588,SRR31646588_22954_1,BETA-LACTAM,cephalosporin; penicillin beta-lactam,BETA-LACTAM,FULL,,,
SRR31646588,SRR31646588_24526_1,MACROLIDE,macrolide antibiotic,MACROLIDE,FULL,,,
SRR31646588,SRR31646588_24699_1,PHENICOL,phenicol antibiotic,PHENICOL,FULL,,,
SRR31646588,SRR31646588_37113_2,PHENICOL,phenicol antibiotic,PHENICOL,FULL,,,
SRR31646588,SRR31646588_44503_1,MACROLIDE,macrolide antibiotic,MACROLIDE,FULL,,,
SRR31646588,SRR31646588_44503_2,MACROLIDE/STREPTOGRAMIN,macrolide antibiotic; streptogramin antibiotic,MACROLIDE/STREPTOGRAMIN,FULL,,,
SRR31646588,SRR31646588_54035_1,LINCOSAMIDE/OXAZOLIDINONE/PHENICOL/PLEUROMUTILIN/STREPTOGRAMIN,lincosamide antibiotic; streptogramin antibiotic; oxazolidinone antibiotic; glycopeptide antibiotic; phenicol antibiotic,LINCOSAMIDE/OXAZOLIDINONE/PHENICOL/STREPTOGRAMIN,PARTIAL,PLEUROMUTILIN,GLYCOPEPTIDE,
SRR31646588,SRR31646588_58590_1,AMINOGLYCOSIDE,aminoglycoside antibiotic,AMINOGLYCOSIDE,FULL,,,
SRR31646588,SRR31646588_80482_1,AMINOGLYCOSIDE,aminoglycoside antibiotic,AMINOGLYCOSIDE,FULL,,,
SRR31646588,SRR31646588_96866_1,TETRACYCLINE,tetracycline antibiotic,TETRACYCLINE,FULL,,,
SRR31646588,SRR31646588_99702_1,BETA-LACTAM,monobactam; cephalosporin; penicillin beta-lactam,BETA-LACTAM,FULL,,,
SRR31646588,SRR31646588_104662_2,QUATERNARY AMMONIUM,disinfecting agents and antiseptics,QUATERNARY AMMONIUM,FULL,,,
SRR31646588,SRR31646588_108613_2,QUATERNARY AMMONIUM,disinfecting agents and antiseptics,QUATERNARY AMMONIUM,FULL,,,
SRR31646588,SRR31646588_110327_2,AMINOGLYCOSIDE,aminoglycoside antibiotic,AMINOGLYCOSIDE,FULL,,,
SRR31646588,SRR31646588_115804_1,AMINOGLYCOSIDE,aminoglycoside antibiotic,AMINOGLYCOSIDE,FULL,,,
SRR31646588,SRR31646588_116294_2,OXAZOLIDINONE/PHENICOL,tetracycline antibiotic; oxazolidinone antibiotic; phenicol antibiotic,OXAZOLIDINONE/PHENICOL,PARTIAL,,TETRACYCLINE,
SRR31646588,SRR31646588_132478_1,LINCOSAMIDE/MACROLIDE/STREPTOGRAMIN,macrolide antibiotic; lincosamide antibiotic; streptogramin antibiotic; streptogramin A antibiotic; streptogramin B antibiotic,LINCOSAMIDE/MACROLIDE/STREPTOGRAMIN,FULL,,,
SRR31646588,SRR31646588_142533_1,LINCOSAMIDE/MACROLIDE/STREPTOGRAMIN,macrolide antibiotic; lincosamide antibiotic; streptogramin antibiotic; streptogramin A antibiotic; streptogramin B antibiotic,LINCOSAMIDE/MACROLIDE/STREPTOGRAMIN,FULL,,,
SRR31646588,SRR31646588_143065_1,TRIMETHOPRIM,diaminopyrimidine antibiotic,TRIMETHOPRIM,FULL,,,
SRR31646588,SRR31646588_157938_1,SULFONAMIDE,sulfonamide antibiotic,SULFONAMIDE,FULL,,,
SRR31646588,SRR31646588_174135_3,LINCOSAMIDE/OXAZOLIDINONE/PHENICOL/PLEUROMUTILIN/STREPTOGRAMIN,lincosamide antibiotic; streptogramin antibiotic; streptogramin A antibiotic; oxazolidinone antibiotic; phenicol antibiotic; pleuromutilin antibiotic,LINCOSAMIDE/OXAZOLIDINONE/PHENICOL/PLEUROMUTILIN/STREPTOGRAMIN,FULL,,,
SRR31646588,SRR31646588_182042_1,LINCOSAMIDE,lincosamide antibiotic,LINCOSAMIDE,FULL,,,
SRR31646588,SRR31646588_193941_1,BETA-LACTAM,cephalosporin; penicillin beta-lactam,BETA-LACTAM,FULL,,,
SRR31646588,SRR31646588_194238_1,AMINOGLYCOSIDE,aminoglycoside antibiotic,AMINOGLYCOSIDE,FULL,,,
SRR31646588,SRR31646588_197746_1,BETA-LACTAM,cephalosporin; penicillin beta-lactam,BETA-LACTAM,FULL,,,
SRR31646588,SRR31646588_216772_1,AMINOGLYCOSIDE,aminoglycoside antibiotic,AMINOGLYCOSIDE,FULL,,,
SRR31646588,SRR31646588_225116_1,TRIMETHOPRIM,diaminopyrimidine antibiotic,TRIMETHOPRIM,FULL,,,
SRR31646588,SRR31646588_237175_1,QUATERNARY AMMONIUM,disinfecting agents and antiseptics,QUATERNARY AMMONIUM,FULL,,,
SRR31646588,SRR31646588_299398_1,BETA-LACTAM,penicillin beta-lactam,BETA-LACTAM,FULL,,,
SRR31646588,SRR31646588_330443_1,AMINOGLYCOSIDE,aminoglycoside antibiotic,AMINOGLYCOSIDE,FULL,,,
SRR31646588,SRR31646588_335679_1,TETRACYCLINE,tetracycline antibiotic,TETRACYCLINE,FULL,,,
SRR31646588,SRR31646588_336004_1,PHENICOL,phenicol antibiotic,PHENICOL,FULL,,,
SRR31646588,SRR31646588_415887_1,PHENICOL,phenicol antibiotic,PHENICOL,FULL,,,
SRR31646588,SRR31646588_417503_1,STREPTOTHRICIN,nucleoside antibiotic,STREPTOTHRICIN,FULL,,,
SRR31646588,SRR31646588_422879_1,BETA-LACTAM,carbapenem; penicillin beta-lactam,BETA-LACTAM,FULL,,,
SRR31646588,SRR31646588_465279_1,AMINOGLYCOSIDE,aminoglycoside antibiotic,AMINOGLYCOSIDE,FULL,,,
SRR31646588,SRR31646588_486449_2,TETRACYCLINE,tetracycline antibiotic,TETRACYCLINE,FULL,,,
SRR31646588,SRR31646588_673206_1,AMINOGLYCOSIDE,aminoglycoside antibiotic,AMINOGLYCOSIDE,FULL,,,
SRR31646588,SRR31646588_725717_1,AMINOGLYCOSIDE,aminoglycoside antibiotic,AMINOGLYCOSIDE,FULL,,,
SRR31646588,SRR31646588_730893_2,QUATERNARY AMMONIUM,disinfecting agents and antiseptics,QUATERNARY AMMONIUM,FULL,,,
SRR31646588,SRR31646588_840099_2,QUATERNARY AMMONIUM,disinfecting agents and antiseptics,QUATERNARY AMMONIUM,FULL,,,
SRR31646589,SRR31646589_26558_3,AMINOGLYCOSIDE,aminoglycoside antibiotic,AMINOGLYCOSIDE,FULL,,,
SRR31646589,SRR31646589_26558_4,AMINOGLYCOSIDE,aminoglycoside antibiotic,AMINOGLYCOSIDE,FULL,,,
SRR31646589,SRR31646589_29005_3,SULFONAMIDE,sulfonamide antibiotic,SULFONAMIDE,FULL,,,
SRR31646589,SRR31646589_29005_4,QUATERNARY AMMONIUM,disinfecting agents and antiseptics,QUATERNARY AMMONIUM,FULL,,,
SRR31646589,SRR31646589_30158_4,LINCOSAMIDE/MACROLIDE/STREPTOGRAMIN,macrolide antibiotic; lincosamide antibiotic; streptogramin antibiotic; streptogramin B antibiotic,LINCOSAMIDE/MACROLIDE/STREPTOGRAMIN,FULL,,,
SRR31646589,SRR31646589_32072_1,LINCOSAMIDE/STREPTOGRAMIN,lincosamide antibiotic; streptogramin antibiotic; pleuromutilin antibiotic,LINCOSAMIDE/STREPTOGRAMIN,PARTIAL,,PLEUROMUTILIN,
SRR31646589,SRR31646589_32072_2,LINCOSAMIDE,lincosamide antibiotic,LINCOSAMIDE,FULL,,,
SRR31646589,SRR31646589_38158_3,PHENICOL,phenicol antibiotic,PHENICOL,FULL,,,
SRR31646589,SRR31646589_38494_2,FOSFOMYCIN,phosphonic acid antibiotic,FOSFOMYCIN,FULL,,,
SRR31646589,SRR31646589_40864_1,LINCOSAMIDE/MACROLIDE/STREPTOGRAMIN,macrolide antibiotic; lincosamide antibiotic; streptogramin antibiotic; streptogramin A antibiotic; streptogramin B antibiotic,LINCOSAMIDE/MACROLIDE/STREPTOGRAMIN,FULL,,,
SRR31646589,SRR31646589_41562_2,TETRACYCLINE,tetracycline antibiotic,TETRACYCLINE,FULL,,,
SRR31646589,SRR31646589_54630_2,NITROIMIDAZOLE,nitroimidazole antibiotic,NITROIMIDAZOLE,FULL,,,
SRR31646589,SRR31646589_56039_1,AMINOGLYCOSIDE,aminoglycoside antibiotic,AMINOGLYCOSIDE,FULL,,,
SRR31646589,SRR31646589_57740_1,TRIMETHOPRIM,diaminopyrimidine antibiotic,TRIMETHOPRIM,FULL,,,
SRR31646589,SRR31646589_58560_1,TETRACYCLINE,tetracycline antibiotic,TETRACYCLINE,FULL,,,
SRR31646589,SRR31646589_70900_2,PHENICOL,phenicol antibiotic,PHENICOL,FULL,,,
SRR31646589,SRR31646589_80274_2,GLYCOPEPTIDE,glycopeptide antibiotic,GLYCOPEPTIDE,FULL,,,
SRR31646589,SRR31646589_85453_1,AMINOGLYCOSIDE,aminoglycoside antibiotic,AMINOGLYCOSIDE,FULL,,,
SRR31646589,SRR31646589_85453_3,AMINOGLYCOSIDE,aminoglycoside antibiotic,AMINOGLYCOSIDE,FULL,,,
SRR31646589,SRR31646589_92759_1,TRIMETHOPRIM,diaminopyrimidine antibiotic,TRIMETHOPRIM,FULL,,,
SRR31646589,SRR31646589_97946_1,TETRACYCLINE,tetracycline antibiotic,TETRACYCLINE,FULL,,,
SRR31646589,SRR31646589_109271_1,QUATERNARY AMMONIUM,disinfecting agents and antiseptics,QUATERNARY AMMONIUM,FULL,,,
SRR31646589,SRR31646589_121433_1,LINCOSAMIDE,lincosamide antibiotic,LINCOSAMIDE,FULL,,,
SRR31646589,SRR31646589_129233_1,AMINOGLYCOSIDE,aminoglycoside antibiotic,AMINOGLYCOSIDE,FULL,,,
SRR31646589,SRR31646589_140383_1,LINCOSAMIDE/MACROLIDE/STREPTOGRAMIN,macrolide antibiotic; lincosamide antibiotic; streptogramin antibiotic; streptogramin A antibiotic; streptogramin B antibiotic,LINCOSAMIDE/MACROLIDE/STREPTOGRAMIN,FULL,,,
SRR31646589,SRR31646589_198041_1,AMINOGLYCOSIDE,aminoglycoside antibiotic,AMINOGLYCOSIDE,FULL,,,
SRR31646589,SRR31646589_248861_2,LINCOSAMIDE/MACROLIDE/STREPTOGRAMIN,macrolide antibiotic; lincosamide antibiotic; streptogramin antibiotic; streptogramin A antibiotic; streptogramin B antibiotic,LINCOSAMIDE/MACROLIDE/STREPTOGRAMIN,FULL,,,
SRR31646589,SRR31646589_370974_2,NITROIMIDAZOLE,nitroimidazole antibiotic,NITROIMIDAZOLE,FULL,,,
SRR31646589,SRR31646589_400068_1,NITROIMIDAZOLE,nitroimidazole antibiotic,NITROIMIDAZOLE,FULL,,,
SRR31646589,SRR31646589_540600_1,LINCOSAMIDE/MACROLIDE,macrolide antibiotic; lincosamide antibiotic; streptogramin antibiotic; streptogramin A antibiotic; streptogramin B antibiotic,LINCOSAMIDE/MACROLIDE,PARTIAL,,STREPTOGRAMIN,
SRR31646590,SRR31646590_756_1,QUATERNARY AMMONIUM,disinfecting agents and antiseptics,QUATERNARY AMMONIUM,FULL,,,
SRR31646590,SRR31646590_5370_1,QUATERNARY AMMONIUM,disinfecting agents and antiseptics,QUATERNARY AMMONIUM,FULL,,,
SRR31646590,SRR31646590_13186_5,PHENICOL,phenicol antibiotic,PHENICOL,FULL,,,
SRR31646590,SRR31646590_14920_1,STREPTOTHRICIN,nucleoside antibiotic,STREPTOTHRICIN,FULL,,,
SRR31646590,SRR31646590_21700_1,TETRACYCLINE,tetracycline antibiotic,TETRACYCLINE,FULL,,,
SRR31646590,SRR31646590_26447_1,LINCOSAMIDE,lincosamide antibiotic,LINCOSAMIDE,FULL,,,
SRR31646590,SRR31646590_48285_1,LINCOSAMIDE/MACROLIDE/STREPTOGRAMIN,macrolide antibiotic; lincosamide antibiotic; streptogramin antibiotic; streptogramin A antibiotic; streptogramin B antibiotic,LINCOSAMIDE/MACROLIDE/STREPTOGRAMIN,FULL,,,
SRR31646590,SRR31646590_54544_1,LINCOSAMIDE/MACROLIDE/STREPTOGRAMIN,macrolide antibiotic; lincosamide antibiotic; streptogramin antibiotic; streptogramin A antibiotic; streptogramin B antibiotic,LINCOSAMIDE/MACROLIDE/STREPTOGRAMIN,FULL,,,
SRR31646590,SRR31646590_59753_1,AMINOGLYCOSIDE,aminoglycoside antibiotic,AMINOGLYCOSIDE,FULL,,,
SRR31646590,SRR31646590_65908_3,AMINOGLYCOSIDE,aminoglycoside antibiotic,AMINOGLYCOSIDE,FULL,,,
SRR31646590,SRR31646590_69761_3,AMINOGLYCOSIDE,aminoglycoside antibiotic,AMINOGLYCOSIDE,FULL,,,
SRR31646590,SRR31646590_85255_3,QUATERNARY AMMONIUM,disinfecting agents and antiseptics,QUATERNARY AMMONIUM,FULL,,,
SRR31646590,SRR31646590_91237_1,TETRACYCLINE,tetracycline antibiotic,TETRACYCLINE,FULL,,,
SRR31646590,SRR31646590_116597_2,TETRACYCLINE,tetracycline antibiotic,TETRACYCLINE,FULL,,,
SRR31646590,SRR31646590_128586_1,TRIMETHOPRIM,diaminopyrimidine antibiotic,TRIMETHOPRIM,FULL,,,
SRR31646590,SRR31646590_140958_1,AMINOGLYCOSIDE,aminoglycoside antibiotic,AMINOGLYCOSIDE,FULL,,,
SRR31646590,SRR31646590_158391_1,TETRACYCLINE,tetracycline antibiotic,TETRACYCLINE,FULL,,,
SRR31646590,SRR31646590_161083_1,GLYCOPEPTIDE,glycopeptide antibiotic,GLYCOPEPTIDE,FULL,,,
SRR31646590,SRR31646590_165469_2,LINCOSAMIDE/MACROLIDE/STREPTOGRAMIN,macrolide antibiotic; lincosamide antibiotic; streptogramin antibiotic; streptogramin A antibiotic; streptogramin B antibiotic,LINCOSAMIDE/MACROLIDE/STREPTOGRAMIN,FULL,,,
SRR31646590,SRR31646590_166788_1,LINCOSAMIDE,lincosamide antibiotic,LINCOSAMIDE,FULL,,,
SRR31646590,SRR31646590_169148_4,AMINOGLYCOSIDE,aminoglycoside antibiotic,AMINOGLYCOSIDE,FULL,,,
SRR31646590,SRR31646590_210081_1,TETRACYCLINE,tetracycline antibiotic,TETRACYCLINE,FULL,,,
SRR31646590,SRR31646590_342802_1,AMINOGLYCOSIDE,aminoglycoside antibiotic,AMINOGLYCOSIDE,FULL,,,
SRR31646590,SRR31646590_363203_1,QUATERNARY AMMONIUM,disinfecting agents and antiseptics,QUATERNARY AMMONIUM,FULL,,,
SRR31646590,SRR31646590_379522_1,QUATERNARY AMMONIUM,disinfecting agents and antiseptics,QUATERNARY AMMONIUM,FULL,,,
SRR31646590,SRR31646590_381530_1,QUATERNARY AMMONIUM,disinfecting agents and antiseptics,QUATERNARY AMMONIUM,FULL,,,
SRR31646592,SRR31646592_2573_2,AMINOGLYCOSIDE,aminoglycoside antibiotic,AMINOGLYCOSIDE,FULL,,,
SRR31646592,SRR31646592_2573_3,AMINOGLYCOSIDE,aminoglycoside antibiotic,AMINOGLYCOSIDE,FULL,,,
SRR31646592,SRR31646592_16701_1,AMINOGLYCOSIDE,aminoglycoside antibiotic,AMINOGLYCOSIDE,FULL,,,
SRR31646592,SRR31646592_16701_2,TETRACYCLINE,tetracycline antibiotic,TETRACYCLINE,FULL,,,
SRR31646592,SRR31646592_23891_5,PHENICOL,phenicol antibiotic,PHENICOL,FULL,,,
SRR31646592,SRR31646592_27438_1,TETRACYCLINE,tetracycline antibiotic,TETRACYCLINE,FULL,,,
SRR31646592,SRR31646592_33670_1,TRIMETHOPRIM,diaminopyrimidine antibiotic,TRIMETHOPRIM,FULL,,,
SRR31646592,SRR31646592_42580_2,LINCOSAMIDE,lincosamide antibiotic,LINCOSAMIDE,FULL,,,
SRR31646592,SRR31646592_42580_3,LINCOSAMIDE/STREPTOGRAMIN,lincosamide antibiotic; streptogramin antibiotic; pleuromutilin antibiotic,LINCOSAMIDE/STREPTOGRAMIN,PARTIAL,,PLEUROMUTILIN,
SRR31646592,SRR31646592_73361_2,AMINOGLYCOSIDE,aminoglycoside antibiotic,AMINOGLYCOSIDE,FULL,,,
SRR31646592,SRR31646592_77441_1,QUATERNARY AMMONIUM,disinfecting agents and antiseptics,QUATERNARY AMMONIUM,FULL,,,
SRR31646592,SRR31646592_129846_3,TETRACYCLINE,tetracycline antibiotic,TETRACYCLINE,FULL,,,
SRR31646592,SRR31646592_139635_1,QUATERNARY AMMONIUM,disinfecting agents and antiseptics,QUATERNARY AMMONIUM,FULL,,,
SRR31646592,SRR31646592_142363_3,SULFONAMIDE,sulfonamide antibiotic,SULFONAMIDE,FULL,,,
SRR31646592,SRR31646592_142363_4,QUATERNARY AMMONIUM,disinfecting agents and antiseptics,QUATERNARY AMMONIUM,FULL,,,
SRR31646592,SRR31646592_144462_1,AMINOGLYCOSIDE,aminoglycoside antibiotic,AMINOGLYCOSIDE,FULL,,,
SRR31646592,SRR31646592_183271_3,AMINOGLYCOSIDE,aminoglycoside antibiotic,AMINOGLYCOSIDE,FULL,,,
SRR31646592,SRR31646592_183271_5,AMINOGLYCOSIDE,aminoglycoside antibiotic,AMINOGLYCOSIDE,FULL,,,
SRR31646592,SRR31646592_188226_2,TETRACYCLINE,tetracycline antibiotic,TETRACYCLINE,FULL,,,
SRR31646592,SRR31646592_190645_2,FOSFOMYCIN,phosphonic acid antibiotic,FOSFOMYCIN,FULL,,,
SRR31646592,SRR31646592_249928_1,TRIMETHOPRIM,diaminopyrimidine antibiotic,TRIMETHOPRIM,FULL,,,
SRR31646592,SRR31646592_266798_1,AMINOGLYCOSIDE,aminoglycoside antibiotic,AMINOGLYCOSIDE,FULL,,,
SRR31646592,SRR31646592_267745_2,PHENICOL,phenicol antibiotic,PHENICOL,FULL,,,
SRR31646592,SRR31646592_335070_2,LINCOSAMIDE,lincosamide antibiotic,LINCOSAMIDE,FULL,,,
SRR31646592,SRR31646592_414702_1,TRIMETHOPRIM,diaminopyrimidine antibiotic,TRIMETHOPRIM,FULL,,,
SRR31646592,SRR31646592_430676_1,TRIMETHOPRIM,diaminopyrimidine antibiotic,TRIMETHOPRIM,FULL,,,
SRR31646593,SRR31646593_1989_1,TETRACYCLINE,tetracycline antibiotic,TETRACYCLINE,FULL,,,
SRR31646593,SRR31646593_5376_1,LINCOSAMIDE/MACROLIDE/STREPTOGRAMIN,macrolide antibiotic; lincosamide antibiotic; streptogramin antibiotic; streptogramin B antibiotic,LINCOSAMIDE/MACROLIDE/STREPTOGRAMIN,FULL,,,
SRR31646593,SRR31646593_7409_4,LINCOSAMIDE/STREPTOGRAMIN,lincosamide antibiotic; streptogramin antibiotic; pleuromutilin antibiotic,LINCOSAMIDE/STREPTOGRAMIN,PARTIAL,,PLEUROMUTILIN,
SRR31646593,SRR31646593_7409_5,LINCOSAMIDE,lincosamide antibiotic,LINCOSAMIDE,FULL,,,
SRR31646593,SRR31646593_12647_1,TRIMETHOPRIM,diaminopyrimidine antibiotic,TRIMETHOPRIM,FULL,,,
SRR31646593,SRR31646593_13876_1,AMINOGLYCOSIDE,aminoglycoside antibiotic,AMINOGLYCOSIDE,FULL,,,
SRR31646593,SRR31646593_22963_5,PHENICOL,phenicol antibiotic,PHENICOL,FULL,,,
SRR31646593,SRR31646593_23275_3,TETRACYCLINE,tetracycline antibiotic,TETRACYCLINE,FULL,,,
SRR31646593,SRR31646593_30437_2,SULFONAMIDE,sulfonamide antibiotic,SULFONAMIDE,FULL,,,
SRR31646593,SRR31646593_30437_3,QUATERNARY AMMONIUM,disinfecting agents and antiseptics,QUATERNARY AMMONIUM,FULL,,,
SRR31646593,SRR31646593_32504_3,AMINOGLYCOSIDE,aminoglycoside antibiotic,AMINOGLYCOSIDE,FULL,,,
SRR31646593,SRR31646593_32504_5,AMINOGLYCOSIDE,aminoglycoside antibiotic,AMINOGLYCOSIDE,FULL,,,
SRR31646593,SRR31646593_32504_8,AMINOGLYCOSIDE,aminoglycoside antibiotic,AMINOGLYCOSIDE,FULL,,,
SRR31646593,SRR31646593_32504_9,AMINOGLYCOSIDE,aminoglycoside antibiotic,AMINOGLYCOSIDE,FULL,,,
SRR31646593,SRR31646593_36888_1,AMINOGLYCOSIDE,aminoglycoside antibiotic,AMINOGLYCOSIDE,FULL,,,
SRR31646593,SRR31646593_36888_2,TETRACYCLINE,tetracycline antibiotic,TETRACYCLINE,FULL,,,
SRR31646593,SRR31646593_37982_2,AMINOGLYCOSIDE,aminoglycoside antibiotic,AMINOGLYCOSIDE,FULL,,,
SRR31646593,SRR31646593_40263_6,AMINOGLYCOSIDE,aminoglycoside antibiotic,AMINOGLYCOSIDE,FULL,,,
SRR31646593,SRR31646593_47333_3,LINCOSAMIDE/MACROLIDE/STREPTOGRAMIN,macrolide antibiotic; lincosamide antibiotic; streptogramin antibiotic; streptogramin A antibiotic; streptogramin B antibiotic,LINCOSAMIDE/MACROLIDE/STREPTOGRAMIN,FULL,,,
SRR31646593,SRR31646593_48974_1,QUATERNARY AMMONIUM,disinfecting agents and antiseptics,QUATERNARY AMMONIUM,FULL,,,
SRR31646593,SRR31646593_51234_1,LINCOSAMIDE/MACROLIDE/STREPTOGRAMIN,macrolide antibiotic; lincosamide antibiotic; streptogramin antibiotic; streptogramin A antibiotic; streptogramin B antibiotic,LINCOSAMIDE/MACROLIDE/STREPTOGRAMIN,FULL,,,
SRR31646593,SRR31646593_53500_1,TETRACYCLINE,tetracycline antibiotic,TETRACYCLINE,FULL,,,
SRR31646593,SRR31646593_64695_1,FOSFOMYCIN,phosphonic acid antibiotic,FOSFOMYCIN,FULL,,,
SRR31646593,SRR31646593_97585_1,TRIMETHOPRIM,diaminopyrimidine antibiotic,TRIMETHOPRIM,FULL,,,
SRR31646593,SRR31646593_98074_1,TETRACYCLINE,tetracycline antibiotic,TETRACYCLINE,FULL,,,
SRR31646593,SRR31646593_106611_1,TETRACYCLINE,tetracycline antibiotic,TETRACYCLINE,FULL,,,
SRR31646593,SRR31646593_125128_1,TRIMETHOPRIM,diaminopyrimidine antibiotic,TRIMETHOPRIM,FULL,,,
SRR31646593,SRR31646593_168636_1,PHENICOL,phenicol antibiotic,PHENICOL,FULL,,,
SRR31646593,SRR31646593_180890_1,LINCOSAMIDE/MACROLIDE/STREPTOGRAMIN,macrolide antibiotic; lincosamide antibiotic; streptogramin antibiotic; streptogramin A antibiotic; streptogramin B antibiotic,LINCOSAMIDE/MACROLIDE/STREPTOGRAMIN,FULL,,,
SRR31646594,SRR31646594_733_4,LINCOSAMIDE/MACROLIDE/STREPTOGRAMIN,macrolide antibiotic; lincosamide antibiotic; streptogramin antibiotic; streptogramin B antibiotic,LINCOSAMIDE/MACROLIDE/STREPTOGRAMIN,FULL,,,
SRR31646594,SRR31646594_11035_1,TETRACYCLINE,tetracycline antibiotic,TETRACYCLINE,FULL,,,
SRR31646594,SRR31646594_13716_3,AMINOGLYCOSIDE,aminoglycoside antibiotic,AMINOGLYCOSIDE,FULL,,,
SRR31646594,SRR31646594_13716_5,AMINOGLYCOSIDE,aminoglycoside antibiotic,AMINOGLYCOSIDE,FULL,,,
SRR31646594,SRR31646594_30884_1,PHENICOL,phenicol antibiotic,PHENICOL,FULL,,,
SRR31646594,SRR31646594_47365_1,TETRACYCLINE,tetracycline antibiotic,TETRACYCLINE,FULL,,,
SRR31646594,SRR31646594_47641_3,SULFONAMIDE,sulfonamide antibiotic,SULFONAMIDE,FULL,,,
SRR31646594,SRR31646594_47641_4,QUATERNARY AMMONIUM,disinfecting agents and antiseptics,QUATERNARY AMMONIUM,FULL,,,
SRR31646594,SRR31646594_47701_2,TETRACYCLINE,tetracycline antibiotic,TETRACYCLINE,FULL,,,
SRR31646594,SRR31646594_56497_2,AMINOGLYCOSIDE,aminoglycoside antibiotic,AMINOGLYCOSIDE,FULL,,,
SRR31646594,SRR31646594_65692_4,PHENICOL,phenicol antibiotic,PHENICOL,FULL,,,
SRR31646594,SRR31646594_69796_1,TETRACYCLINE,tetracycline antibiotic,TETRACYCLINE,FULL,,,
SRR31646594,SRR31646594_70390_1,AMINOGLYCOSIDE,aminoglycoside antibiotic,AMINOGLYCOSIDE,FULL,,,
SRR31646594,SRR31646594_74140_1,AMINOGLYCOSIDE,aminoglycoside antibiotic,AMINOGLYCOSIDE,FULL,,,
SRR31646594,SRR31646594_78314_1,AMINOGLYCOSIDE,aminoglycoside antibiotic,AMINOGLYCOSIDE,FULL,,,
SRR31646594,SRR31646594_78314_2,AMINOGLYCOSIDE,aminoglycoside antibiotic,AMINOGLYCOSIDE,FULL,,,
SRR31646594,SRR31646594_80794_1,TRIMETHOPRIM,diaminopyrimidine antibiotic,TRIMETHOPRIM,FULL,,,
SRR31646594,SRR31646594_84063_1,AMINOGLYCOSIDE,aminoglycoside antibiotic,AMINOGLYCOSIDE,FULL,,,
SRR31646594,SRR31646594_88537_1,TRIMETHOPRIM,diaminopyrimidine antibiotic,TRIMETHOPRIM,FULL,,,
SRR31646594,SRR31646594_90987_1,LINCOSAMIDE,lincosamide antibiotic,LINCOSAMIDE,FULL,,,
SRR31646594,SRR31646594_97523_2,BETA-LACTAM,penicillin beta-lactam,BETA-LACTAM,FULL,,,
SRR31646594,SRR31646594_97523_3,BETA-LACTAM,penicillin beta-lactam,BETA-LACTAM,FULL,,,
SRR31646594,SRR31646594_104930_2,PHENICOL,phenicol antibiotic,PHENICOL,FULL,,,
SRR31646594,SRR31646594_172496_2,LINCOSAMIDE/MACROLIDE,macrolide antibiotic; lincosamide antibiotic; streptogramin antibiotic; streptogramin A antibiotic; streptogramin B antibiotic,LINCOSAMIDE/MACROLIDE,PARTIAL,,STREPTOGRAMIN,
SRR31646594,SRR31646594_238229_1,TRIMETHOPRIM,diaminopyrimidine antibiotic,TRIMETHOPRIM,FULL,,,
SRR31646595,SRR31646595_4647_1,LINCOSAMIDE/MACROLIDE,macrolide antibiotic; lincosamide antibiotic; streptogramin antibiotic; streptogramin A antibiotic; streptogramin B antibiotic,LINCOSAMIDE/MACROLIDE,PARTIAL,,STREPTOGRAMIN,
SRR31646595,SRR31646595_39804_1,TETRACYCLINE,tetracycline antibiotic,TETRACYCLINE,FULL,,,
SRR31646595,SRR31646595_57208_1,AMINOGLYCOSIDE,aminoglycoside antibiotic,AMINOGLYCOSIDE,FULL,,,
SRR31646595,SRR31646595_57208_3,AMINOGLYCOSIDE,aminoglycoside antibiotic,AMINOGLYCOSIDE,FULL,,,
SRR31646595,SRR31646595_59218_1,AMINOGLYCOSIDE,aminoglycoside antibiotic,AMINOGLYCOSIDE,FULL,,,
SRR31646595,SRR31646595_60462_2,LINCOSAMIDE,lincosamide antibiotic,LINCOSAMIDE,FULL,,,
SRR31646595,SRR31646595_62534_2,TETRACYCLINE,tetracycline antibiotic,TETRACYCLINE,FULL,,,
SRR31646595,SRR31646595_69908_1,AMINOGLYCOSIDE,aminoglycoside antibiotic,AMINOGLYCOSIDE,FULL,,,
SRR31646595,SRR31646595_76654_1,QUATERNARY AMMONIUM,disinfecting agents and antiseptics,QUATERNARY AMMONIUM,FULL,,,
SRR31646595,SRR31646595_76654_2,SULFONAMIDE,sulfonamide antibiotic,SULFONAMIDE,FULL,,,
SRR31646595,SRR31646595_109641_2,AMINOGLYCOSIDE,aminoglycoside antibiotic,AMINOGLYCOSIDE,FULL,,,
SRR31646595,SRR31646595_109641_3,AMINOGLYCOSIDE,aminoglycoside antibiotic,AMINOGLYCOSIDE,FULL,,,
SRR31646595,SRR31646595_118893_1,TETRACYCLINE,tetracycline antibiotic,TETRACYCLINE,FULL,,,
SRR31646595,SRR31646595_123007_1,TRIMETHOPRIM,diaminopyrimidine antibiotic,TRIMETHOPRIM,FULL,,,
SRR31646595,SRR31646595_132492_1,PHENICOL,phenicol antibiotic,PHENICOL,FULL,,,
SRR31646595,SRR31646595_137965_2,PHENICOL,phenicol antibiotic,PHENICOL,FULL,,,
SRR31646595,SRR31646595_149349_1,AMINOGLYCOSIDE,aminoglycoside antibiotic,AMINOGLYCOSIDE,FULL,,,
SRR31646595,SRR31646595_158737_1,TETRACYCLINE,tetracycline antibiotic,TETRACYCLINE,FULL,,,
SRR31646595,SRR31646595_164760_1,AMINOGLYCOSIDE,aminoglycoside antibiotic,AMINOGLYCOSIDE,FULL,,,
SRR31646595,SRR31646595_180965_2,PHENICOL,phenicol antibiotic,PHENICOL,FULL,,,
SRR31646595,SRR31646595_196366_1,TRIMETHOPRIM,diaminopyrimidine antibiotic,TRIMETHOPRIM,FULL,,,
SRR31646595,SRR31646595_255146_1,AMINOGLYCOSIDE,aminoglycoside antibiotic,AMINOGLYCOSIDE,FULL,,,
SRR31646595,SRR31646595_260023_1,LINCOSAMIDE/MACROLIDE/STREPTOGRAMIN,macrolide antibiotic; lincosamide antibiotic; streptogramin antibiotic; streptogramin A antibiotic; streptogramin B antibiotic,LINCOSAMIDE/MACROLIDE/STREPTOGRAMIN,FULL,,,
SRR31646595,SRR31646595_300712_1,AMINOGLYCOSIDE,aminoglycoside antibiotic,AMINOGLYCOSIDE,FULL,,,
SRR31646595,SRR31646595_300901_1,MACROLIDE,macrolide antibiotic,MACROLIDE,FULL,,,
SRR31646595,SRR31646595_307834_1,TRIMETHOPRIM,diaminopyrimidine antibiotic,TRIMETHOPRIM,FULL,,,
SRR31646596,SRR31646596_4117_1,TETRACYCLINE,tetracycline antibiotic,TETRACYCLINE,FULL,,,
SRR31646596,SRR31646596_7988_2,PHENICOL,phenicol antibiotic,PHENICOL,FULL,,,
SRR31646596,SRR31646596_12388_1,TETRACYCLINE,tetracycline antibiotic,TETRACYCLINE,FULL,,,
SRR31646596,SRR31646596_14049_1,LINCOSAMIDE/MACROLIDE/STREPTOGRAMIN,macrolide antibiotic; lincosamide antibiotic; streptogramin antibiotic; streptogramin A antibiotic; streptogramin B antibiotic,LINCOSAMIDE/MACROLIDE/STREPTOGRAMIN,FULL,,,
SRR31646596,SRR31646596_14143_1,TETRACYCLINE,tetracycline antibiotic,TETRACYCLINE,FULL,,,
SRR31646596,SRR31646596_17342_1,QUATERNARY AMMONIUM,disinfecting agents and antiseptics,QUATERNARY AMMONIUM,FULL,,,
SRR31646596,SRR31646596_20701_2,PHENICOL,phenicol antibiotic,PHENICOL,FULL,,,
SRR31646596,SRR31646596_26175_3,TETRACYCLINE,tetracycline antibiotic,TETRACYCLINE,FULL,,,
SRR31646596,SRR31646596_29976_1,LINCOSAMIDE,lincosamide antibiotic,LINCOSAMIDE,FULL,,,
SRR31646596,SRR31646596_32756_1,QUATERNARY AMMONIUM,disinfecting agents and antiseptics,QUATERNARY AMMONIUM,FULL,,,
SRR31646596,SRR31646596_32756_2,SULFONAMIDE,sulfonamide antibiotic,SULFONAMIDE,FULL,,,
SRR31646596,SRR31646596_44579_1,TETRACYCLINE,tetracycline antibiotic,TETRACYCLINE,FULL,,,
SRR31646596,SRR31646596_46055_10,TETRACYCLINE,tetracycline antibiotic,TETRACYCLINE,FULL,,,
SRR31646596,SRR31646596_46055_13,AMINOGLYCOSIDE,aminoglycoside antibiotic,AMINOGLYCOSIDE,FULL,,,
SRR31646596,SRR31646596_49836_3,QUATERNARY AMMONIUM,disinfecting agents and antiseptics,QUATERNARY AMMONIUM,FULL,,,
SRR31646596,SRR31646596_67063_1,TRIMETHOPRIM,diaminopyrimidine antibiotic,TRIMETHOPRIM,FULL,,,
SRR31646596,SRR31646596_125483_3,TETRACYCLINE,tetracycline antibiotic,TETRACYCLINE,FULL,,,
SRR31646596,SRR31646596_133162_2,BETA-LACTAM,monobactam; cephalosporin; penicillin beta-lactam,BETA-LACTAM,FULL,,,
SRR31646596,SRR31646596_145438_2,AMINOGLYCOSIDE,aminoglycoside antibiotic,AMINOGLYCOSIDE,FULL,,,
SRR31646596,SRR31646596_145438_3,AMINOGLYCOSIDE,aminoglycoside antibiotic,AMINOGLYCOSIDE,FULL,,,
SRR31646596,SRR31646596_164328_3,LINCOSAMIDE,lincosamide antibiotic,LINCOSAMIDE,FULL,,,
SRR31646596,SRR31646596_164328_4,TRIMETHOPRIM,diaminopyrimidine antibiotic,TRIMETHOPRIM,FULL,,,
SRR31646596,SRR31646596_164328_5,AMINOGLYCOSIDE,aminoglycoside antibiotic,AMINOGLYCOSIDE,FULL,,,
SRR31646596,SRR31646596_203700_4,AMINOGLYCOSIDE,aminoglycoside antibiotic,AMINOGLYCOSIDE,FULL,,,
SRR31646597,SRR31646597_4381_4,LINCOSAMIDE/MACROLIDE/STREPTOGRAMIN,macrolide antibiotic; lincosamide antibiotic; streptogramin antibiotic; streptogramin B antibiotic,LINCOSAMIDE/MACROLIDE/STREPTOGRAMIN,FULL,,,
SRR31646597,SRR31646597_6962_2,LINCOSAMIDE/MACROLIDE/STREPTOGRAMIN,macrolide antibiotic; lincosamide antibiotic; streptogramin antibiotic; streptogramin A antibiotic; streptogramin B antibiotic,LINCOSAMIDE/MACROLIDE/STREPTOGRAMIN,FULL,,,
SRR31646597,SRR31646597_18125_1,PHENICOL,phenicol antibiotic,PHENICOL,FULL,,,
SRR31646597,SRR31646597_20178_2,TRIMETHOPRIM,diaminopyrimidine antibiotic,TRIMETHOPRIM,FULL,,,
SRR31646597,SRR31646597_25372_1,LINCOSAMIDE,lincosamide antibiotic,LINCOSAMIDE,FULL,,,
SRR31646597,SRR31646597_28853_1,AMINOGLYCOSIDE,aminoglycoside antibiotic,AMINOGLYCOSIDE,FULL,,,
SRR31646597,SRR31646597_28853_3,AMINOGLYCOSIDE,aminoglycoside antibiotic,AMINOGLYCOSIDE,FULL,,,
SRR31646597,SRR31646597_36382_2,STREPTOTHRICIN,nucleoside antibiotic,STREPTOTHRICIN,FULL,,,
SRR31646597,SRR31646597_36382_3,AMINOGLYCOSIDE,aminoglycoside antibiotic,AMINOGLYCOSIDE,FULL,,,
SRR31646597,SRR31646597_42572_1,AMINOGLYCOSIDE,aminoglycoside antibiotic,AMINOGLYCOSIDE,FULL,,,
SRR31646597,SRR31646597_59265_3,QUATERNARY AMMONIUM,disinfecting agents and antiseptics,QUATERNARY AMMONIUM,FULL,,,
SRR31646597,SRR31646597_68642_2,TETRACYCLINE,tetracycline antibiotic,TETRACYCLINE,FULL,,,
SRR31646597,SRR31646597_73446_1,AMINOGLYCOSIDE,aminoglycoside antibiotic,AMINOGLYCOSIDE,FULL,,,
SRR31646597,SRR31646597_74869_2,TETRACYCLINE,tetracycline antibiotic,TETRACYCLINE,FULL,,,
SRR31646597,SRR31646597_74949_2,FOSFOMYCIN,phosphonic acid antibiotic,FOSFOMYCIN,FULL,,,
SRR31646597,SRR31646597_77774_2,SULFONAMIDE,sulfonamide antibiotic,SULFONAMIDE,FULL,,,
SRR31646597,SRR31646597_88279_1,AMINOGLYCOSIDE,aminoglycoside antibiotic,AMINOGLYCOSIDE,FULL,,,
SRR31646597,SRR31646597_97856_1,AMINOGLYCOSIDE,aminoglycoside antibiotic,AMINOGLYCOSIDE,FULL,,,
SRR31646597,SRR31646597_97856_2,AMINOGLYCOSIDE,aminoglycoside antibiotic,AMINOGLYCOSIDE,FULL,,,
SRR31646597,SRR31646597_154835_1,PHENICOL,phenicol antibiotic,PHENICOL,FULL,,,
SRR31646597,SRR31646597_174045_1,AMINOGLYCOSIDE,aminoglycoside antibiotic,AMINOGLYCOSIDE,FULL,,,
SRR31646597,SRR31646597_204025_1,TRIMETHOPRIM,diaminopyrimidine antibiotic,TRIMETHOPRIM,FULL,,,
SRR31646597,SRR31646597_225553_1,QUATERNARY AMMONIUM,disinfecting agents and antiseptics,QUATERNARY AMMONIUM,FULL,,,
SRR31646597,SRR31646597_298507_1,LINCOSAMIDE/MACROLIDE/STREPTOGRAMIN,macrolide antibiotic; lincosamide antibiotic; streptogramin antibiotic; streptogramin A antibiotic; streptogramin B antibiotic,LINCOSAMIDE/MACROLIDE/STREPTOGRAMIN,FULL,,,
SRR31646597,SRR31646597_426319_1,AMINOGLYCOSIDE,aminoglycoside antibiotic,AMINOGLYCOSIDE,FULL,,,
SRR31646597,SRR31646597_611005_1,TRIMETHOPRIM,diaminopyrimidine antibiotic,TRIMETHOPRIM,FULL,,,
SRR31646598,SRR31646598_4292_1,TETRACYCLINE,tetracycline antibiotic,TETRACYCLINE,FULL,,,
SRR31646598,SRR31646598_12366_1,AMINOGLYCOSIDE,aminoglycoside antibiotic,AMINOGLYCOSIDE,FULL,,,
SRR31646598,SRR31646598_40395_3,TETRACYCLINE,tetracycline antibiotic,TETRACYCLINE,FULL,,,
SRR31646598,SRR31646598_96198_1,PHENICOL,phenicol antibiotic,PHENICOL,FULL,,,
SRR31646598,SRR31646598_104993_3,TETRACYCLINE,tetracycline antibiotic,TETRACYCLINE,FULL,,,
SRR31646598,SRR31646598_124082_1,AMINOGLYCOSIDE,aminoglycoside antibiotic,AMINOGLYCOSIDE,FULL,,,
SRR31646598,SRR31646598_189223_1,SULFONAMIDE,sulfonamide antibiotic,SULFONAMIDE,FULL,,,
SRR31646598,SRR31646598_222565_1,LINCOSAMIDE/MACROLIDE/STREPTOGRAMIN,macrolide antibiotic; lincosamide antibiotic; streptogramin antibiotic; streptogramin A antibiotic; streptogramin B antibiotic,LINCOSAMIDE/MACROLIDE/STREPTOGRAMIN,FULL,,,
SRR31646598,SRR31646598_282190_1,LINCOSAMIDE,lincosamide antibiotic,LINCOSAMIDE,FULL,,,
SRR31646598,SRR31646598_284010_1,TETRACYCLINE,tetracycline antibiotic,TETRACYCLINE,FULL,,,
SRR31646598,SRR31646598_319801_1,LINCOSAMIDE/MACROLIDE/STREPTOGRAMIN,macrolide antibiotic; lincosamide antibiotic; streptogramin antibiotic; streptogramin A antibiotic; streptogramin B antibiotic,LINCOSAMIDE/MACROLIDE/STREPTOGRAMIN,FULL,,,
SRR31646598,SRR31646598_375052_1,QUATERNARY AMMONIUM,disinfecting agents and antiseptics,QUATERNARY AMMONIUM,FULL,,,
SRR31646599,SRR31646599_2403_2,QUATERNARY AMMONIUM,disinfecting agents and antiseptics,QUATERNARY AMMONIUM,FULL,,,
SRR31646599,SRR31646599_15572_3,TETRACYCLINE,tetracycline antibiotic,TETRACYCLINE,FULL,,,
SRR31646599,SRR31646599_16525_1,PHENICOL,phenicol antibiotic,PHENICOL,FULL,,,
SRR31646599,SRR31646599_23601_1,AMINOGLYCOSIDE,aminoglycoside antibiotic,AMINOGLYCOSIDE,FULL,,,
SRR31646599,SRR31646599_23601_3,AMINOGLYCOSIDE,aminoglycoside antibiotic,AMINOGLYCOSIDE,FULL,,,
SRR31646599,SRR31646599_26151_2,PHENICOL,phenicol antibiotic,PHENICOL,FULL,,,
SRR31646599,SRR31646599_49632_1,LINCOSAMIDE/MACROLIDE,macrolide antibiotic; lincosamide antibiotic; streptogramin antibiotic; streptogramin A antibiotic; streptogramin B antibiotic,LINCOSAMIDE/MACROLIDE,PARTIAL,,STREPTOGRAMIN,
SRR31646599,SRR31646599_51406_1,PHENICOL,phenicol antibiotic,PHENICOL,FULL,,,
SRR31646599,SRR31646599_68708_4,BETA-LACTAM,penicillin beta-lactam,BETA-LACTAM,FULL,,,
SRR31646599,SRR31646599_68708_5,STREPTOTHRICIN,nucleoside antibiotic,STREPTOTHRICIN,FULL,,,
SRR31646599,SRR31646599_76057_1,QUATERNARY AMMONIUM,disinfecting agents and antiseptics,QUATERNARY AMMONIUM,FULL,,,
SRR31646599,SRR31646599_77403_2,LINCOSAMIDE/MACROLIDE/STREPTOGRAMIN,macrolide antibiotic; lincosamide antibiotic; streptogramin antibiotic; streptogramin A antibiotic; streptogramin B antibiotic,LINCOSAMIDE/MACROLIDE/STREPTOGRAMIN,FULL,,,
SRR31646599,SRR31646599_81968_1,TRIMETHOPRIM,diaminopyrimidine antibiotic,TRIMETHOPRIM,FULL,,,
SRR31646599,SRR31646599_100258_1,AMINOGLYCOSIDE,aminoglycoside antibiotic,AMINOGLYCOSIDE,FULL,,,
SRR31646599,SRR31646599_104089_1,BETA-LACTAM,monobactam; cephalosporin; penicillin beta-lactam,BETA-LACTAM,FULL,,,
SRR31646599,SRR31646599_171320_2,SULFONAMIDE,sulfonamide antibiotic,SULFONAMIDE,FULL,,,
SRR31646599,SRR31646599_177949_2,TRIMETHOPRIM,diaminopyrimidine antibiotic,TRIMETHOPRIM,FULL,,,
SRR31646599,SRR31646599_188107_1,AMINOGLYCOSIDE,aminoglycoside antibiotic,AMINOGLYCOSIDE,FULL,,,
SRR31646599,SRR31646599_200390_1,AMINOGLYCOSIDE,aminoglycoside antibiotic,AMINOGLYCOSIDE,FULL,,,
SRR31646599,SRR31646599_211207_2,TETRACYCLINE,tetracycline antibiotic,TETRACYCLINE,FULL,,,
SRR31646599,SRR31646599_224132_2,TETRACYCLINE,tetracycline antibiotic,TETRACYCLINE,FULL,,,
SRR31646599,SRR31646599_229356_1,SULFONAMIDE,sulfonamide antibiotic,SULFONAMIDE,FULL,,,
SRR31646599,SRR31646599_245830_1,LINCOSAMIDE/MACROLIDE/STREPTOGRAMIN,macrolide antibiotic; lincosamide antibiotic; streptogramin antibiotic; streptogramin A antibiotic; streptogramin B antibiotic,LINCOSAMIDE/MACROLIDE/STREPTOGRAMIN,FULL,,,
SRR31646599,SRR31646599_255585_1,AMINOGLYCOSIDE,aminoglycoside antibiotic,AMINOGLYCOSIDE,FULL,,,
SRR31646599,SRR31646599_255585_2,AMINOGLYCOSIDE,aminoglycoside antibiotic,AMINOGLYCOSIDE,FULL,,,
SRR31646599,SRR31646599_343717_1,LINCOSAMIDE/MACROLIDE/STREPTOGRAMIN,macrolide antibiotic; lincosamide antibiotic; streptogramin antibiotic; streptogramin A antibiotic; streptogramin B antibiotic,LINCOSAMIDE/MACROLIDE/STREPTOGRAMIN,FULL,,,
SRR31646599,SRR31646599_393646_1,STREPTOTHRICIN,nucleoside antibiotic,STREPTOTHRICIN,FULL,,,
SRR31646599,SRR31646599_434169_1,TETRACYCLINE,tetracycline antibiotic,TETRACYCLINE,FULL,,,
SRR31646599,SRR31646599_510502_2,QUATERNARY AMMONIUM,disinfecting agents and antiseptics,QUATERNARY AMMONIUM,FULL,,,
SRR31646599,SRR31646599_584680_1,FOSFOMYCIN,phosphonic acid antibiotic,FOSFOMYCIN,FULL,,,
SRR31646600,SRR31646600_7019_4,PHENICOL,phenicol antibiotic,PHENICOL,FULL,,,
SRR31646600,SRR31646600_14600_1,AMINOGLYCOSIDE,aminoglycoside antibiotic,AMINOGLYCOSIDE,FULL,,,
SRR31646600,SRR31646600_20082_1,BETA-LACTAM,carbapenem; penicillin beta-lactam,BETA-LACTAM,FULL,,,
SRR31646600,SRR31646600_40956_1,TETRACYCLINE,tetracycline antibiotic,TETRACYCLINE,FULL,,,
SRR31646600,SRR31646600_69965_1,SULFONAMIDE,sulfonamide antibiotic,SULFONAMIDE,FULL,,,
SRR31646600,SRR31646600_89345_1,TETRACYCLINE,tetracycline antibiotic,TETRACYCLINE,FULL,,,
SRR31646600,SRR31646600_93221_3,TETRACYCLINE,tetracycline antibiotic,TETRACYCLINE,FULL,,,
SRR31646600,SRR31646600_102036_2,TRIMETHOPRIM,diaminopyrimidine antibiotic,TRIMETHOPRIM,FULL,,,
SRR31646600,SRR31646600_266810_2,TETRACYCLINE,tetracycline antibiotic,TETRACYCLINE,FULL,,,
SRR31646600,SRR31646600_275850_1,AMINOGLYCOSIDE,aminoglycoside antibiotic,AMINOGLYCOSIDE,FULL,,,
SRR31646600,SRR31646600_275850_2,AMINOGLYCOSIDE,aminoglycoside antibiotic,AMINOGLYCOSIDE,FULL,,,
SRR31646600,SRR31646600_287326_1,AMINOGLYCOSIDE,aminoglycoside antibiotic,AMINOGLYCOSIDE,FULL,,,
SRR31646600,SRR31646600_290256_1,MACROLIDE,macrolide antibiotic,MACROLIDE,FULL,,,
SRR31646600,SRR31646600_333928_1,AMINOGLYCOSIDE,aminoglycoside antibiotic,AMINOGLYCOSIDE,FULL,,,
SRR31646600,SRR31646600_338451_1,TRIMETHOPRIM,diaminopyrimidine antibiotic,TRIMETHOPRIM,FULL,,,
SRR31646600,SRR31646600_363863_1,SULFONAMIDE,sulfonamide antibiotic,SULFONAMIDE,FULL,,,
SRR31646600,SRR31646600_416782_1,LINCOSAMIDE/MACROLIDE/STREPTOGRAMIN,macrolide antibiotic; lincosamide antibiotic; streptogramin antibiotic; streptogramin A antibiotic; streptogramin B antibiotic,LINCOSAMIDE/MACROLIDE/STREPTOGRAMIN,FULL,,,
SRR31646600,SRR31646600_522826_3,LINCOSAMIDE/OXAZOLIDINONE/PHENICOL/PLEUROMUTILIN/STREPTOGRAMIN,lincosamide antibiotic; streptogramin antibiotic; streptogramin A antibiotic; oxazolidinone antibiotic; phenicol antibiotic; pleuromutilin antibiotic,LINCOSAMIDE/OXAZOLIDINONE/PHENICOL/PLEUROMUTILIN/STREPTOGRAMIN,FULL,,,
SRR31646600,SRR31646600_524159_1,STREPTOTHRICIN,nucleoside antibiotic,STREPTOTHRICIN,FULL,,,
SRR31646600,SRR31646600_604836_1,AMINOGLYCOSIDE,aminoglycoside antibiotic,AMINOGLYCOSIDE,FULL,,,
SRR31646600,SRR31646600_697319_1,TETRACYCLINE,tetracycline antibiotic,TETRACYCLINE,FULL,,,
SRR31646600,SRR31646600_821610_1,AMINOGLYCOSIDE,aminoglycoside antibiotic,AMINOGLYCOSIDE,FULL,,,
SRR31646600,SRR31646600_903340_1,QUATERNARY AMMONIUM,disinfecting agents and antiseptics,QUATERNARY AMMONIUM,FULL,,,
SRR31646601,SRR31646601_8268_3,TETRACYCLINE,tetracycline antibiotic,TETRACYCLINE,FULL,,,
SRR31646601,SRR31646601_11146_3,LINCOSAMIDE/MACROLIDE/STREPTOGRAMIN,macrolide antibiotic; lincosamide antibiotic; streptogramin antibiotic; streptogramin B antibiotic,LINCOSAMIDE/MACROLIDE/STREPTOGRAMIN,FULL,,,
SRR31646601,SRR31646601_17786_7,TETRACYCLINE,tetracycline antibiotic,TETRACYCLINE,FULL,,,
SRR31646601,SRR31646601_22904_2,SULFONAMIDE,sulfonamide antibiotic,SULFONAMIDE,FULL,,,
SRR31646601,SRR31646601_22904_3,QUATERNARY AMMONIUM,disinfecting agents and antiseptics,QUATERNARY AMMONIUM,FULL,,,
SRR31646601,SRR31646601_26068_2,TETRACYCLINE,tetracycline antibiotic,TETRACYCLINE,FULL,,,
SRR31646601,SRR31646601_35811_2,BETA-LACTAM,monobactam; cephalosporin; penicillin beta-lactam,BETA-LACTAM,FULL,,,
SRR31646601,SRR31646601_39543_1,QUATERNARY AMMONIUM,disinfecting agents and antiseptics,QUATERNARY AMMONIUM,FULL,,,
SRR31646601,SRR31646601_43534_2,QUATERNARY AMMONIUM,disinfecting agents and antiseptics,QUATERNARY AMMONIUM,FULL,,,
SRR31646601,SRR31646601_44412_7,LINCOSAMIDE/STREPTOGRAMIN,lincosamide antibiotic; streptogramin antibiotic; pleuromutilin antibiotic,LINCOSAMIDE/STREPTOGRAMIN,PARTIAL,,PLEUROMUTILIN,
SRR31646601,SRR31646601_44412_8,LINCOSAMIDE,lincosamide antibiotic,LINCOSAMIDE,FULL,,,
SRR31646601,SRR31646601_59393_3,AMINOGLYCOSIDE,aminoglycoside antibiotic,AMINOGLYCOSIDE,FULL,,,
SRR31646601,SRR31646601_59393_5,AMINOGLYCOSIDE,aminoglycoside antibiotic,AMINOGLYCOSIDE,FULL,,,
SRR31646601,SRR31646601_66057_2,PHENICOL,phenicol antibiotic,PHENICOL,FULL,,,
SRR31646601,SRR31646601_75275_1,SULFONAMIDE,sulfonamide antibiotic,SULFONAMIDE,FULL,,,
SRR31646601,SRR31646601_79612_3,PHENICOL,phenicol antibiotic,PHENICOL,FULL,,,
SRR31646601,SRR31646601_80224_1,TRIMETHOPRIM,diaminopyrimidine antibiotic,TRIMETHOPRIM,FULL,,,
SRR31646601,SRR31646601_101707_2,PHENICOL,phenicol antibiotic,PHENICOL,FULL,,,
SRR31646601,SRR31646601_115508_1,AMINOGLYCOSIDE,aminoglycoside antibiotic,AMINOGLYCOSIDE,FULL,,,
SRR31646601,SRR31646601_115508_2,AMINOGLYCOSIDE,aminoglycoside antibiotic,AMINOGLYCOSIDE,FULL,,,
SRR31646601,SRR31646601_117144_1,LINCOSAMIDE,lincosamide antibiotic,LINCOSAMIDE,FULL,,,
SRR31646601,SRR31646601_117245_2,STREPTOTHRICIN,nucleoside antibiotic,STREPTOTHRICIN,FULL,,,
SRR31646601,SRR31646601_117245_3,AMINOGLYCOSIDE,aminoglycoside antibiotic,AMINOGLYCOSIDE,FULL,,,
SRR31646601,SRR31646601_131184_1,AMINOGLYCOSIDE,aminoglycoside antibiotic,AMINOGLYCOSIDE,FULL,,,
SRR31646601,SRR31646601_164647_1,QUATERNARY AMMONIUM,disinfecting agents and antiseptics,QUATERNARY AMMONIUM,FULL,,,
SRR31646601,SRR31646601_174719_1,LINCOSAMIDE/MACROLIDE/STREPTOGRAMIN,macrolide antibiotic; lincosamide antibiotic; streptogramin antibiotic; streptogramin A antibiotic; streptogramin B antibiotic,LINCOSAMIDE/MACROLIDE/STREPTOGRAMIN,FULL,,,
SRR31646601,SRR31646601_219922_1,QUATERNARY AMMONIUM,disinfecting agents and antiseptics,QUATERNARY AMMONIUM,FULL,,,
SRR31646601,SRR31646601_277826_1,LINCOSAMIDE/MACROLIDE/STREPTOGRAMIN,macrolide antibiotic; lincosamide antibiotic; streptogramin antibiotic; streptogramin A antibiotic; streptogramin B antibiotic,LINCOSAMIDE/MACROLIDE/STREPTOGRAMIN,FULL,,,
SRR31646601,SRR31646601_407919_1,AMINOGLYCOSIDE,aminoglycoside antibiotic,AMINOGLYCOSIDE,FULL,,,
SRR31646602,SRR31646602_23_1,LINCOSAMIDE,lincosamide antibiotic,LINCOSAMIDE,FULL,,,
SRR31646602,SRR31646602_9841_1,AMINOGLYCOSIDE,aminoglycoside antibiotic,AMINOGLYCOSIDE,FULL,,,
SRR31646602,SRR31646602_36247_1,AMINOGLYCOSIDE/QUINOLONE,aminoglycoside antibiotic,AMINOGLYCOSIDE,PARTIAL,QUINOLONE,,
SRR31646602,SRR31646602_36247_2,RIFAMYCIN,rifamycin antibiotic,RIFAMYCIN,FULL,,,
SRR31646602,SRR31646602_36247_3,TRIMETHOPRIM,diaminopyrimidine antibiotic,TRIMETHOPRIM,FULL,,,
SRR31646602,SRR31646602_38973_2,AMINOGLYCOSIDE,aminoglycoside antibiotic,AMINOGLYCOSIDE,FULL,,,
SRR31646602,SRR31646602_40910_1,TETRACYCLINE,tetracycline antibiotic,TETRACYCLINE,FULL,,,
SRR31646602,SRR31646602_43930_3,TETRACYCLINE,tetracycline antibiotic,TETRACYCLINE,FULL,,,
SRR31646602,SRR31646602_54700_2,SULFONAMIDE,sulfonamide antibiotic,SULFONAMIDE,FULL,,,
SRR31646602,SRR31646602_56608_3,QUATERNARY AMMONIUM,disinfecting agents and antiseptics,QUATERNARY AMMONIUM,FULL,,,
SRR31646602,SRR31646602_60176_1,QUATERNARY AMMONIUM,disinfecting agents and antiseptics,QUATERNARY AMMONIUM,FULL,,,
SRR31646602,SRR31646602_60176_2,SULFONAMIDE,sulfonamide antibiotic,SULFONAMIDE,FULL,,,
SRR31646602,SRR31646602_60680_1,TRIMETHOPRIM,diaminopyrimidine antibiotic,TRIMETHOPRIM,FULL,,,
SRR31646602,SRR31646602_77221_2,BETA-LACTAM,cephalosporin,BETA-LACTAM,FULL,,,
SRR31646602,SRR31646602_83246_1,MACROLIDE,macrolide antibiotic,MACROLIDE,FULL,,,
SRR31646602,SRR31646602_83246_2,MACROLIDE,macrolide antibiotic,MACROLIDE,FULL,,,
SRR31646602,SRR31646602_131343_2,PHENICOL,phenicol antibiotic,PHENICOL,FULL,,,
SRR31646602,SRR31646602_156232_1,PHENICOL,phenicol antibiotic,PHENICOL,FULL,,,
SRR31646602,SRR31646602_162864_1,TETRACYCLINE,tetracycline antibiotic,TETRACYCLINE,FULL,,,
SRR31646602,SRR31646602_163084_1,AMINOGLYCOSIDE,aminoglycoside antibiotic,AMINOGLYCOSIDE,FULL,,,
SRR31646602,SRR31646602_163084_2,AMINOGLYCOSIDE,aminoglycoside antibiotic,AMINOGLYCOSIDE,FULL,,,
SRR31646602,SRR31646602_176267_2,QUATERNARY AMMONIUM,disinfecting agents and antiseptics,QUATERNARY AMMONIUM,FULL,,,
SRR31646602,SRR31646602_191375_1,TRIMETHOPRIM,diaminopyrimidine antibiotic,TRIMETHOPRIM,FULL,,,
SRR31646602,SRR31646602_225787_1,PHENICOL,phenicol antibiotic,PHENICOL,FULL,,,
SRR31646602,SRR31646602_243266_1,AMINOGLYCOSIDE,aminoglycoside antibiotic,AMINOGLYCOSIDE,FULL,,,
SRR31646602,SRR31646602_250674_7,TETRACYCLINE,tetracycline antibiotic,TETRACYCLINE,FULL,,,
SRR31646602,SRR31646602_252277_1,AMINOGLYCOSIDE,aminoglycoside antibiotic,AMINOGLYCOSIDE,FULL,,,
SRR31646602,SRR31646602_272218_1,AMINOGLYCOSIDE,aminoglycoside antibiotic,AMINOGLYCOSIDE,FULL,,,
SRR31646602,SRR31646602_344491_1,AMINOGLYCOSIDE,aminoglycoside antibiotic,AMINOGLYCOSIDE,FULL,,,
SRR31646602,SRR31646602_355353_1,STREPTOTHRICIN,nucleoside antibiotic,STREPTOTHRICIN,FULL,,,
SRR31646602,SRR31646602_372830_2,PHENICOL,phenicol antibiotic,PHENICOL,FULL,,,
SRR31646602,SRR31646602_385239_1,QUATERNARY AMMONIUM,disinfecting agents and antiseptics,QUATERNARY AMMONIUM,FULL,,,
SRR31646602,SRR31646602_401991_1,QUATERNARY AMMONIUM,disinfecting agents and antiseptics,QUATERNARY AMMONIUM,FULL,,,
SRR31646602,SRR31646602_429695_2,LINCOSAMIDE/MACROLIDE/STREPTOGRAMIN,macrolide antibiotic; lincosamide antibiotic; streptogramin antibiotic; streptogramin A antibiotic; streptogramin B antibiotic,LINCOSAMIDE/MACROLIDE/STREPTOGRAMIN,FULL,,,
SRR31646602,SRR31646602_505304_1,TRIMETHOPRIM,diaminopyrimidine antibiotic,TRIMETHOPRIM,FULL,,,
SRR31646603,SRR31646603_3811_1,LINCOSAMIDE,lincosamide antibiotic,LINCOSAMIDE,FULL,,,
SRR31646603,SRR31646603_4486_1,PHENICOL,phenicol antibiotic,PHENICOL,FULL,,,
SRR31646603,SRR31646603_23652_2,TETRACYCLINE,tetracycline antibiotic,TETRACYCLINE,FULL,,,
SRR31646603,SRR31646603_24201_1,AMINOGLYCOSIDE,aminoglycoside antibiotic,AMINOGLYCOSIDE,FULL,,,
SRR31646603,SRR31646603_24201_2,AMINOGLYCOSIDE,aminoglycoside antibiotic,AMINOGLYCOSIDE,FULL,,,
SRR31646603,SRR31646603_34298_2,LINCOSAMIDE,lincosamide antibiotic,LINCOSAMIDE,FULL,,,
SRR31646603,SRR31646603_39782_2,PHENICOL,phenicol antibiotic,PHENICOL,FULL,,,
SRR31646603,SRR31646603_42096_3,TETRACYCLINE,tetracycline antibiotic,TETRACYCLINE,FULL,,,
SRR31646603,SRR31646603_44980_1,AMINOGLYCOSIDE,aminoglycoside antibiotic,AMINOGLYCOSIDE,FULL,,,
SRR31646603,SRR31646603_44980_3,AMINOGLYCOSIDE,aminoglycoside antibiotic,AMINOGLYCOSIDE,FULL,,,
SRR31646603,SRR31646603_56752_1,TRIMETHOPRIM,diaminopyrimidine antibiotic,TRIMETHOPRIM,FULL,,,
SRR31646603,SRR31646603_62428_2,TETRACYCLINE,tetracycline antibiotic,TETRACYCLINE,FULL,,,
SRR31646603,SRR31646603_77890_1,QUATERNARY AMMONIUM,disinfecting agents and antiseptics,QUATERNARY AMMONIUM,FULL,,,
SRR31646603,SRR31646603_85027_1,AMINOGLYCOSIDE,aminoglycoside antibiotic,AMINOGLYCOSIDE,FULL,,,
SRR31646603,SRR31646603_88712_1,AMINOGLYCOSIDE,aminoglycoside antibiotic,AMINOGLYCOSIDE,FULL,,,
SRR31646603,SRR31646603_98376_1,SULFONAMIDE,sulfonamide antibiotic,SULFONAMIDE,FULL,,,
SRR31646603,SRR31646603_106102_2,FOSFOMYCIN,phosphonic acid antibiotic,FOSFOMYCIN,FULL,,,
SRR31646603,SRR31646603_112446_2,QUATERNARY AMMONIUM,disinfecting agents and antiseptics,QUATERNARY AMMONIUM,FULL,,,
SRR31646603,SRR31646603_119117_2,PHENICOL,phenicol antibiotic,PHENICOL,FULL,,,
SRR31646603,SRR31646603_123049_1,AMINOGLYCOSIDE,aminoglycoside antibiotic,AMINOGLYCOSIDE,FULL,,,
SRR31646603,SRR31646603_142152_1,LINCOSAMIDE,lincosamide antibiotic,LINCOSAMIDE,FULL,,,
SRR31646603,SRR31646603_205036_1,AMINOGLYCOSIDE,aminoglycoside antibiotic,AMINOGLYCOSIDE,FULL,,,
SRR31646603,SRR31646603_293092_2,BETA-LACTAM,penicillin beta-lactam,BETA-LACTAM,FULL,,,
SRR31646604,SRR31646604_3707_2,TETRACYCLINE,tetracycline antibiotic,TETRACYCLINE,FULL,,,
SRR31646604,SRR31646604_7065_2,LINCOSAMIDE,lincosamide antibiotic,LINCOSAMIDE,FULL,,,
SRR31646604,SRR31646604_10304_2,BETA-LACTAM,cephalosporin,BETA-LACTAM,FULL,,,
SRR31646604,SRR31646604_12663_2,QUATERNARY AMMONIUM,disinfecting agents and antiseptics,QUATERNARY AMMONIUM,FULL,,,
SRR31646604,SRR31646604_19015_2,TETRACYCLINE,tetracycline antibiotic,TETRACYCLINE,FULL,,,
SRR31646604,SRR31646604_20439_1,QUATERNARY AMMONIUM,disinfecting agents and antiseptics,QUATERNARY AMMONIUM,FULL,,,
SRR31646604,SRR31646604_26855_3,QUATERNARY AMMONIUM,disinfecting agents and antiseptics,QUATERNARY AMMONIUM,FULL,,,
SRR31646604,SRR31646604_48163_1,LINCOSAMIDE/MACROLIDE/STREPTOGRAMIN,macrolide antibiotic; lincosamide antibiotic; streptogramin antibiotic; streptogramin A antibiotic; streptogramin B antibiotic,LINCOSAMIDE/MACROLIDE/STREPTOGRAMIN,FULL,,,
SRR31646604,SRR31646604_50914_1,SULFONAMIDE,sulfonamide antibiotic,SULFONAMIDE,FULL,,,
SRR31646604,SRR31646604_58768_2,PHENICOL,phenicol antibiotic,PHENICOL,FULL,,,
SRR31646604,SRR31646604_80303_2,TETRACYCLINE,tetracycline antibiotic,TETRACYCLINE,FULL,,,
SRR31646604,SRR31646604_102462_4,BETA-LACTAM,penicillin beta-lactam,BETA-LACTAM,FULL,,,
SRR31646604,SRR31646604_102462_5,STREPTOTHRICIN,nucleoside antibiotic,STREPTOTHRICIN,FULL,,,
SRR31646604,SRR31646604_108757_1,AMINOGLYCOSIDE,aminoglycoside antibiotic,AMINOGLYCOSIDE,FULL,,,
SRR31646604,SRR31646604_108757_2,AMINOGLYCOSIDE,aminoglycoside antibiotic,AMINOGLYCOSIDE,FULL,,,
SRR31646604,SRR31646604_111586_1,AMINOGLYCOSIDE,aminoglycoside antibiotic,AMINOGLYCOSIDE,FULL,,,
SRR31646604,SRR31646604_125868_2,TRIMETHOPRIM,diaminopyrimidine antibiotic,TRIMETHOPRIM,FULL,,,
SRR31646604,SRR31646604_141214_1,AMINOGLYCOSIDE,aminoglycoside antibiotic,AMINOGLYCOSIDE,FULL,,,
SRR31646604,SRR31646604_155348_2,TETRACYCLINE,tetracycline antibiotic,TETRACYCLINE,FULL,,,
SRR31646604,SRR31646604_157159_1,TRIMETHOPRIM,diaminopyrimidine antibiotic,TRIMETHOPRIM,FULL,,,
SRR31646604,SRR31646604_180216_5,PHENICOL,phenicol antibiotic,PHENICOL,FULL,,,
SRR31646604,SRR31646604_197853_1,TETRACYCLINE,tetracycline antibiotic,TETRACYCLINE,FULL,,,
SRR31646604,SRR31646604_224541_1,LINCOSAMIDE,lincosamide antibiotic,LINCOSAMIDE,FULL,,,
SRR31646604,SRR31646604_238432_1,LINCOSAMIDE/MACROLIDE/STREPTOGRAMIN,macrolide antibiotic; lincosamide antibiotic; streptogramin antibiotic; streptogramin A antibiotic; streptogramin B antibiotic,LINCOSAMIDE/MACROLIDE/STREPTOGRAMIN,FULL,,,
SRR31646604,SRR31646604_260745_2,PHENICOL,phenicol antibiotic,PHENICOL,FULL,,,
SRR31646604,SRR31646604_268743_1,TETRACYCLINE,tetracycline antibiotic,TETRACYCLINE,FULL,,,
SRR31646604,SRR31646604_330845_1,QUATERNARY AMMONIUM,disinfecting agents and antiseptics,QUATERNARY AMMONIUM,FULL,,,
SRR31646604,SRR31646604_336686_1,QUATERNARY AMMONIUM,disinfecting agents and antiseptics,QUATERNARY AMMONIUM,FULL,,,
SRR31646604,SRR31646604_357803_1,AMINOGLYCOSIDE,aminoglycoside antibiotic,AMINOGLYCOSIDE,FULL,,,
SRR31646604,SRR31646604_397622_1,QUATERNARY AMMONIUM,disinfecting agents and antiseptics,QUATERNARY AMMONIUM,FULL,,,
SRR31646604,SRR31646604_426974_1,SULFONAMIDE,sulfonamide antibiotic,SULFONAMIDE,FULL,,,
SRR31646604,SRR31646604_444529_2,STREPTOTHRICIN,nucleoside antibiotic,STREPTOTHRICIN,FULL,,,
SRR31646604,SRR31646604_465774_1,AMINOGLYCOSIDE,aminoglycoside antibiotic,AMINOGLYCOSIDE,FULL,,,
SRR31646605,SRR31646605_14753_2,LINCOSAMIDE/STREPTOGRAMIN,lincosamide antibiotic; streptogramin antibiotic; pleuromutilin antibiotic,LINCOSAMIDE/STREPTOGRAMIN,PARTIAL,,PLEUROMUTILIN,
SRR31646605,SRR31646605_14753_3,LINCOSAMIDE,lincosamide antibiotic,LINCOSAMIDE,FULL,,,
SRR31646605,SRR31646605_17900_3,TETRACYCLINE,tetracycline antibiotic,TETRACYCLINE,FULL,,,
SRR31646605,SRR31646605_19532_1,SULFONAMIDE,sulfonamide antibiotic,SULFONAMIDE,FULL,,,
SRR31646605,SRR31646605_23456_1,TRIMETHOPRIM,diaminopyrimidine antibiotic,TRIMETHOPRIM,FULL,,,
SRR31646605,SRR31646605_28365_1,TETRACYCLINE,tetracycline antibiotic,TETRACYCLINE,FULL,,,
SRR31646605,SRR31646605_42000_1,LINCOSAMIDE/MACROLIDE/STREPTOGRAMIN,macrolide antibiotic; lincosamide antibiotic; streptogramin antibiotic; streptogramin A antibiotic; streptogramin B antibiotic,LINCOSAMIDE/MACROLIDE/STREPTOGRAMIN,FULL,,,
SRR31646605,SRR31646605_63429_1,AMINOGLYCOSIDE/QUINOLONE,aminoglycoside antibiotic,AMINOGLYCOSIDE,PARTIAL,QUINOLONE,,
SRR31646605,SRR31646605_63429_2,RIFAMYCIN,rifamycin antibiotic,RIFAMYCIN,FULL,,,
SRR31646605,SRR31646605_63429_3,TRIMETHOPRIM,diaminopyrimidine antibiotic,TRIMETHOPRIM,FULL,,,
SRR31646605,SRR31646605_73157_1,TETRACYCLINE,tetracycline antibiotic,TETRACYCLINE,FULL,,,
SRR31646605,SRR31646605_77143_2,PHENICOL,phenicol antibiotic,PHENICOL,FULL,,,
SRR31646605,SRR31646605_83226_2,PHENICOL,phenicol antibiotic,PHENICOL,FULL,,,
SRR31646605,SRR31646605_95818_2,AMINOGLYCOSIDE,aminoglycoside antibiotic,AMINOGLYCOSIDE,FULL,,,
SRR31646605,SRR31646605_100174_2,BETA-LACTAM,cephalosporin,BETA-LACTAM,FULL,,,
SRR31646605,SRR31646605_102869_1,QUATERNARY AMMONIUM,disinfecting agents and antiseptics,QUATERNARY AMMONIUM,FULL,,,
SRR31646605,SRR31646605_102869_2,SULFONAMIDE,sulfonamide antibiotic,SULFONAMIDE,FULL,,,
SRR31646605,SRR31646605_117229_2,TETRACYCLINE,tetracycline antibiotic,TETRACYCLINE,FULL,,,
SRR31646605,SRR31646605_118931_1,AMINOGLYCOSIDE,aminoglycoside antibiotic,AMINOGLYCOSIDE,FULL,,,
SRR31646605,SRR31646605_128388_2,TRIMETHOPRIM,diaminopyrimidine antibiotic,TRIMETHOPRIM,FULL,,,
SRR31646605,SRR31646605_139165_1,BETA-LACTAM,monobactam; cephalosporin; penicillin beta-lactam,BETA-LACTAM,FULL,,,
SRR31646605,SRR31646605_143187_2,AMINOGLYCOSIDE,aminoglycoside antibiotic,AMINOGLYCOSIDE,FULL,,,
SRR31646605,SRR31646605_163376_3,MACROLIDE,macrolide antibiotic,MACROLIDE,FULL,,,
SRR31646605,SRR31646605_163376_4,MACROLIDE,macrolide antibiotic,MACROLIDE,FULL,,,
SRR31646605,SRR31646605_223049_1,AMINOGLYCOSIDE,aminoglycoside antibiotic,AMINOGLYCOSIDE,FULL,,,
SRR31646605,SRR31646605_223758_1,LINCOSAMIDE,lincosamide antibiotic,LINCOSAMIDE,FULL,,,
SRR31646605,SRR31646605_238550_1,PHENICOL,phenicol antibiotic,PHENICOL,FULL,,,
SRR31646605,SRR31646605_250056_2,LINCOSAMIDE,lincosamide antibiotic,LINCOSAMIDE,FULL,,,
SRR31646606,SRR31646606_1340_2,TETRACYCLINE,tetracycline antibiotic,TETRACYCLINE,FULL,,,
SRR31646606,SRR31646606_15444_3,TETRACYCLINE,tetracycline antibiotic,TETRACYCLINE,FULL,,,
SRR31646606,SRR31646606_35997_2,AMINOGLYCOSIDE,aminoglycoside antibiotic,AMINOGLYCOSIDE,FULL,,,
SRR31646606,SRR31646606_55479_1,TRIMETHOPRIM,diaminopyrimidine antibiotic,TRIMETHOPRIM,FULL,,,
SRR31646606,SRR31646606_55479_2,RIFAMYCIN,rifamycin antibiotic,RIFAMYCIN,FULL,,,
SRR31646606,SRR31646606_55479_3,AMINOGLYCOSIDE/QUINOLONE,aminoglycoside antibiotic,AMINOGLYCOSIDE,PARTIAL,QUINOLONE,,
SRR31646606,SRR31646606_68669_2,SULFONAMIDE,sulfonamide antibiotic,SULFONAMIDE,FULL,,,
SRR31646606,SRR31646606_86092_1,PHENICOL,phenicol antibiotic,PHENICOL,FULL,,,
SRR31646606,SRR31646606_116166_1,AMINOGLYCOSIDE,aminoglycoside antibiotic,AMINOGLYCOSIDE,FULL,,,
SRR31646606,SRR31646606_165439_2,AMINOGLYCOSIDE,aminoglycoside antibiotic,AMINOGLYCOSIDE,FULL,,,
SRR31646606,SRR31646606_187820_1,BETA-LACTAM,cephalosporin; penicillin beta-lactam,BETA-LACTAM,FULL,,,
SRR31646606,SRR31646606_235387_3,MACROLIDE,macrolide antibiotic,MACROLIDE,FULL,,,
SRR31646606,SRR31646606_235387_4,MACROLIDE,macrolide antibiotic,MACROLIDE,FULL,,,
SRR31646606,SRR31646606_258665_2,TRIMETHOPRIM,diaminopyrimidine antibiotic,TRIMETHOPRIM,FULL,,,
SRR31646606,SRR31646606_331289_7,TETRACYCLINE,tetracycline antibiotic,TETRACYCLINE,FULL,,,
SRR31646606,SRR31646606_375000_1,QUATERNARY AMMONIUM,disinfecting agents and antiseptics,QUATERNARY AMMONIUM,FULL,,,
SRR31646606,SRR31646606_400184_2,AMINOGLYCOSIDE,aminoglycoside antibiotic,AMINOGLYCOSIDE,FULL,,,
SRR31646606,SRR31646606_450054_2,PHENICOL,phenicol antibiotic,PHENICOL,FULL,,,
SRR31646606,SRR31646606_476959_1,AMINOGLYCOSIDE,aminoglycoside antibiotic,AMINOGLYCOSIDE,FULL,,,
SRR31646606,SRR31646606_493897_1,BETA-LACTAM,cephalosporin,BETA-LACTAM,FULL,,,
SRR31646606,SRR31646606_575220_1,QUATERNARY AMMONIUM,disinfecting agents and antiseptics,QUATERNARY AMMONIUM,FULL,,,
SRR31646606,SRR31646606_592196_2,AMINOGLYCOSIDE,aminoglycoside antibiotic,AMINOGLYCOSIDE,FULL,,,
SRR31646606,SRR31646606_597930_1,TRIMETHOPRIM,diaminopyrimidine antibiotic,TRIMETHOPRIM,FULL,,,
SRR31646606,SRR31646606_628418_1,LINCOSAMIDE,lincosamide antibiotic,LINCOSAMIDE,FULL,,,
SRR31646606,SRR31646606_724204_2,BETA-LACTAM,monobactam; cephalosporin; penicillin beta-lactam,BETA-LACTAM,FULL,,,
SRR31646606,SRR31646606_739481_1,SULFONAMIDE,sulfonamide antibiotic,SULFONAMIDE,FULL,,,
SRR31646606,SRR31646606_855160_2,TRIMETHOPRIM,diaminopyrimidine antibiotic,TRIMETHOPRIM,FULL,,,
SRR31646606,SRR31646606_865976_2,LINCOSAMIDE/MACROLIDE/STREPTOGRAMIN,macrolide antibiotic; lincosamide antibiotic; streptogramin antibiotic; streptogramin A antibiotic; streptogramin B antibiotic,LINCOSAMIDE/MACROLIDE/STREPTOGRAMIN,FULL,,,
SRR31646606,SRR31646606_1319036_1,LINCOSAMIDE,lincosamide antibiotic,LINCOSAMIDE,FULL,,,
SRR31646607,SRR31646607_2289_1,AMINOGLYCOSIDE,aminoglycoside antibiotic,AMINOGLYCOSIDE,FULL,,,
SRR31646607,SRR31646607_2861_1,AMINOGLYCOSIDE,aminoglycoside antibiotic,AMINOGLYCOSIDE,FULL,,,
SRR31646607,SRR31646607_2861_2,AMINOGLYCOSIDE,aminoglycoside antibiotic,AMINOGLYCOSIDE,FULL,,,
SRR31646607,SRR31646607_4716_1,AMINOGLYCOSIDE,aminoglycoside antibiotic,AMINOGLYCOSIDE,FULL,,,
SRR31646607,SRR31646607_22842_1,AMINOGLYCOSIDE,aminoglycoside antibiotic,AMINOGLYCOSIDE,FULL,,,
SRR31646607,SRR31646607_39052_4,AMINOGLYCOSIDE,aminoglycoside antibiotic,AMINOGLYCOSIDE,FULL,,,
SRR31646607,SRR31646607_63917_3,TETRACYCLINE,tetracycline antibiotic,TETRACYCLINE,FULL,,,
SRR31646607,SRR31646607_70818_1,PHENICOL,phenicol antibiotic,PHENICOL,FULL,,,
SRR31646607,SRR31646607_79983_2,LINCOSAMIDE/MACROLIDE/STREPTOGRAMIN,macrolide antibiotic; lincosamide antibiotic; streptogramin antibiotic; streptogramin A antibiotic; streptogramin B antibiotic,LINCOSAMIDE/MACROLIDE/STREPTOGRAMIN,FULL,,,
SRR31646607,SRR31646607_83717_2,LINCOSAMIDE,lincosamide antibiotic,LINCOSAMIDE,FULL,,,
SRR31646607,SRR31646607_83717_3,LINCOSAMIDE/STREPTOGRAMIN,lincosamide antibiotic; streptogramin antibiotic; pleuromutilin antibiotic,LINCOSAMIDE/STREPTOGRAMIN,PARTIAL,,PLEUROMUTILIN,
SRR31646607,SRR31646607_90509_1,LINCOSAMIDE,lincosamide antibiotic,LINCOSAMIDE,FULL,,,
SRR31646607,SRR31646607_102019_1,TETRACYCLINE,tetracycline antibiotic,TETRACYCLINE,FULL,,,
SRR31646607,SRR31646607_138848_1,TETRACYCLINE,tetracycline antibiotic,TETRACYCLINE,FULL,,,
SRR31646607,SRR31646607_139212_1,TETRACYCLINE,tetracycline antibiotic,TETRACYCLINE,FULL,,,
SRR31646607,SRR31646607_171314_3,BETA-LACTAM,monobactam; cephalosporin; penicillin beta-lactam,BETA-LACTAM,FULL,,,
SRR31646607,SRR31646607_245621_1,LINCOSAMIDE/MACROLIDE/STREPTOGRAMIN,macrolide antibiotic; lincosamide antibiotic; streptogramin antibiotic; streptogramin A antibiotic; streptogramin B antibiotic,LINCOSAMIDE/MACROLIDE/STREPTOGRAMIN,FULL,,,
SRR31646607,SRR31646607_282513_2,SULFONAMIDE,sulfonamide antibiotic,SULFONAMIDE,FULL,,,
SRR31646608,SRR31646608_530_1,SULFONAMIDE,sulfonamide antibiotic,SULFONAMIDE,FULL,,,
SRR31646608,SRR31646608_1688_2,TETRACYCLINE,tetracycline antibiotic,TETRACYCLINE,FULL,,,
SRR31646608,SRR31646608_3874_4,AMINOGLYCOSIDE,aminoglycoside antibiotic,AMINOGLYCOSIDE,FULL,,,
SRR31646608,SRR31646608_8968_1,BETA-LACTAM,monobactam; cephalosporin; penicillin beta-lactam,BETA-LACTAM,FULL,,,
SRR31646608,SRR31646608_24742_2,TETRACYCLINE,tetracycline antibiotic,TETRACYCLINE,FULL,,,
SRR31646608,SRR31646608_26870_1,BETA-LACTAM,cephalosporin; penicillin beta-lactam,BETA-LACTAM,FULL,,,
SRR31646608,SRR31646608_44269_7,TETRACYCLINE,tetracycline antibiotic,TETRACYCLINE,FULL,,,
SRR31646608,SRR31646608_53439_2,TETRACYCLINE,tetracycline antibiotic,TETRACYCLINE,FULL,,,
SRR31646608,SRR31646608_55529_3,AMINOGLYCOSIDE,aminoglycoside antibiotic,AMINOGLYCOSIDE,FULL,,,
SRR31646608,SRR31646608_83078_2,COLISTIN,peptide antibiotic,COLISTIN,FULL,,,
SRR31646608,SRR31646608_87978_3,BETA-LACTAM,cephalosporin,BETA-LACTAM,FULL,,,
SRR31646608,SRR31646608_118287_2,AMINOGLYCOSIDE,aminoglycoside antibiotic,AMINOGLYCOSIDE,FULL,,,
SRR31646608,SRR31646608_137117_1,AMINOGLYCOSIDE,aminoglycoside antibiotic,AMINOGLYCOSIDE,FULL,,,
SRR31646608,SRR31646608_169863_2,AMINOGLYCOSIDE,aminoglycoside antibiotic,AMINOGLYCOSIDE,FULL,,,
SRR31646608,SRR31646608_173181_1,STREPTOTHRICIN,nucleoside antibiotic,STREPTOTHRICIN,FULL,,,
SRR31646608,SRR31646608_216799_1,PHENICOL,phenicol antibiotic,PHENICOL,FULL,,,
SRR31646608,SRR31646608_224442_2,SULFONAMIDE,sulfonamide antibiotic,SULFONAMIDE,FULL,,,
SRR31646608,SRR31646608_245486_2,TRIMETHOPRIM,diaminopyrimidine antibiotic,TRIMETHOPRIM,FULL,,,
SRR31646608,SRR31646608_281721_2,AMINOGLYCOSIDE,aminoglycoside antibiotic,AMINOGLYCOSIDE,FULL,,,
SRR31646608,SRR31646608_289066_1,BETA-LACTAM,penicillin beta-lactam,BETA-LACTAM,FULL,,,
SRR31646608,SRR31646608_289066_2,LINCOSAMIDE/MACROLIDE/STREPTOGRAMIN,macrolide antibiotic; lincosamide antibiotic; streptogramin antibiotic; streptogramin A antibiotic; streptogramin B antibiotic,LINCOSAMIDE/MACROLIDE/STREPTOGRAMIN,FULL,,,
SRR31646608,SRR31646608_289066_3,MACROLIDE,macrolide antibiotic,MACROLIDE,FULL,,,
SRR31646608,SRR31646608_335045_1,TRIMETHOPRIM,diaminopyrimidine antibiotic,TRIMETHOPRIM,FULL,,,
SRR31646608,SRR31646608_342711_2,AMINOGLYCOSIDE,aminoglycoside antibiotic,AMINOGLYCOSIDE,FULL,,,
SRR31646608,SRR31646608_353651_2,QUATERNARY AMMONIUM,disinfecting agents and antiseptics,QUATERNARY AMMONIUM,FULL,,,
SRR31646608,SRR31646608_490769_1,LINCOSAMIDE,lincosamide antibiotic,LINCOSAMIDE,FULL,,,
SRR31646609,SRR31646609_689_2,PHENICOL,phenicol antibiotic,PHENICOL,FULL,,,
SRR31646609,SRR31646609_3991_2,LINCOSAMIDE,lincosamide antibiotic,LINCOSAMIDE,FULL,,,
SRR31646609,SRR31646609_3991_3,LINCOSAMIDE/STREPTOGRAMIN,lincosamide antibiotic; streptogramin antibiotic; pleuromutilin antibiotic,LINCOSAMIDE/STREPTOGRAMIN,PARTIAL,,PLEUROMUTILIN,
SRR31646609,SRR31646609_17141_1,LINCOSAMIDE/MACROLIDE/STREPTOGRAMIN,macrolide antibiotic; lincosamide antibiotic; streptogramin antibiotic; streptogramin A antibiotic; streptogramin B antibiotic,LINCOSAMIDE/MACROLIDE/STREPTOGRAMIN,FULL,,,
SRR31646609,SRR31646609_17229_2,AMINOGLYCOSIDE,aminoglycoside antibiotic,AMINOGLYCOSIDE,FULL,,,
SRR31646609,SRR31646609_17229_3,STREPTOTHRICIN,nucleoside antibiotic,STREPTOTHRICIN,FULL,,,
SRR31646609,SRR31646609_17552_2,SULFONAMIDE,sulfonamide antibiotic,SULFONAMIDE,FULL,,,
SRR31646609,SRR31646609_18766_1,AMINOGLYCOSIDE,aminoglycoside antibiotic,AMINOGLYCOSIDE,FULL,,,
SRR31646609,SRR31646609_25163_1,AMINOGLYCOSIDE,aminoglycoside antibiotic,AMINOGLYCOSIDE,FULL,,,
SRR31646609,SRR31646609_25163_3,AMINOGLYCOSIDE,aminoglycoside antibiotic,AMINOGLYCOSIDE,FULL,,,
SRR31646609,SRR31646609_34104_1,TETRACYCLINE,tetracycline antibiotic,TETRACYCLINE,FULL,,,
SRR31646609,SRR31646609_41910_1,LINCOSAMIDE/MACROLIDE/STREPTOGRAMIN,macrolide antibiotic; lincosamide antibiotic; streptogramin antibiotic; streptogramin A antibiotic; streptogramin B antibiotic,LINCOSAMIDE/MACROLIDE/STREPTOGRAMIN,FULL,,,
SRR31646609,SRR31646609_43198_1,QUATERNARY AMMONIUM,disinfecting agents and antiseptics,QUATERNARY AMMONIUM,FULL,,,
SRR31646609,SRR31646609_44758_1,AMINOGLYCOSIDE,aminoglycoside antibiotic,AMINOGLYCOSIDE,FULL,,,
SRR31646609,SRR31646609_46415_1,AMINOGLYCOSIDE,aminoglycoside antibiotic,AMINOGLYCOSIDE,FULL,,,
SRR31646609,SRR31646609_52359_1,OXAZOLIDINONE/PHENICOL,tetracycline antibiotic; oxazolidinone antibiotic; phenicol antibiotic,OXAZOLIDINONE/PHENICOL,PARTIAL,,TETRACYCLINE,
SRR31646609,SRR31646609_55101_1,AMINOGLYCOSIDE,aminoglycoside antibiotic,AMINOGLYCOSIDE,FULL,,,
SRR31646609,SRR31646609_58232_1,TETRACYCLINE,tetracycline antibiotic,TETRACYCLINE,FULL,,,
SRR31646609,SRR31646609_59999_2,PHENICOL,phenicol antibiotic,PHENICOL,FULL,,,
SRR31646609,SRR31646609_61067_4,PHENICOL,phenicol antibiotic,PHENICOL,FULL,,,
SRR31646609,SRR31646609_64232_1,TRIMETHOPRIM,diaminopyrimidine antibiotic,TRIMETHOPRIM,FULL,,,
SRR31646609,SRR31646609_69461_1,AMINOGLYCOSIDE,aminoglycoside antibiotic,AMINOGLYCOSIDE,FULL,,,
SRR31646609,SRR31646609_71073_2,PHENICOL,phenicol antibiotic,PHENICOL,FULL,,,
SRR31646609,SRR31646609_100002_4,TETRACYCLINE,tetracycline antibiotic,TETRACYCLINE,FULL,,,
SRR31646609,SRR31646609_121462_1,STREPTOGRAMIN,streptogramin antibiotic; streptogramin A antibiotic,STREPTOGRAMIN,FULL,,,
SRR31646609,SRR31646609_185844_1,QUATERNARY AMMONIUM,disinfecting agents and antiseptics,QUATERNARY AMMONIUM,FULL,,,
SRR31646609,SRR31646609_185844_2,SULFONAMIDE,sulfonamide antibiotic,SULFONAMIDE,FULL,,,
SRR31646609,SRR31646609_273935_3,TETRACYCLINE,tetracycline antibiotic,TETRACYCLINE,FULL,,,
SRR31646610,SRR31646610_4606_1,PHENICOL,phenicol antibiotic,PHENICOL,FULL,,,
SRR31646610,SRR31646610_7413_4,PHENICOL,phenicol antibiotic,PHENICOL,FULL,,,
SRR31646610,SRR31646610_9234_1,AMINOGLYCOSIDE,aminoglycoside antibiotic,AMINOGLYCOSIDE,FULL,,,
SRR31646610,SRR31646610_15693_2,OXAZOLIDINONE/PHENICOL,tetracycline antibiotic; oxazolidinone antibiotic; phenicol antibiotic,OXAZOLIDINONE/PHENICOL,PARTIAL,,TETRACYCLINE,
SRR31646610,SRR31646610_31076_4,LINCOSAMIDE/STREPTOGRAMIN,lincosamide antibiotic; streptogramin antibiotic; pleuromutilin antibiotic,LINCOSAMIDE/STREPTOGRAMIN,PARTIAL,,PLEUROMUTILIN,
SRR31646610,SRR31646610_31076_5,LINCOSAMIDE,lincosamide antibiotic,LINCOSAMIDE,FULL,,,
SRR31646610,SRR31646610_54665_1,LINCOSAMIDE/MACROLIDE/STREPTOGRAMIN,macrolide antibiotic; lincosamide antibiotic; streptogramin antibiotic; streptogramin A antibiotic; streptogramin B antibiotic,LINCOSAMIDE/MACROLIDE/STREPTOGRAMIN,FULL,,,
SRR31646610,SRR31646610_65964_3,TETRACYCLINE,tetracycline antibiotic,TETRACYCLINE,FULL,,,
SRR31646610,SRR31646610_72151_1,STREPTOTHRICIN,nucleoside antibiotic,STREPTOTHRICIN,FULL,,,
SRR31646610,SRR31646610_79996_1,AMINOGLYCOSIDE,aminoglycoside antibiotic,AMINOGLYCOSIDE,FULL,,,
SRR31646610,SRR31646610_80012_1,AMINOGLYCOSIDE,aminoglycoside antibiotic,AMINOGLYCOSIDE,FULL,,,
SRR31646610,SRR31646610_80012_3,AMINOGLYCOSIDE,aminoglycoside antibiotic,AMINOGLYCOSIDE,FULL,,,
SRR31646610,SRR31646610_84076_3,TETRACYCLINE,tetracycline antibiotic,TETRACYCLINE,FULL,,,
SRR31646610,SRR31646610_84785_2,TETRACYCLINE,tetracycline antibiotic,TETRACYCLINE,FULL,,,
SRR31646610,SRR31646610_90224_2,QUATERNARY AMMONIUM,disinfecting agents and antiseptics,QUATERNARY AMMONIUM,FULL,,,
SRR31646610,SRR31646610_94686_2,BETA-LACTAM,penicillin beta-lactam,BETA-LACTAM,FULL,,,
SRR31646610,SRR31646610_97773_3,SULFONAMIDE,sulfonamide antibiotic,SULFONAMIDE,FULL,,,
SRR31646610,SRR31646610_102808_1,BETA-LACTAM,monobactam; cephalosporin; penicillin beta-lactam,BETA-LACTAM,FULL,,,
SRR31646610,SRR31646610_107331_1,SULFONAMIDE,sulfonamide antibiotic,SULFONAMIDE,FULL,,,
SRR31646610,SRR31646610_108956_1,QUATERNARY AMMONIUM,disinfecting agents and antiseptics,QUATERNARY AMMONIUM,FULL,,,
SRR31646610,SRR31646610_116197_1,TRIMETHOPRIM,diaminopyrimidine antibiotic,TRIMETHOPRIM,FULL,,,
SRR31646610,SRR31646610_119950_2,GLYCOPEPTIDE,glycopeptide antibiotic,GLYCOPEPTIDE,FULL,,,
SRR31646610,SRR31646610_143679_1,AMINOGLYCOSIDE,aminoglycoside antibiotic,AMINOGLYCOSIDE,FULL,,,
SRR31646610,SRR31646610_143679_2,AMINOGLYCOSIDE,aminoglycoside antibiotic,AMINOGLYCOSIDE,FULL,,,
SRR31646610,SRR31646610_184345_1,TETRACYCLINE,tetracycline antibiotic,TETRACYCLINE,FULL,,,
SRR31646610,SRR31646610_216420_1,AMINOGLYCOSIDE,aminoglycoside antibiotic,AMINOGLYCOSIDE,FULL,,,
SRR31646610,SRR31646610_249537_1,LINCOSAMIDE/MACROLIDE/STREPTOGRAMIN,macrolide antibiotic; lincosamide antibiotic; streptogramin antibiotic; streptogramin A antibiotic; streptogramin B antibiotic,LINCOSAMIDE/MACROLIDE/STREPTOGRAMIN,FULL,,,
SRR31646610,SRR31646610_256028_1,AMINOGLYCOSIDE,aminoglycoside antibiotic,AMINOGLYCOSIDE,FULL,,,
SRR31646610,SRR31646610_256028_2,STREPTOTHRICIN,nucleoside antibiotic,STREPTOTHRICIN,FULL,,,
SRR31646610,SRR31646610_309477_2,PHENICOL,phenicol antibiotic,PHENICOL,FULL,,,
SRR31646610,SRR31646610_328399_1,TRIMETHOPRIM,diaminopyrimidine antibiotic,TRIMETHOPRIM,FULL,,,
SRR31646610,SRR31646610_333739_1,AMINOGLYCOSIDE,aminoglycoside antibiotic,AMINOGLYCOSIDE,FULL,,,
SRR31646611,SRR31646611_5630_1,LINCOSAMIDE,lincosamide antibiotic,LINCOSAMIDE,FULL,,,
SRR31646611,SRR31646611_5630_2,LINCOSAMIDE/STREPTOGRAMIN,lincosamide antibiotic; streptogramin antibiotic; pleuromutilin antibiotic,LINCOSAMIDE/STREPTOGRAMIN,PARTIAL,,PLEUROMUTILIN,
SRR31646611,SRR31646611_21639_1,LINCOSAMIDE,lincosamide antibiotic,LINCOSAMIDE,FULL,,,
SRR31646611,SRR31646611_22424_2,TRIMETHOPRIM,diaminopyrimidine antibiotic,TRIMETHOPRIM,FULL,,,
SRR31646611,SRR31646611_23379_1,TRIMETHOPRIM,diaminopyrimidine antibiotic,TRIMETHOPRIM,FULL,,,
SRR31646611,SRR31646611_23431_3,TETRACYCLINE,tetracycline antibiotic,TETRACYCLINE,FULL,,,
SRR31646611,SRR31646611_27585_1,PHENICOL,phenicol antibiotic,PHENICOL,FULL,,,
SRR31646611,SRR31646611_29954_2,PHENICOL,phenicol antibiotic,PHENICOL,FULL,,,
SRR31646611,SRR31646611_33266_2,MACROLIDE,macrolide antibiotic,MACROLIDE,FULL,,,
SRR31646611,SRR31646611_42321_1,LINCOSAMIDE,lincosamide antibiotic,LINCOSAMIDE,FULL,,,
SRR31646611,SRR31646611_46847_2,AMINOGLYCOSIDE,aminoglycoside antibiotic,AMINOGLYCOSIDE,FULL,,,
SRR31646611,SRR31646611_60132_2,SULFONAMIDE,sulfonamide antibiotic,SULFONAMIDE,FULL,,,
SRR31646611,SRR31646611_79384_3,AMINOGLYCOSIDE,aminoglycoside antibiotic,AMINOGLYCOSIDE,FULL,,,
SRR31646611,SRR31646611_79384_4,AMINOGLYCOSIDE,aminoglycoside antibiotic,AMINOGLYCOSIDE,FULL,,,
SRR31646611,SRR31646611_85308_1,MACROLIDE/STREPTOGRAMIN,macrolide antibiotic; streptogramin antibiotic,MACROLIDE/STREPTOGRAMIN,FULL,,,
SRR31646611,SRR31646611_92832_1,QUATERNARY AMMONIUM,disinfecting agents and antiseptics,QUATERNARY AMMONIUM,FULL,,,
SRR31646611,SRR31646611_117494_2,TETRACYCLINE,tetracycline antibiotic,TETRACYCLINE,FULL,,,
SRR31646611,SRR31646611_137776_1,LINCOSAMIDE/MACROLIDE/STREPTOGRAMIN,macrolide antibiotic; lincosamide antibiotic; streptogramin antibiotic; streptogramin A antibiotic; streptogramin B antibiotic,LINCOSAMIDE/MACROLIDE/STREPTOGRAMIN,FULL,,,
SRR31646611,SRR31646611_141835_1,LINCOSAMIDE,lincosamide antibiotic,LINCOSAMIDE,FULL,,,
SRR31646611,SRR31646611_152568_1,TETRACYCLINE,tetracycline antibiotic,TETRACYCLINE,FULL,,,
SRR31646611,SRR31646611_219274_1,BETA-LACTAM,carbapenem; penicillin beta-lactam,BETA-LACTAM,FULL,,,
SRR31646611,SRR31646611_264842_1,TRIMETHOPRIM,diaminopyrimidine antibiotic,TRIMETHOPRIM,FULL,,,
SRR31646611,SRR31646611_275957_1,TRIMETHOPRIM,diaminopyrimidine antibiotic,TRIMETHOPRIM,FULL,,,
SRR31646611,SRR31646611_277757_1,AMINOGLYCOSIDE,aminoglycoside antibiotic,AMINOGLYCOSIDE,FULL,,,
SRR31646611,SRR31646611_304509_2,TRIMETHOPRIM,diaminopyrimidine antibiotic,TRIMETHOPRIM,FULL,,,
SRR31646611,SRR31646611_347673_1,QUATERNARY AMMONIUM,disinfecting agents and antiseptics,QUATERNARY AMMONIUM,FULL,,,
SRR31646611,SRR31646611_460905_1,QUATERNARY AMMONIUM,disinfecting agents and antiseptics,QUATERNARY AMMONIUM,FULL,,,
SRR31646611,SRR31646611_501481_1,AMINOGLYCOSIDE,aminoglycoside antibiotic,AMINOGLYCOSIDE,FULL,,,
SRR31646611,SRR31646611_571988_4,TETRACYCLINE,tetracycline antibiotic,TETRACYCLINE,FULL,,,
SRR31646611,SRR31646611_635039_3,SULFONAMIDE,sulfonamide antibiotic,SULFONAMIDE,FULL,,,
SRR31646611,SRR31646611_635039_4,QUATERNARY AMMONIUM,disinfecting agents and antiseptics,QUATERNARY AMMONIUM,FULL,,,
SRR31646612,SRR31646612_4594_2,AMINOGLYCOSIDE,aminoglycoside antibiotic,AMINOGLYCOSIDE,FULL,,,
SRR31646612,SRR31646612_4594_3,AMINOGLYCOSIDE,aminoglycoside antibiotic,AMINOGLYCOSIDE,FULL,,,
SRR31646612,SRR31646612_8596_1,AMINOGLYCOSIDE,aminoglycoside antibiotic,AMINOGLYCOSIDE,FULL,,,
SRR31646612,SRR31646612_8596_3,AMINOGLYCOSIDE,aminoglycoside antibiotic,AMINOGLYCOSIDE,FULL,,,
SRR31646612,SRR31646612_17921_1,TRIMETHOPRIM,diaminopyrimidine antibiotic,TRIMETHOPRIM,FULL,,,
SRR31646612,SRR31646612_50088_1,PHENICOL,phenicol antibiotic,PHENICOL,FULL,,,
SRR31646612,SRR31646612_82269_2,LINCOSAMIDE/MACROLIDE,macrolide antibiotic; lincosamide antibiotic; streptogramin antibiotic; streptogramin A antibiotic; streptogramin B antibiotic,LINCOSAMIDE/MACROLIDE,PARTIAL,,STREPTOGRAMIN,
SRR31646612,SRR31646612_82768_1,TETRACYCLINE,tetracycline antibiotic,TETRACYCLINE,FULL,,,
SRR31646612,SRR31646612_90574_3,TETRACYCLINE,tetracycline antibiotic,TETRACYCLINE,FULL,,,
SRR31646612,SRR31646612_102321_2,SULFONAMIDE,sulfonamide antibiotic,SULFONAMIDE,FULL,,,
SRR31646612,SRR31646612_120167_2,PHENICOL,phenicol antibiotic,PHENICOL,FULL,,,
SRR31646612,SRR31646612_121540_3,TRIMETHOPRIM,diaminopyrimidine antibiotic,TRIMETHOPRIM,FULL,,,
SRR31646612,SRR31646612_126314_4,LINCOSAMIDE/STREPTOGRAMIN,lincosamide antibiotic; streptogramin antibiotic; pleuromutilin antibiotic,LINCOSAMIDE/STREPTOGRAMIN,PARTIAL,,PLEUROMUTILIN,
SRR31646612,SRR31646612_126314_5,LINCOSAMIDE,lincosamide antibiotic,LINCOSAMIDE,FULL,,,
SRR31646612,SRR31646612_145347_1,TETRACYCLINE,tetracycline antibiotic,TETRACYCLINE,FULL,,,
SRR31646612,SRR31646612_190052_1,TRIMETHOPRIM,diaminopyrimidine antibiotic,TRIMETHOPRIM,FULL,,,
SRR31646612,SRR31646612_220179_1,AMINOGLYCOSIDE,aminoglycoside antibiotic,AMINOGLYCOSIDE,FULL,,,
SRR31646612,SRR31646612_228227_2,AMINOGLYCOSIDE,aminoglycoside antibiotic,AMINOGLYCOSIDE,FULL,,,
SRR31646612,SRR31646612_232101_1,AMINOGLYCOSIDE,aminoglycoside antibiotic,AMINOGLYCOSIDE,FULL,,,
SRR31646612,SRR31646612_248480_2,STREPTOTHRICIN,nucleoside antibiotic,STREPTOTHRICIN,FULL,,,
SRR31646612,SRR31646612_283510_2,FOSFOMYCIN,phosphonic acid antibiotic,FOSFOMYCIN,FULL,,,
SRR31646612,SRR31646612_283841_1,LINCOSAMIDE/MACROLIDE/STREPTOGRAMIN,macrolide antibiotic; lincosamide antibiotic; streptogramin antibiotic; streptogramin A antibiotic; streptogramin B antibiotic,LINCOSAMIDE/MACROLIDE/STREPTOGRAMIN,FULL,,,
SRR31646612,SRR31646612_294646_1,LINCOSAMIDE,lincosamide antibiotic,LINCOSAMIDE,FULL,,,
SRR31646612,SRR31646612_300454_1,AMINOGLYCOSIDE,aminoglycoside antibiotic,AMINOGLYCOSIDE,FULL,,,
SRR31646613,SRR31646613_1896_1,AMINOGLYCOSIDE,aminoglycoside antibiotic,AMINOGLYCOSIDE,FULL,,,
SRR31646613,SRR31646613_12900_4,LINCOSAMIDE/STREPTOGRAMIN,lincosamide antibiotic; streptogramin antibiotic; pleuromutilin antibiotic,LINCOSAMIDE/STREPTOGRAMIN,PARTIAL,,PLEUROMUTILIN,
SRR31646613,SRR31646613_12900_5,LINCOSAMIDE,lincosamide antibiotic,LINCOSAMIDE,FULL,,,
SRR31646613,SRR31646613_25818_3,PHENICOL,phenicol antibiotic,PHENICOL,FULL,,,
SRR31646613,SRR31646613_36555_2,LINCOSAMIDE,lincosamide antibiotic,LINCOSAMIDE,FULL,,,
SRR31646613,SRR31646613_45712_2,AMINOGLYCOSIDE,aminoglycoside antibiotic,AMINOGLYCOSIDE,FULL,,,
SRR31646613,SRR31646613_45712_3,AMINOGLYCOSIDE,aminoglycoside antibiotic,AMINOGLYCOSIDE,FULL,,,
SRR31646613,SRR31646613_45879_1,TETRACYCLINE,tetracycline antibiotic,TETRACYCLINE,FULL,,,
SRR31646613,SRR31646613_55941_1,AMINOGLYCOSIDE,aminoglycoside antibiotic,AMINOGLYCOSIDE,FULL,,,
SRR31646613,SRR31646613_56831_1,SULFONAMIDE,sulfonamide antibiotic,SULFONAMIDE,FULL,,,
SRR31646613,SRR31646613_57120_4,AMINOGLYCOSIDE,aminoglycoside antibiotic,AMINOGLYCOSIDE,FULL,,,
SRR31646613,SRR31646613_57120_5,STREPTOTHRICIN,nucleoside antibiotic,STREPTOTHRICIN,FULL,,,
SRR31646613,SRR31646613_69901_1,PHENICOL,phenicol antibiotic,PHENICOL,FULL,,,
SRR31646613,SRR31646613_73198_1,AMINOGLYCOSIDE,aminoglycoside antibiotic,AMINOGLYCOSIDE,FULL,,,
SRR31646613,SRR31646613_73198_3,AMINOGLYCOSIDE,aminoglycoside antibiotic,AMINOGLYCOSIDE,FULL,,,
SRR31646613,SRR31646613_79690_1,TRIMETHOPRIM,diaminopyrimidine antibiotic,TRIMETHOPRIM,FULL,,,
SRR31646613,SRR31646613_88263_1,TRIMETHOPRIM,diaminopyrimidine antibiotic,TRIMETHOPRIM,FULL,,,
SRR31646613,SRR31646613_99268_1,FOSFOMYCIN,phosphonic acid antibiotic,FOSFOMYCIN,FULL,,,
SRR31646613,SRR31646613_152499_1,LINCOSAMIDE/MACROLIDE/STREPTOGRAMIN,macrolide antibiotic; lincosamide antibiotic; streptogramin antibiotic; streptogramin A antibiotic; streptogramin B antibiotic,LINCOSAMIDE/MACROLIDE/STREPTOGRAMIN,FULL,,,
SRR31646613,SRR31646613_183535_1,TETRACYCLINE,tetracycline antibiotic,TETRACYCLINE,FULL,,,
SRR31646613,SRR31646613_221761_1,AMINOGLYCOSIDE,aminoglycoside antibiotic,AMINOGLYCOSIDE,FULL,,,
SRR31646614,SRR31646614_851_1,TRIMETHOPRIM,diaminopyrimidine antibiotic,TRIMETHOPRIM,FULL,,,
SRR31646614,SRR31646614_6075_2,AMINOGLYCOSIDE,aminoglycoside antibiotic,AMINOGLYCOSIDE,FULL,,,
SRR31646614,SRR31646614_9156_3,TETRACYCLINE,tetracycline antibiotic,TETRACYCLINE,FULL,,,
SRR31646614,SRR31646614_14155_1,TETRACYCLINE,tetracycline antibiotic,TETRACYCLINE,FULL,,,
SRR31646614,SRR31646614_18926_1,LINCOSAMIDE/MACROLIDE/STREPTOGRAMIN,macrolide antibiotic; lincosamide antibiotic; streptogramin antibiotic; streptogramin A antibiotic; streptogramin B antibiotic,LINCOSAMIDE/MACROLIDE/STREPTOGRAMIN,FULL,,,
SRR31646614,SRR31646614_20707_1,LINCOSAMIDE/MACROLIDE/STREPTOGRAMIN,macrolide antibiotic; lincosamide antibiotic; streptogramin antibiotic; streptogramin A antibiotic; streptogramin B antibiotic,LINCOSAMIDE/MACROLIDE/STREPTOGRAMIN,FULL,,,
SRR31646614,SRR31646614_26393_1,FOSFOMYCIN,phosphonic acid antibiotic,FOSFOMYCIN,FULL,,,
SRR31646614,SRR31646614_30665_1,AMINOGLYCOSIDE,aminoglycoside antibiotic,AMINOGLYCOSIDE,FULL,,,
SRR31646614,SRR31646614_36424_2,AMINOGLYCOSIDE,aminoglycoside antibiotic,AMINOGLYCOSIDE,FULL,,,
SRR31646614,SRR31646614_36424_3,AMINOGLYCOSIDE,aminoglycoside antibiotic,AMINOGLYCOSIDE,FULL,,,
SRR31646614,SRR31646614_39083_2,PHENICOL,phenicol antibiotic,PHENICOL,FULL,,,
SRR31646614,SRR31646614_42013_2,TETRACYCLINE,tetracycline antibiotic,TETRACYCLINE,FULL,,,
SRR31646614,SRR31646614_45731_3,AMINOGLYCOSIDE,aminoglycoside antibiotic,AMINOGLYCOSIDE,FULL,,,
SRR31646614,SRR31646614_45731_5,AMINOGLYCOSIDE,aminoglycoside antibiotic,AMINOGLYCOSIDE,FULL,,,
SRR31646614,SRR31646614_46261_1,AMINOGLYCOSIDE,aminoglycoside antibiotic,AMINOGLYCOSIDE,FULL,,,
SRR31646614,SRR31646614_56230_2,PHENICOL,phenicol antibiotic,PHENICOL,FULL,,,
SRR31646614,SRR31646614_59625_1,TRIMETHOPRIM,diaminopyrimidine antibiotic,TRIMETHOPRIM,FULL,,,
SRR31646614,SRR31646614_68963_1,AMINOGLYCOSIDE,aminoglycoside antibiotic,AMINOGLYCOSIDE,FULL,,,
SRR31646614,SRR31646614_73956_1,TETRACYCLINE,tetracycline antibiotic,TETRACYCLINE,FULL,,,
SRR31646614,SRR31646614_84020_2,SULFONAMIDE,sulfonamide antibiotic,SULFONAMIDE,FULL,,,
SRR31646614,SRR31646614_84020_3,QUATERNARY AMMONIUM,disinfecting agents and antiseptics,QUATERNARY AMMONIUM,FULL,,,
SRR31646614,SRR31646614_104807_1,AMINOGLYCOSIDE,aminoglycoside antibiotic,AMINOGLYCOSIDE,FULL,,,
SRR31646614,SRR31646614_114281_1,TRIMETHOPRIM,diaminopyrimidine antibiotic,TRIMETHOPRIM,FULL,,,
SRR31646614,SRR31646614_116570_2,LINCOSAMIDE/MACROLIDE/STREPTOGRAMIN,macrolide antibiotic; lincosamide antibiotic; streptogramin antibiotic; streptogramin B antibiotic,LINCOSAMIDE/MACROLIDE/STREPTOGRAMIN,FULL,,,
SRR31646614,SRR31646614_162317_1,TETRACYCLINE,tetracycline antibiotic,TETRACYCLINE,FULL,,,
SRR31646614,SRR31646614_223468_2,PHENICOL,phenicol antibiotic,PHENICOL,FULL,,,
SRR31646614,SRR31646614_313987_1,AMINOGLYCOSIDE,aminoglycoside antibiotic,AMINOGLYCOSIDE,FULL,,,
SRR31646615,SRR31646615_2039_2,SULFONAMIDE,sulfonamide antibiotic,SULFONAMIDE,FULL,,,
SRR31646615,SRR31646615_2039_3,QUATERNARY AMMONIUM,disinfecting agents and antiseptics,QUATERNARY AMMONIUM,FULL,,,
SRR31646615,SRR31646615_7761_1,AMINOGLYCOSIDE,aminoglycoside antibiotic,AMINOGLYCOSIDE,FULL,,,
SRR31646615,SRR31646615_7761_3,AMINOGLYCOSIDE,aminoglycoside antibiotic,AMINOGLYCOSIDE,FULL,,,
SRR31646615,SRR31646615_26437_3,TETRACYCLINE,tetracycline antibiotic,TETRACYCLINE,FULL,,,
SRR31646615,SRR31646615_28369_1,AMINOGLYCOSIDE,aminoglycoside antibiotic,AMINOGLYCOSIDE,FULL,,,
SRR31646615,SRR31646615_28369_2,AMINOGLYCOSIDE,aminoglycoside antibiotic,AMINOGLYCOSIDE,FULL,,,
SRR31646615,SRR31646615_29003_1,TETRACYCLINE,tetracycline antibiotic,TETRACYCLINE,FULL,,,
SRR31646615,SRR31646615_35947_1,PHENICOL,phenicol antibiotic,PHENICOL,FULL,,,
SRR31646615,SRR31646615_54591_1,MACROLIDE,macrolide antibiotic,MACROLIDE,FULL,,,
SRR31646615,SRR31646615_55701_3,PHENICOL,phenicol antibiotic,PHENICOL,FULL,,,
SRR31646615,SRR31646615_60006_1,TRIMETHOPRIM,diaminopyrimidine antibiotic,TRIMETHOPRIM,FULL,,,
SRR31646615,SRR31646615_66065_1,AMINOGLYCOSIDE,aminoglycoside antibiotic,AMINOGLYCOSIDE,FULL,,,
SRR31646615,SRR31646615_87085_1,AMINOGLYCOSIDE,aminoglycoside antibiotic,AMINOGLYCOSIDE,FULL,,,
SRR31646615,SRR31646615_129907_1,TRIMETHOPRIM,diaminopyrimidine antibiotic,TRIMETHOPRIM,FULL,,,
SRR31646615,SRR31646615_168678_1,TRIMETHOPRIM,diaminopyrimidine antibiotic,TRIMETHOPRIM,FULL,,,
SRR31646615,SRR31646615_169129_1,LINCOSAMIDE/MACROLIDE/STREPTOGRAMIN,macrolide antibiotic; lincosamide antibiotic; streptogramin antibiotic; streptogramin A antibiotic; streptogramin B antibiotic,LINCOSAMIDE/MACROLIDE/STREPTOGRAMIN,FULL,,,
SRR31646615,SRR31646615_213891_1,LINCOSAMIDE/MACROLIDE/STREPTOGRAMIN,macrolide antibiotic; lincosamide antibiotic; streptogramin antibiotic; streptogramin A antibiotic; streptogramin B antibiotic,LINCOSAMIDE/MACROLIDE/STREPTOGRAMIN,FULL,,,
SRR31646615,SRR31646615_229157_1,LINCOSAMIDE,lincosamide antibiotic,LINCOSAMIDE,FULL,,,
SRR31646622,SRR31646622_1956_1,TETRACYCLINE,tetracycline antibiotic,TETRACYCLINE,FULL,,,
SRR31646622,SRR31646622_39104_1,SULFONAMIDE,sulfonamide antibiotic,SULFONAMIDE,FULL,,,
SRR31646622,SRR31646622_39914_1,AMINOGLYCOSIDE,aminoglycoside antibiotic,AMINOGLYCOSIDE,FULL,,,
SRR31646622,SRR31646622_43962_2,AMINOGLYCOSIDE,aminoglycoside antibiotic,AMINOGLYCOSIDE,FULL,,,
SRR31646622,SRR31646622_55507_1,LINCOSAMIDE/MACROLIDE/STREPTOGRAMIN,macrolide antibiotic; lincosamide antibiotic; streptogramin antibiotic; streptogramin A antibiotic; streptogramin B antibiotic,LINCOSAMIDE/MACROLIDE/STREPTOGRAMIN,FULL,,,
SRR31646622,SRR31646622_55507_2,MACROLIDE,macrolide antibiotic,MACROLIDE,FULL,,,
SRR31646622,SRR31646622_59752_1,TRIMETHOPRIM,diaminopyrimidine antibiotic,TRIMETHOPRIM,FULL,,,
SRR31646622,SRR31646622_60574_2,BETA-LACTAM,monobactam; cephalosporin; penicillin beta-lactam,BETA-LACTAM,FULL,,,
SRR31646622,SRR31646622_68256_2,AMINOGLYCOSIDE,aminoglycoside antibiotic,AMINOGLYCOSIDE,FULL,,,
SRR31646622,SRR31646622_84493_1,TETRACYCLINE,tetracycline antibiotic,TETRACYCLINE,FULL,,,
SRR31646622,SRR31646622_167458_2,TETRACYCLINE,tetracycline antibiotic,TETRACYCLINE,FULL,,,
SRR31646622,SRR31646622_216438_2,QUATERNARY AMMONIUM,disinfecting agents and antiseptics,QUATERNARY AMMONIUM,FULL,,,
SRR31646622,SRR31646622_220568_3,TETRACYCLINE,tetracycline antibiotic,TETRACYCLINE,FULL,,,
SRR31646622,SRR31646622_283067_1,QUATERNARY AMMONIUM,disinfecting agents and antiseptics,QUATERNARY AMMONIUM,FULL,,,
SRR31646622,SRR31646622_324520_2,TRIMETHOPRIM,diaminopyrimidine antibiotic,TRIMETHOPRIM,FULL,,,
SRR31646622,SRR31646622_360854_2,PHENICOL,phenicol antibiotic,PHENICOL,FULL,,,
SRR31646622,SRR31646622_374511_2,AMINOGLYCOSIDE,aminoglycoside antibiotic,AMINOGLYCOSIDE,FULL,,,
SRR31646622,SRR31646622_383305_2,QUATERNARY AMMONIUM,disinfecting agents and antiseptics,QUATERNARY AMMONIUM,FULL,,,
SRR31646622,SRR31646622_479232_1,AMINOGLYCOSIDE,aminoglycoside antibiotic,AMINOGLYCOSIDE,FULL,,,
SRR31646622,SRR31646622_479232_2,AMINOGLYCOSIDE,aminoglycoside antibiotic,AMINOGLYCOSIDE,FULL,,,
SRR31646622,SRR31646622_588397_1,PHENICOL,phenicol antibiotic,PHENICOL,FULL,,,
SRR31646622,SRR31646622_602239_3,TETRACYCLINE,tetracycline antibiotic,TETRACYCLINE,FULL,,,
SRR31646622,SRR31646622_910418_1,TRIMETHOPRIM,diaminopyrimidine antibiotic,TRIMETHOPRIM,FULL,,,
SRR31646622,SRR31646622_949486_1,QUATERNARY AMMONIUM,disinfecting agents and antiseptics,QUATERNARY AMMONIUM,FULL,,,
SRR31646622,SRR31646622_965540_1,SULFONAMIDE,sulfonamide antibiotic,SULFONAMIDE,FULL,,,
SRR31646633,SRR31646633_4703_2,QUATERNARY AMMONIUM,disinfecting agents and antiseptics,QUATERNARY AMMONIUM,FULL,,,
SRR31646633,SRR31646633_4973_4,LINCOSAMIDE/STREPTOGRAMIN,lincosamide antibiotic; streptogramin antibiotic; pleuromutilin antibiotic,LINCOSAMIDE/STREPTOGRAMIN,PARTIAL,,PLEUROMUTILIN,
SRR31646633,SRR31646633_4973_5,LINCOSAMIDE,lincosamide antibiotic,LINCOSAMIDE,FULL,,,
SRR31646633,SRR31646633_10536_13,AMINOGLYCOSIDE,aminoglycoside antibiotic,AMINOGLYCOSIDE,FULL,,,
SRR31646633,SRR31646633_10536_14,AMINOGLYCOSIDE,aminoglycoside antibiotic,AMINOGLYCOSIDE,FULL,,,
SRR31646633,SRR31646633_10536_16,TETRACYCLINE,tetracycline antibiotic,TETRACYCLINE,FULL,,,
SRR31646633,SRR31646633_14429_1,TETRACYCLINE,tetracycline antibiotic,TETRACYCLINE,FULL,,,
SRR31646633,SRR31646633_19528_3,TETRACYCLINE,tetracycline antibiotic,TETRACYCLINE,FULL,,,
SRR31646633,SRR31646633_39693_2,SULFONAMIDE,sulfonamide antibiotic,SULFONAMIDE,FULL,,,
SRR31646633,SRR31646633_42181_1,TRIMETHOPRIM,diaminopyrimidine antibiotic,TRIMETHOPRIM,FULL,,,
SRR31646633,SRR31646633_46639_2,TETRACYCLINE,tetracycline antibiotic,TETRACYCLINE,FULL,,,
SRR31646633,SRR31646633_52292_1,LINCOSAMIDE/MACROLIDE/STREPTOGRAMIN,macrolide antibiotic; lincosamide antibiotic; streptogramin antibiotic; streptogramin A antibiotic; streptogramin B antibiotic,LINCOSAMIDE/MACROLIDE/STREPTOGRAMIN,FULL,,,
SRR31646633,SRR31646633_61595_2,MACROLIDE,macrolide antibiotic,MACROLIDE,FULL,,,
SRR31646633,SRR31646633_75724_1,BETA-LACTAM,monobactam; cephalosporin; penicillin beta-lactam,BETA-LACTAM,FULL,,,
SRR31646633,SRR31646633_76146_4,TRIMETHOPRIM,diaminopyrimidine antibiotic,TRIMETHOPRIM,FULL,,,
SRR31646633,SRR31646633_84252_1,TRIMETHOPRIM,diaminopyrimidine antibiotic,TRIMETHOPRIM,FULL,,,
SRR31646633,SRR31646633_93223_2,BETA-LACTAM,cephalosporin; penicillin beta-lactam,BETA-LACTAM,FULL,,,
SRR31646633,SRR31646633_94206_2,AMINOGLYCOSIDE,aminoglycoside antibiotic,AMINOGLYCOSIDE,FULL,,,
SRR31646633,SRR31646633_133867_1,PHENICOL,phenicol antibiotic,PHENICOL,FULL,,,
SRR31646633,SRR31646633_135107_2,TETRACYCLINE,tetracycline antibiotic,TETRACYCLINE,FULL,,,
SRR31646633,SRR31646633_151161_1,LINCOSAMIDE,lincosamide antibiotic,LINCOSAMIDE,FULL,,,
SRR31646633,SRR31646633_153837_1,TETRACYCLINE,tetracycline antibiotic,TETRACYCLINE,FULL,,,
SRR31646633,SRR31646633_213803_2,QUATERNARY AMMONIUM,disinfecting agents and antiseptics,QUATERNARY AMMONIUM,FULL,,,
SRR31646633,SRR31646633_249493_1,LINCOSAMIDE/MACROLIDE/STREPTOGRAMIN,macrolide antibiotic; lincosamide antibiotic; streptogramin antibiotic; streptogramin A antibiotic; streptogramin B antibiotic,LINCOSAMIDE/MACROLIDE/STREPTOGRAMIN,FULL,,,
SRR31646633,SRR31646633_270238_1,BETA-LACTAM,carbapenem; penicillin beta-lactam,BETA-LACTAM,FULL,,,
SRR31646633,SRR31646633_291801_2,STREPTOTHRICIN,nucleoside antibiotic,STREPTOTHRICIN,FULL,,,
SRR31646633,SRR31646633_448746_2,PHENICOL,phenicol antibiotic,PHENICOL,FULL,,,
SRR31646633,SRR31646633_471838_1,AMINOGLYCOSIDE,aminoglycoside antibiotic,AMINOGLYCOSIDE,FULL,,,
SRR31646633,SRR31646633_479613_1,AMINOGLYCOSIDE,aminoglycoside antibiotic,AMINOGLYCOSIDE,FULL,,,
SRR31646633,SRR31646633_538420_3,QUATERNARY AMMONIUM,disinfecting agents and antiseptics,QUATERNARY AMMONIUM,FULL,,,
SRR31646633,SRR31646633_558343_3,TETRACYCLINE,tetracycline antibiotic,TETRACYCLINE,FULL,,,
SRR31646633,SRR31646633_642192_1,SULFONAMIDE,sulfonamide antibiotic,SULFONAMIDE,FULL,,,
SRR31646633,SRR31646633_772036_1,TRIMETHOPRIM,diaminopyrimidine antibiotic,TRIMETHOPRIM,FULL,,,
SRR31646640,SRR31646640_2416_1,TRIMETHOPRIM,diaminopyrimidine antibiotic,TRIMETHOPRIM,FULL,,,
SRR31646640,SRR31646640_2477_3,TRIMETHOPRIM,diaminopyrimidine antibiotic,TRIMETHOPRIM,FULL,,,
SRR31646640,SRR31646640_7657_4,AMINOGLYCOSIDE,aminoglycoside antibiotic,AMINOGLYCOSIDE,FULL,,,
SRR31646640,SRR31646640_7657_5,STREPTOTHRICIN,nucleoside antibiotic,STREPTOTHRICIN,FULL,,,
SRR31646640,SRR31646640_9218_3,MACROLIDE,macrolide antibiotic,MACROLIDE,FULL,,,
SRR31646640,SRR31646640_12749_1,TETRACYCLINE,tetracycline antibiotic,TETRACYCLINE,FULL,,,
SRR31646640,SRR31646640_19338_3,TETRACYCLINE,tetracycline antibiotic,TETRACYCLINE,FULL,,,
SRR31646640,SRR31646640_21013_2,QUATERNARY AMMONIUM,disinfecting agents and antiseptics,QUATERNARY AMMONIUM,FULL,,,
SRR31646640,SRR31646640_32741_1,QUATERNARY AMMONIUM,disinfecting agents and antiseptics,QUATERNARY AMMONIUM,FULL,,,
SRR31646640,SRR31646640_33098_1,LINCOSAMIDE/MACROLIDE/STREPTOGRAMIN,macrolide antibiotic; lincosamide antibiotic; streptogramin antibiotic; streptogramin A antibiotic; streptogramin B antibiotic,LINCOSAMIDE/MACROLIDE/STREPTOGRAMIN,FULL,,,
SRR31646640,SRR31646640_37693_1,FOSFOMYCIN,phosphonic acid antibiotic,FOSFOMYCIN,FULL,,,
SRR31646640,SRR31646640_49415_2,LINCOSAMIDE/OXAZOLIDINONE/PHENICOL/PLEUROMUTILIN/STREPTOGRAMIN,lincosamide antibiotic; streptogramin antibiotic; streptogramin A antibiotic; oxazolidinone antibiotic; phenicol antibiotic; pleuromutilin antibiotic,LINCOSAMIDE/OXAZOLIDINONE/PHENICOL/PLEUROMUTILIN/STREPTOGRAMIN,FULL,,,
SRR31646640,SRR31646640_53533_2,MACROLIDE/STREPTOGRAMIN,macrolide antibiotic; streptogramin antibiotic,MACROLIDE/STREPTOGRAMIN,FULL,,,
SRR31646640,SRR31646640_55630_2,PHENICOL,phenicol antibiotic,PHENICOL,FULL,,,
SRR31646640,SRR31646640_60403_1,AMINOGLYCOSIDE,aminoglycoside antibiotic,AMINOGLYCOSIDE,FULL,,,
SRR31646640,SRR31646640_66804_1,BETA-LACTAM,penicillin beta-lactam,BETA-LACTAM,FULL,,,
SRR31646640,SRR31646640_73203_1,BETA-LACTAM,cephalosporin; penicillin beta-lactam,BETA-LACTAM,FULL,,,
SRR31646640,SRR31646640_73203_2,AMINOGLYCOSIDE,aminoglycoside antibiotic,AMINOGLYCOSIDE,FULL,,,
SRR31646640,SRR31646640_76530_1,QUATERNARY AMMONIUM,disinfecting agents and antiseptics,QUATERNARY AMMONIUM,FULL,,,
SRR31646640,SRR31646640_77600_2,PHENICOL,phenicol antibiotic,PHENICOL,FULL,,,
SRR31646640,SRR31646640_91824_1,AMINOGLYCOSIDE,aminoglycoside antibiotic,AMINOGLYCOSIDE,FULL,,,
SRR31646640,SRR31646640_93348_4,TETRACYCLINE,tetracycline antibiotic,TETRACYCLINE,FULL,,,
SRR31646640,SRR31646640_94539_2,TRIMETHOPRIM,diaminopyrimidine antibiotic,TRIMETHOPRIM,FULL,,,
SRR31646640,SRR31646640_106728_4,LINCOSAMIDE/STREPTOGRAMIN,lincosamide antibiotic; streptogramin antibiotic; pleuromutilin antibiotic,LINCOSAMIDE/STREPTOGRAMIN,PARTIAL,,PLEUROMUTILIN,
SRR31646640,SRR31646640_106728_5,LINCOSAMIDE,lincosamide antibiotic,LINCOSAMIDE,FULL,,,
SRR31646640,SRR31646640_110753_1,TRIMETHOPRIM,diaminopyrimidine antibiotic,TRIMETHOPRIM,FULL,,,
SRR31646640,SRR31646640_119494_2,TETRACYCLINE,tetracycline antibiotic,TETRACYCLINE,FULL,,,
SRR31646640,SRR31646640_141129_2,AMINOGLYCOSIDE,aminoglycoside antibiotic,AMINOGLYCOSIDE,FULL,,,
SRR31646640,SRR31646640_157386_1,BETA-LACTAM,penicillin beta-lactam,BETA-LACTAM,FULL,,,
SRR31646640,SRR31646640_167137_1,PHENICOL,phenicol antibiotic,PHENICOL,FULL,,,
SRR31646640,SRR31646640_177963_1,PHENICOL,phenicol antibiotic,PHENICOL,FULL,,,
SRR31646640,SRR31646640_183946_1,PHENICOL,phenicol antibiotic,PHENICOL,FULL,,,
SRR31646640,SRR31646640_184018_1,LINCOSAMIDE,lincosamide antibiotic,LINCOSAMIDE,FULL,,,
SRR31646640,SRR31646640_215648_1,LINCOSAMIDE/MACROLIDE/STREPTOGRAMIN,macrolide antibiotic; lincosamide antibiotic; streptogramin antibiotic; streptogramin A antibiotic; streptogramin B antibiotic,LINCOSAMIDE/MACROLIDE/STREPTOGRAMIN,FULL,,,
SRR31646640,SRR31646640_229311_1,AMINOGLYCOSIDE,aminoglycoside antibiotic,AMINOGLYCOSIDE,FULL,,,
SRR31646640,SRR31646640_229311_2,AMINOGLYCOSIDE,aminoglycoside antibiotic,AMINOGLYCOSIDE,FULL,,,
SRR31646640,SRR31646640_242225_1,AMINOGLYCOSIDE,aminoglycoside antibiotic,AMINOGLYCOSIDE,FULL,,,
SRR31646640,SRR31646640_265375_3,TETRACYCLINE,tetracycline antibiotic,TETRACYCLINE,FULL,,,
SRR31646640,SRR31646640_267647_1,TRIMETHOPRIM,diaminopyrimidine antibiotic,TRIMETHOPRIM,FULL,,,
SRR31646640,SRR31646640_333669_1,TETRACYCLINE,tetracycline antibiotic,TETRACYCLINE,FULL,,,
SRR31646640,SRR31646640_343345_1,STREPTOTHRICIN,nucleoside antibiotic,STREPTOTHRICIN,FULL,,,
SRR31646640,SRR31646640_429380_2,SULFONAMIDE,sulfonamide antibiotic,SULFONAMIDE,FULL,,,
SRR31646640,SRR31646640_432102_1,AMINOGLYCOSIDE,aminoglycoside antibiotic,AMINOGLYCOSIDE,FULL,,,
SRR31646640,SRR31646640_521461_1,LINCOSAMIDE,lincosamide antibiotic,LINCOSAMIDE,FULL,,,
SRR31646640,SRR31646640_723288_1,SULFONAMIDE,sulfonamide antibiotic,SULFONAMIDE,FULL,,,
SRR31646641,SRR31646641_15489_1,TETRACYCLINE,tetracycline antibiotic,TETRACYCLINE,FULL,,,
SRR31646641,SRR31646641_15556_1,AMINOGLYCOSIDE,aminoglycoside antibiotic,AMINOGLYCOSIDE,FULL,,,
SRR31646641,SRR31646641_18301_4,AMINOGLYCOSIDE,aminoglycoside antibiotic,AMINOGLYCOSIDE,FULL,,,
SRR31646641,SRR31646641_24013_5,TETRACYCLINE,tetracycline antibiotic,TETRACYCLINE,FULL,,,
SRR31646641,SRR31646641_27899_1,LINCOSAMIDE,lincosamide antibiotic,LINCOSAMIDE,FULL,,,
SRR31646641,SRR31646641_27899_2,LINCOSAMIDE/STREPTOGRAMIN,lincosamide antibiotic; streptogramin antibiotic; pleuromutilin antibiotic,LINCOSAMIDE/STREPTOGRAMIN,PARTIAL,,PLEUROMUTILIN,
SRR31646641,SRR31646641_30858_2,TRIMETHOPRIM,diaminopyrimidine antibiotic,TRIMETHOPRIM,FULL,,,
SRR31646641,SRR31646641_30868_1,TRIMETHOPRIM,diaminopyrimidine antibiotic,TRIMETHOPRIM,FULL,,,
SRR31646641,SRR31646641_31685_2,QUATERNARY AMMONIUM,disinfecting agents and antiseptics,QUATERNARY AMMONIUM,FULL,,,
SRR31646641,SRR31646641_38471_1,TRIMETHOPRIM,diaminopyrimidine antibiotic,TRIMETHOPRIM,FULL,,,
SRR31646641,SRR31646641_40984_2,AMINOGLYCOSIDE,aminoglycoside antibiotic,AMINOGLYCOSIDE,FULL,,,
SRR31646641,SRR31646641_42130_1,AMINOGLYCOSIDE,aminoglycoside antibiotic,AMINOGLYCOSIDE,FULL,,,
SRR31646641,SRR31646641_44894_2,MACROLIDE/STREPTOGRAMIN,macrolide antibiotic; streptogramin antibiotic,MACROLIDE/STREPTOGRAMIN,FULL,,,
SRR31646641,SRR31646641_45190_4,TETRACYCLINE,tetracycline antibiotic,TETRACYCLINE,FULL,,,
SRR31646641,SRR31646641_45238_1,AMINOGLYCOSIDE,aminoglycoside antibiotic,AMINOGLYCOSIDE,FULL,,,
SRR31646641,SRR31646641_47420_2,TETRACYCLINE,tetracycline antibiotic,TETRACYCLINE,FULL,,,
SRR31646641,SRR31646641_49259_3,TETRACYCLINE,tetracycline antibiotic,TETRACYCLINE,FULL,,,
SRR31646641,SRR31646641_70585_1,TETRACYCLINE,tetracycline antibiotic,TETRACYCLINE,FULL,,,
SRR31646641,SRR31646641_73798_4,AMINOGLYCOSIDE,aminoglycoside antibiotic,AMINOGLYCOSIDE,FULL,,,
SRR31646641,SRR31646641_74733_1,BETA-LACTAM,penicillin beta-lactam,BETA-LACTAM,FULL,,,
SRR31646641,SRR31646641_75923_2,SULFONAMIDE,sulfonamide antibiotic,SULFONAMIDE,FULL,,,
SRR31646641,SRR31646641_77633_1,QUATERNARY AMMONIUM,disinfecting agents and antiseptics,QUATERNARY AMMONIUM,FULL,,,
SRR31646641,SRR31646641_79982_1,AMINOGLYCOSIDE,aminoglycoside antibiotic,AMINOGLYCOSIDE,FULL,,,
SRR31646641,SRR31646641_102315_1,BETA-LACTAM,penicillin beta-lactam,BETA-LACTAM,FULL,,,
SRR31646641,SRR31646641_106238_3,PHENICOL,phenicol antibiotic,PHENICOL,FULL,,,
SRR31646641,SRR31646641_110197_1,AMINOGLYCOSIDE,aminoglycoside antibiotic,AMINOGLYCOSIDE,FULL,,,
SRR31646641,SRR31646641_120476_2,LINCOSAMIDE/OXAZOLIDINONE/PHENICOL/PLEUROMUTILIN/STREPTOGRAMIN,lincosamide antibiotic; streptogramin antibiotic; streptogramin A antibiotic; oxazolidinone antibiotic; phenicol antibiotic; pleuromutilin antibiotic,LINCOSAMIDE/OXAZOLIDINONE/PHENICOL/PLEUROMUTILIN/STREPTOGRAMIN,FULL,,,
SRR31646641,SRR31646641_123934_2,QUATERNARY AMMONIUM,disinfecting agents and antiseptics,QUATERNARY AMMONIUM,FULL,,,
SRR31646641,SRR31646641_124330_1,QUATERNARY AMMONIUM,disinfecting agents and antiseptics,QUATERNARY AMMONIUM,FULL,,,
SRR31646641,SRR31646641_124467_1,TETRACYCLINE,tetracycline antibiotic,TETRACYCLINE,FULL,,,
SRR31646641,SRR31646641_124947_2,QUATERNARY AMMONIUM,disinfecting agents and antiseptics,QUATERNARY AMMONIUM,FULL,,,
SRR31646641,SRR31646641_126428_1,PHENICOL,phenicol antibiotic,PHENICOL,FULL,,,
SRR31646641,SRR31646641_133366_1,LINCOSAMIDE,lincosamide antibiotic,LINCOSAMIDE,FULL,,,
SRR31646641,SRR31646641_153593_1,PHENICOL,phenicol antibiotic,PHENICOL,FULL,,,
SRR31646641,SRR31646641_171689_2,LINCOSAMIDE/MACROLIDE/STREPTOGRAMIN,macrolide antibiotic; lincosamide antibiotic; streptogramin antibiotic; streptogramin A antibiotic; streptogramin B antibiotic,LINCOSAMIDE/MACROLIDE/STREPTOGRAMIN,FULL,,,
SRR31646641,SRR31646641_194101_1,PHENICOL,phenicol antibiotic,PHENICOL,FULL,,,
SRR31646641,SRR31646641_213718_1,AMINOGLYCOSIDE,aminoglycoside antibiotic,AMINOGLYCOSIDE,FULL,,,
SRR31646641,SRR31646641_227294_1,TETRACYCLINE,tetracycline antibiotic,TETRACYCLINE,FULL,,,
SRR31646641,SRR31646641_260959_1,AMINOGLYCOSIDE,aminoglycoside antibiotic,AMINOGLYCOSIDE,FULL,,,
SRR31646641,SRR31646641_262866_1,QUATERNARY AMMONIUM,disinfecting agents and antiseptics,QUATERNARY AMMONIUM,FULL,,,
SRR31646641,SRR31646641_274404_1,STREPTOTHRICIN,nucleoside antibiotic,STREPTOTHRICIN,FULL,,,
SRR31646641,SRR31646641_302449_1,TRIMETHOPRIM,diaminopyrimidine antibiotic,TRIMETHOPRIM,FULL,,,
SRR31646641,SRR31646641_354172_1,LINCOSAMIDE,lincosamide antibiotic,LINCOSAMIDE,FULL,,,
SRR31646641,SRR31646641_445003_1,AMINOGLYCOSIDE,aminoglycoside antibiotic,AMINOGLYCOSIDE,FULL,,,
SRR31646641,SRR31646641_505654_1,SULFONAMIDE,sulfonamide antibiotic,SULFONAMIDE,FULL,,,
SRR31646642,SRR31646642_38_1,TETRACYCLINE,tetracycline antibiotic,TETRACYCLINE,FULL,,,
SRR31646642,SRR31646642_11616_1,LINCOSAMIDE,lincosamide antibiotic,LINCOSAMIDE,FULL,,,
SRR31646642,SRR31646642_20591_3,LINCOSAMIDE/OXAZOLIDINONE/PHENICOL/PLEUROMUTILIN/STREPTOGRAMIN,lincosamide antibiotic; streptogramin antibiotic; oxazolidinone antibiotic; glycopeptide antibiotic; phenicol antibiotic,LINCOSAMIDE/OXAZOLIDINONE/PHENICOL/STREPTOGRAMIN,PARTIAL,PLEUROMUTILIN,GLYCOPEPTIDE,
SRR31646642,SRR31646642_21487_1,LINCOSAMIDE/STREPTOGRAMIN,lincosamide antibiotic; streptogramin antibiotic; pleuromutilin antibiotic,LINCOSAMIDE/STREPTOGRAMIN,PARTIAL,,PLEUROMUTILIN,
SRR31646642,SRR31646642_21938_2,TETRACYCLINE,tetracycline antibiotic,TETRACYCLINE,FULL,,,
SRR31646642,SRR31646642_43259_1,STREPTOTHRICIN,nucleoside antibiotic,STREPTOTHRICIN,FULL,,,
SRR31646642,SRR31646642_46083_1,LINCOSAMIDE,lincosamide antibiotic,LINCOSAMIDE,FULL,,,
SRR31646642,SRR31646642_50029_1,TETRACYCLINE,tetracycline antibiotic,TETRACYCLINE,FULL,,,
SRR31646642,SRR31646642_55381_1,FOSFOMYCIN,phosphonic acid antibiotic,FOSFOMYCIN,FULL,,,
SRR31646642,SRR31646642_63553_1,MACROLIDE,macrolide antibiotic,MACROLIDE,FULL,,,
SRR31646642,SRR31646642_63553_2,MACROLIDE/STREPTOGRAMIN,macrolide antibiotic; streptogramin antibiotic,MACROLIDE/STREPTOGRAMIN,FULL,,,
SRR31646642,SRR31646642_69412_2,TRIMETHOPRIM,diaminopyrimidine antibiotic,TRIMETHOPRIM,FULL,,,
SRR31646642,SRR31646642_73857_2,STREPTOTHRICIN,nucleoside antibiotic,STREPTOTHRICIN,FULL,,,
SRR31646642,SRR31646642_73857_3,AMINOGLYCOSIDE,aminoglycoside antibiotic,AMINOGLYCOSIDE,FULL,,,
SRR31646642,SRR31646642_74323_3,PHENICOL,phenicol antibiotic,PHENICOL,FULL,,,
SRR31646642,SRR31646642_93042_2,LINCOSAMIDE/OXAZOLIDINONE/PHENICOL/PLEUROMUTILIN/STREPTOGRAMIN,lincosamide antibiotic; streptogramin antibiotic; streptogramin A antibiotic; oxazolidinone antibiotic; phenicol antibiotic; pleuromutilin antibiotic,LINCOSAMIDE/OXAZOLIDINONE/PHENICOL/PLEUROMUTILIN/STREPTOGRAMIN,FULL,,,
SRR31646642,SRR31646642_108912_2,QUATERNARY AMMONIUM,disinfecting agents and antiseptics,QUATERNARY AMMONIUM,FULL,,,
SRR31646642,SRR31646642_114657_1,LINCOSAMIDE/MACROLIDE/STREPTOGRAMIN,macrolide antibiotic; lincosamide antibiotic; streptogramin antibiotic; streptogramin A antibiotic; streptogramin B antibiotic,LINCOSAMIDE/MACROLIDE/STREPTOGRAMIN,FULL,,,
SRR31646642,SRR31646642_116315_2,PHENICOL,phenicol antibiotic,PHENICOL,FULL,,,
SRR31646642,SRR31646642_117400_2,AMINOGLYCOSIDE,aminoglycoside antibiotic,AMINOGLYCOSIDE,FULL,,,
SRR31646642,SRR31646642_136812_2,QUATERNARY AMMONIUM,disinfecting agents and antiseptics,QUATERNARY AMMONIUM,FULL,,,
SRR31646642,SRR31646642_152115_1,TRIMETHOPRIM,diaminopyrimidine antibiotic,TRIMETHOPRIM,FULL,,,
SRR31646642,SRR31646642_220108_2,PHENICOL,phenicol antibiotic,PHENICOL,FULL,,,
SRR31646642,SRR31646642_234807_7,TETRACYCLINE,tetracycline antibiotic,TETRACYCLINE,FULL,,,
SRR31646642,SRR31646642_244550_2,SULFONAMIDE,sulfonamide antibiotic,SULFONAMIDE,FULL,,,
SRR31646642,SRR31646642_258601_1,BETA-LACTAM,carbapenem; penicillin beta-lactam,BETA-LACTAM,FULL,,,
SRR31646642,SRR31646642_260491_1,LINCOSAMIDE,lincosamide antibiotic,LINCOSAMIDE,FULL,,,
SRR31646642,SRR31646642_300533_1,TETRACYCLINE,tetracycline antibiotic,TETRACYCLINE,FULL,,,
SRR31646642,SRR31646642_391254_1,AMINOGLYCOSIDE,aminoglycoside antibiotic,AMINOGLYCOSIDE,FULL,,,
SRR31646642,SRR31646642_391254_2,AMINOGLYCOSIDE,aminoglycoside antibiotic,AMINOGLYCOSIDE,FULL,,,
SRR31646642,SRR31646642_405363_3,TETRACYCLINE,tetracycline antibiotic,TETRACYCLINE,FULL,,,
SRR31646642,SRR31646642_450113_1,SULFONAMIDE,sulfonamide antibiotic,SULFONAMIDE,FULL,,,
SRR31646642,SRR31646642_510970_1,AMINOGLYCOSIDE,aminoglycoside antibiotic,AMINOGLYCOSIDE,FULL,,,
SRR31646642,SRR31646642_518201_3,TETRACYCLINE,tetracycline antibiotic,TETRACYCLINE,FULL,,,
SRR31646642,SRR31646642_531670_1,AMINOGLYCOSIDE,aminoglycoside antibiotic,AMINOGLYCOSIDE,FULL,,,
SRR31646642,SRR31646642_550982_1,LINCOSAMIDE/MACROLIDE/STREPTOGRAMIN,macrolide antibiotic; lincosamide antibiotic; streptogramin antibiotic; streptogramin A antibiotic; streptogramin B antibiotic,LINCOSAMIDE/MACROLIDE/STREPTOGRAMIN,FULL,,,
SRR31646643,SRR31646643_10371_1,LINCOSAMIDE,lincosamide antibiotic,LINCOSAMIDE,FULL,,,
SRR31646643,SRR31646643_10371_2,LINCOSAMIDE/STREPTOGRAMIN,lincosamide antibiotic; streptogramin antibiotic; pleuromutilin antibiotic,LINCOSAMIDE/STREPTOGRAMIN,PARTIAL,,PLEUROMUTILIN,
SRR31646643,SRR31646643_15506_3,LINCOSAMIDE/OXAZOLIDINONE/PHENICOL/PLEUROMUTILIN/STREPTOGRAMIN,lincosamide antibiotic; streptogramin antibiotic; oxazolidinone antibiotic; glycopeptide antibiotic; phenicol antibiotic,LINCOSAMIDE/OXAZOLIDINONE/PHENICOL/STREPTOGRAMIN,PARTIAL,PLEUROMUTILIN,GLYCOPEPTIDE,
SRR31646643,SRR31646643_18778_1,LINCOSAMIDE/MACROLIDE/STREPTOGRAMIN,macrolide antibiotic; lincosamide antibiotic; streptogramin antibiotic; streptogramin A antibiotic; streptogramin B antibiotic,LINCOSAMIDE/MACROLIDE/STREPTOGRAMIN,FULL,,,
SRR31646643,SRR31646643_24448_5,LINCOSAMIDE/OXAZOLIDINONE/PHENICOL/PLEUROMUTILIN/STREPTOGRAMIN,lincosamide antibiotic; streptogramin antibiotic; streptogramin A antibiotic; oxazolidinone antibiotic; phenicol antibiotic; pleuromutilin antibiotic,LINCOSAMIDE/OXAZOLIDINONE/PHENICOL/PLEUROMUTILIN/STREPTOGRAMIN,FULL,,,
SRR31646643,SRR31646643_27934_2,FOSFOMYCIN,phosphonic acid antibiotic,FOSFOMYCIN,FULL,,,
SRR31646643,SRR31646643_33804_2,TRIMETHOPRIM,diaminopyrimidine antibiotic,TRIMETHOPRIM,FULL,,,
SRR31646643,SRR31646643_34740_2,TETRACYCLINE,tetracycline antibiotic,TETRACYCLINE,FULL,,,
SRR31646643,SRR31646643_40691_1,MACROLIDE/STREPTOGRAMIN,macrolide antibiotic; streptogramin antibiotic,MACROLIDE/STREPTOGRAMIN,FULL,,,
SRR31646643,SRR31646643_40691_2,MACROLIDE,macrolide antibiotic,MACROLIDE,FULL,,,
SRR31646643,SRR31646643_41409_1,QUATERNARY AMMONIUM,disinfecting agents and antiseptics,QUATERNARY AMMONIUM,FULL,,,
SRR31646643,SRR31646643_44736_2,AMINOGLYCOSIDE,aminoglycoside antibiotic,AMINOGLYCOSIDE,FULL,,,
SRR31646643,SRR31646643_44736_3,STREPTOTHRICIN,nucleoside antibiotic,STREPTOTHRICIN,FULL,,,
SRR31646643,SRR31646643_50723_2,QUATERNARY AMMONIUM,disinfecting agents and antiseptics,QUATERNARY AMMONIUM,FULL,,,
SRR31646643,SRR31646643_50998_1,BETA-LACTAM,penicillin beta-lactam,BETA-LACTAM,FULL,,,
SRR31646643,SRR31646643_50998_2,LINCOSAMIDE/MACROLIDE/STREPTOGRAMIN,macrolide antibiotic; lincosamide antibiotic; streptogramin antibiotic; streptogramin A antibiotic; streptogramin B antibiotic,LINCOSAMIDE/MACROLIDE/STREPTOGRAMIN,FULL,,,
SRR31646643,SRR31646643_51868_1,MACROLIDE,macrolide antibiotic,MACROLIDE,FULL,,,
SRR31646643,SRR31646643_53963_2,QUATERNARY AMMONIUM,disinfecting agents and antiseptics,QUATERNARY AMMONIUM,FULL,,,
SRR31646643,SRR31646643_59341_4,AMINOGLYCOSIDE,aminoglycoside antibiotic,AMINOGLYCOSIDE,FULL,,,
SRR31646643,SRR31646643_59341_5,AMINOGLYCOSIDE,aminoglycoside antibiotic,AMINOGLYCOSIDE,FULL,,,
SRR31646643,SRR31646643_67445_3,TETRACYCLINE,tetracycline antibiotic,TETRACYCLINE,FULL,,,
SRR31646643,SRR31646643_88052_1,BETA-LACTAM,carbapenem; penicillin beta-lactam,BETA-LACTAM,FULL,,,
SRR31646643,SRR31646643_102038_1,TRIMETHOPRIM,diaminopyrimidine antibiotic,TRIMETHOPRIM,FULL,,,
SRR31646643,SRR31646643_120554_2,TRIMETHOPRIM,diaminopyrimidine antibiotic,TRIMETHOPRIM,FULL,,,
SRR31646643,SRR31646643_148838_2,SULFONAMIDE,sulfonamide antibiotic,SULFONAMIDE,FULL,,,
SRR31646643,SRR31646643_161956_1,LINCOSAMIDE,lincosamide antibiotic,LINCOSAMIDE,FULL,,,
SRR31646643,SRR31646643_170878_1,TETRACYCLINE,tetracycline antibiotic,TETRACYCLINE,FULL,,,
SRR31646643,SRR31646643_171787_1,QUATERNARY AMMONIUM,disinfecting agents and antiseptics,QUATERNARY AMMONIUM,FULL,,,
SRR31646643,SRR31646643_173821_1,AMINOGLYCOSIDE,aminoglycoside antibiotic,AMINOGLYCOSIDE,FULL,,,
SRR31646643,SRR31646643_176182_2,PHENICOL,phenicol antibiotic,PHENICOL,FULL,,,
SRR31646643,SRR31646643_184166_1,AMINOGLYCOSIDE,aminoglycoside antibiotic,AMINOGLYCOSIDE,FULL,,,
SRR31646643,SRR31646643_224471_3,TETRACYCLINE,tetracycline antibiotic,TETRACYCLINE,FULL,,,
SRR31646643,SRR31646643_225802_1,TETRACYCLINE,tetracycline antibiotic,TETRACYCLINE,FULL,,,
SRR31646643,SRR31646643_239725_1,AMINOGLYCOSIDE,aminoglycoside antibiotic,AMINOGLYCOSIDE,FULL,,,
SRR31646643,SRR31646643_313263_1,STREPTOTHRICIN,nucleoside antibiotic,STREPTOTHRICIN,FULL,,,
SRR31646643,SRR31646643_351059_1,QUATERNARY AMMONIUM,disinfecting agents and antiseptics,QUATERNARY AMMONIUM,FULL,,,
SRR31646643,SRR31646643_351059_2,SULFONAMIDE,sulfonamide antibiotic,SULFONAMIDE,FULL,,,
SRR31646643,SRR31646643_416768_3,TETRACYCLINE,tetracycline antibiotic,TETRACYCLINE,FULL,,,
SRR31646643,SRR31646643_534034_1,LINCOSAMIDE/MACROLIDE/STREPTOGRAMIN,macrolide antibiotic; lincosamide antibiotic; streptogramin antibiotic; streptogramin A antibiotic; streptogramin B antibiotic,LINCOSAMIDE/MACROLIDE/STREPTOGRAMIN,FULL,,,
SRR31646643,SRR31646643_548522_1,QUATERNARY AMMONIUM,disinfecting agents and antiseptics,QUATERNARY AMMONIUM,FULL,,,
SRR31646644,SRR31646644_25677_2,TETRACYCLINE,tetracycline antibiotic,TETRACYCLINE,FULL,,,
SRR31646644,SRR31646644_34548_2,TRIMETHOPRIM,diaminopyrimidine antibiotic,TRIMETHOPRIM,FULL,,,
SRR31646644,SRR31646644_38212_2,MACROLIDE,macrolide antibiotic,MACROLIDE,FULL,,,
SRR31646644,SRR31646644_52639_2,TETRACYCLINE,tetracycline antibiotic,TETRACYCLINE,FULL,,,
SRR31646644,SRR31646644_54060_1,TRIMETHOPRIM,diaminopyrimidine antibiotic,TRIMETHOPRIM,FULL,,,
SRR31646644,SRR31646644_58539_2,QUATERNARY AMMONIUM,disinfecting agents and antiseptics,QUATERNARY AMMONIUM,FULL,,,
SRR31646644,SRR31646644_89949_1,AMINOGLYCOSIDE,aminoglycoside antibiotic,AMINOGLYCOSIDE,FULL,,,
SRR31646644,SRR31646644_89949_2,AMINOGLYCOSIDE,aminoglycoside antibiotic,AMINOGLYCOSIDE,FULL,,,
SRR31646644,SRR31646644_107961_1,BETA-LACTAM,penicillin beta-lactam,BETA-LACTAM,FULL,,,
SRR31646644,SRR31646644_107961_2,TRIMETHOPRIM,diaminopyrimidine antibiotic,TRIMETHOPRIM,FULL,,,
SRR31646644,SRR31646644_117191_2,LINCOSAMIDE/MACROLIDE/STREPTOGRAMIN,macrolide antibiotic; lincosamide antibiotic; streptogramin antibiotic; streptogramin A antibiotic; streptogramin B antibiotic,LINCOSAMIDE/MACROLIDE/STREPTOGRAMIN,FULL,,,
SRR31646644,SRR31646644_122475_5,TETRACYCLINE,tetracycline antibiotic,TETRACYCLINE,FULL,,,
SRR31646644,SRR31646644_124464_2,MACROLIDE/STREPTOGRAMIN,macrolide antibiotic; streptogramin antibiotic,MACROLIDE/STREPTOGRAMIN,FULL,,,
SRR31646644,SRR31646644_134853_2,TETRACYCLINE,tetracycline antibiotic,TETRACYCLINE,FULL,,,
SRR31646644,SRR31646644_135763_2,AMINOGLYCOSIDE,aminoglycoside antibiotic,AMINOGLYCOSIDE,FULL,,,
SRR31646644,SRR31646644_137499_2,PHENICOL,phenicol antibiotic,PHENICOL,FULL,,,
SRR31646644,SRR31646644_138164_2,AMINOGLYCOSIDE,aminoglycoside antibiotic,AMINOGLYCOSIDE,FULL,,,
SRR31646644,SRR31646644_197992_1,TRIMETHOPRIM,diaminopyrimidine antibiotic,TRIMETHOPRIM,FULL,,,
SRR31646644,SRR31646644_227728_2,PHENICOL,phenicol antibiotic,PHENICOL,FULL,,,
SRR31646644,SRR31646644_232892_1,LINCOSAMIDE,lincosamide antibiotic,LINCOSAMIDE,FULL,,,
SRR31646644,SRR31646644_233051_1,BETA-LACTAM,monobactam; cephalosporin; penicillin beta-lactam,BETA-LACTAM,FULL,,,
SRR31646644,SRR31646644_249628_2,QUATERNARY AMMONIUM,disinfecting agents and antiseptics,QUATERNARY AMMONIUM,FULL,,,
SRR31646644,SRR31646644_266424_1,MACROLIDE,macrolide antibiotic,MACROLIDE,FULL,,,
SRR31646644,SRR31646644_272292_1,AMINOGLYCOSIDE,aminoglycoside antibiotic,AMINOGLYCOSIDE,FULL,,,
SRR31646644,SRR31646644_293920_1,TRIMETHOPRIM,diaminopyrimidine antibiotic,TRIMETHOPRIM,FULL,,,
SRR31646644,SRR31646644_308250_1,LINCOSAMIDE/MACROLIDE/STREPTOGRAMIN,macrolide antibiotic; lincosamide antibiotic; streptogramin antibiotic; streptogramin A antibiotic; streptogramin B antibiotic,LINCOSAMIDE/MACROLIDE/STREPTOGRAMIN,FULL,,,
SRR31646644,SRR31646644_315172_2,SULFONAMIDE,sulfonamide antibiotic,SULFONAMIDE,FULL,,,
SRR31646644,SRR31646644_335403_1,QUATERNARY AMMONIUM,disinfecting agents and antiseptics,QUATERNARY AMMONIUM,FULL,,,
SRR31646644,SRR31646644_553805_1,TRIMETHOPRIM,diaminopyrimidine antibiotic,TRIMETHOPRIM,FULL,,,
SRR31646644,SRR31646644_820118_1,AMINOGLYCOSIDE,aminoglycoside antibiotic,AMINOGLYCOSIDE,FULL,,,
SRR31646644,SRR31646644_821804_1,TRIMETHOPRIM,diaminopyrimidine antibiotic,TRIMETHOPRIM,FULL,,,
SRR31646644,SRR31646644_823099_1,SULFONAMIDE,sulfonamide antibiotic,SULFONAMIDE,FULL,,,
SRR31646645,SRR31646645_988_4,TETRACYCLINE,tetracycline antibiotic,TETRACYCLINE,FULL,,,
SRR31646645,SRR31646645_1096_1,AMINOGLYCOSIDE,aminoglycoside antibiotic,AMINOGLYCOSIDE,FULL,,,
SRR31646645,SRR31646645_1210_3,LINCOSAMIDE/OXAZOLIDINONE/PHENICOL/PLEUROMUTILIN/STREPTOGRAMIN,lincosamide antibiotic; streptogramin antibiotic; streptogramin A antibiotic; oxazolidinone antibiotic; phenicol antibiotic; pleuromutilin antibiotic,LINCOSAMIDE/OXAZOLIDINONE/PHENICOL/PLEUROMUTILIN/STREPTOGRAMIN,FULL,,,
SRR31646645,SRR31646645_4364_1,TRIMETHOPRIM,diaminopyrimidine antibiotic,TRIMETHOPRIM,FULL,,,
SRR31646645,SRR31646645_6345_3,MACROLIDE,macrolide antibiotic,MACROLIDE,FULL,,,
SRR31646645,SRR31646645_7092_2,AMINOGLYCOSIDE,aminoglycoside antibiotic,AMINOGLYCOSIDE,FULL,,,
SRR31646645,SRR31646645_11615_1,LINCOSAMIDE/OXAZOLIDINONE/PHENICOL/PLEUROMUTILIN/STREPTOGRAMIN,lincosamide antibiotic; streptogramin antibiotic; oxazolidinone antibiotic; glycopeptide antibiotic; phenicol antibiotic,LINCOSAMIDE/OXAZOLIDINONE/PHENICOL/STREPTOGRAMIN,PARTIAL,PLEUROMUTILIN,GLYCOPEPTIDE,
SRR31646645,SRR31646645_11863_1,STREPTOTHRICIN,nucleoside antibiotic,STREPTOTHRICIN,FULL,,,
SRR31646645,SRR31646645_19155_2,LINCOSAMIDE/STREPTOGRAMIN,lincosamide antibiotic; streptogramin antibiotic; pleuromutilin antibiotic,LINCOSAMIDE/STREPTOGRAMIN,PARTIAL,,PLEUROMUTILIN,
SRR31646645,SRR31646645_25127_2,AMINOGLYCOSIDE,aminoglycoside antibiotic,AMINOGLYCOSIDE,FULL,,,
SRR31646645,SRR31646645_25555_1,AMINOGLYCOSIDE,aminoglycoside antibiotic,AMINOGLYCOSIDE,FULL,,,
SRR31646645,SRR31646645_27259_2,STREPTOTHRICIN,nucleoside antibiotic,STREPTOTHRICIN,FULL,,,
SRR31646645,SRR31646645_30036_3,PHENICOL,phenicol antibiotic,PHENICOL,FULL,,,
SRR31646645,SRR31646645_35963_2,PHENICOL,phenicol antibiotic,PHENICOL,FULL,,,
SRR31646645,SRR31646645_42940_1,AMINOGLYCOSIDE,aminoglycoside antibiotic,AMINOGLYCOSIDE,FULL,,,
SRR31646645,SRR31646645_60007_1,BETA-LACTAM,penicillin beta-lactam,BETA-LACTAM,FULL,,,
SRR31646645,SRR31646645_61981_1,TETRACYCLINE,tetracycline antibiotic,TETRACYCLINE,FULL,,,
SRR31646645,SRR31646645_69121_1,AMINOGLYCOSIDE,aminoglycoside antibiotic,AMINOGLYCOSIDE,FULL,,,
SRR31646645,SRR31646645_73426_3,QUATERNARY AMMONIUM,disinfecting agents and antiseptics,QUATERNARY AMMONIUM,FULL,,,
SRR31646645,SRR31646645_75186_1,BETA-LACTAM,cephalosporin; penicillin beta-lactam,BETA-LACTAM,FULL,,,
SRR31646645,SRR31646645_76887_1,OXAZOLIDINONE/PHENICOL,tetracycline antibiotic; oxazolidinone antibiotic; phenicol antibiotic,OXAZOLIDINONE/PHENICOL,PARTIAL,,TETRACYCLINE,
SRR31646645,SRR31646645_80198_2,MACROLIDE,macrolide antibiotic,MACROLIDE,FULL,,,
SRR31646645,SRR31646645_80985_1,TETRACYCLINE,tetracycline antibiotic,TETRACYCLINE,FULL,,,
SRR31646645,SRR31646645_82910_1,TETRACYCLINE,tetracycline antibiotic,TETRACYCLINE,FULL,,,
SRR31646645,SRR31646645_89842_1,QUATERNARY AMMONIUM,disinfecting agents and antiseptics,QUATERNARY AMMONIUM,FULL,,,
SRR31646645,SRR31646645_102642_1,PHENICOL,phenicol antibiotic,PHENICOL,FULL,,,
SRR31646645,SRR31646645_105955_1,QUATERNARY AMMONIUM,disinfecting agents and antiseptics,QUATERNARY AMMONIUM,FULL,,,
SRR31646645,SRR31646645_114631_1,TETRACYCLINE,tetracycline antibiotic,TETRACYCLINE,FULL,,,
SRR31646645,SRR31646645_123430_1,QUATERNARY AMMONIUM,disinfecting agents and antiseptics,QUATERNARY AMMONIUM,FULL,,,
SRR31646645,SRR31646645_136507_1,TRIMETHOPRIM,diaminopyrimidine antibiotic,TRIMETHOPRIM,FULL,,,
SRR31646645,SRR31646645_140004_1,LINCOSAMIDE,lincosamide antibiotic,LINCOSAMIDE,FULL,,,
SRR31646645,SRR31646645_144715_1,LINCOSAMIDE,lincosamide antibiotic,LINCOSAMIDE,FULL,,,
SRR31646645,SRR31646645_144869_1,AMINOGLYCOSIDE,aminoglycoside antibiotic,AMINOGLYCOSIDE,FULL,,,
SRR31646645,SRR31646645_144869_2,AMINOGLYCOSIDE,aminoglycoside antibiotic,AMINOGLYCOSIDE,FULL,,,
SRR31646645,SRR31646645_154356_2,QUATERNARY AMMONIUM,disinfecting agents and antiseptics,QUATERNARY AMMONIUM,FULL,,,
SRR31646645,SRR31646645_199655_1,TETRACYCLINE,tetracycline antibiotic,TETRACYCLINE,FULL,,,
SRR31646645,SRR31646645_231627_1,TRIMETHOPRIM,diaminopyrimidine antibiotic,TRIMETHOPRIM,FULL,,,
SRR31646645,SRR31646645_242251_2,SULFONAMIDE,sulfonamide antibiotic,SULFONAMIDE,FULL,,,
SRR31646645,SRR31646645_255660_2,LINCOSAMIDE/MACROLIDE/STREPTOGRAMIN,macrolide antibiotic; lincosamide antibiotic; streptogramin antibiotic; streptogramin A antibiotic; streptogramin B antibiotic,LINCOSAMIDE/MACROLIDE/STREPTOGRAMIN,FULL,,,
SRR31646645,SRR31646645_268220_1,AMINOGLYCOSIDE,aminoglycoside antibiotic,AMINOGLYCOSIDE,FULL,,,
SRR31646645,SRR31646645_348192_1,BETA-LACTAM,carbapenem; penicillin beta-lactam,BETA-LACTAM,FULL,,,
SRR31646645,SRR31646645_381159_3,TETRACYCLINE,tetracycline antibiotic,TETRACYCLINE,FULL,,,
SRR31646645,SRR31646645_399669_1,AMINOGLYCOSIDE,aminoglycoside antibiotic,AMINOGLYCOSIDE,FULL,,,
SRR31646645,SRR31646645_399669_3,AMINOGLYCOSIDE,aminoglycoside antibiotic,AMINOGLYCOSIDE,FULL,,,
SRR31646645,SRR31646645_403003_1,AMINOGLYCOSIDE,aminoglycoside antibiotic,AMINOGLYCOSIDE,FULL,,,
SRR31646645,SRR31646645_431072_1,LINCOSAMIDE/MACROLIDE/STREPTOGRAMIN,macrolide antibiotic; lincosamide antibiotic; streptogramin antibiotic; streptogramin A antibiotic; streptogramin B antibiotic,LINCOSAMIDE/MACROLIDE/STREPTOGRAMIN,FULL,,,
SRR31646645,SRR31646645_540850_3,SULFONAMIDE,sulfonamide antibiotic,SULFONAMIDE,FULL,,,
SRR31646645,SRR31646645_569229_1,AMINOGLYCOSIDE,aminoglycoside antibiotic,AMINOGLYCOSIDE,FULL,,,
SRR31646645,SRR31646645_577191_1,LINCOSAMIDE,lincosamide antibiotic,LINCOSAMIDE,FULL,,,
SRR31646646,SRR31646646_1286_1,PHENICOL,phenicol antibiotic,PHENICOL,FULL,,,
SRR31646646,SRR31646646_21689_1,MACROLIDE/STREPTOGRAMIN,macrolide antibiotic; streptogramin antibiotic,MACROLIDE/STREPTOGRAMIN,FULL,,,
SRR31646646,SRR31646646_25907_1,LINCOSAMIDE/OXAZOLIDINONE/PHENICOL/PLEUROMUTILIN/STREPTOGRAMIN,lincosamide antibiotic; streptogramin antibiotic; oxazolidinone antibiotic; glycopeptide antibiotic; phenicol antibiotic,LINCOSAMIDE/OXAZOLIDINONE/PHENICOL/STREPTOGRAMIN,PARTIAL,PLEUROMUTILIN,GLYCOPEPTIDE,
SRR31646646,SRR31646646_31821_1,MACROLIDE,macrolide antibiotic,MACROLIDE,FULL,,,
SRR31646646,SRR31646646_33369_1,LINCOSAMIDE/OXAZOLIDINONE/PHENICOL/PLEUROMUTILIN/STREPTOGRAMIN,lincosamide antibiotic; streptogramin antibiotic; streptogramin A antibiotic; oxazolidinone antibiotic; phenicol antibiotic; pleuromutilin antibiotic,LINCOSAMIDE/OXAZOLIDINONE/PHENICOL/PLEUROMUTILIN/STREPTOGRAMIN,FULL,,,
SRR31646646,SRR31646646_35686_1,TETRACYCLINE,tetracycline antibiotic,TETRACYCLINE,FULL,,,
SRR31646646,SRR31646646_35829_1,AMINOGLYCOSIDE,aminoglycoside antibiotic,AMINOGLYCOSIDE,FULL,,,
SRR31646646,SRR31646646_40348_1,AMINOGLYCOSIDE,aminoglycoside antibiotic,AMINOGLYCOSIDE,FULL,,,
SRR31646646,SRR31646646_43798_2,LINCOSAMIDE/STREPTOGRAMIN,lincosamide antibiotic; streptogramin antibiotic; pleuromutilin antibiotic,LINCOSAMIDE/STREPTOGRAMIN,PARTIAL,,PLEUROMUTILIN,
SRR31646646,SRR31646646_43798_3,LINCOSAMIDE,lincosamide antibiotic,LINCOSAMIDE,FULL,,,
SRR31646646,SRR31646646_51975_1,SULFONAMIDE,sulfonamide antibiotic,SULFONAMIDE,FULL,,,
SRR31646646,SRR31646646_52788_1,AMINOGLYCOSIDE,aminoglycoside antibiotic,AMINOGLYCOSIDE,FULL,,,
SRR31646646,SRR31646646_70932_1,AMINOGLYCOSIDE,aminoglycoside antibiotic,AMINOGLYCOSIDE,FULL,,,
SRR31646646,SRR31646646_78005_1,TETRACYCLINE,tetracycline antibiotic,TETRACYCLINE,FULL,,,
SRR31646646,SRR31646646_79631_1,TRIMETHOPRIM,diaminopyrimidine antibiotic,TRIMETHOPRIM,FULL,,,
SRR31646646,SRR31646646_82218_2,BETA-LACTAM,penicillin beta-lactam,BETA-LACTAM,FULL,,,
SRR31646646,SRR31646646_104344_1,AMINOGLYCOSIDE,aminoglycoside antibiotic,AMINOGLYCOSIDE,FULL,,,
SRR31646646,SRR31646646_108108_1,AMINOGLYCOSIDE,aminoglycoside antibiotic,AMINOGLYCOSIDE,FULL,,,
SRR31646646,SRR31646646_113120_2,QUATERNARY AMMONIUM,disinfecting agents and antiseptics,QUATERNARY AMMONIUM,FULL,,,
SRR31646646,SRR31646646_126819_1,PHENICOL,phenicol antibiotic,PHENICOL,FULL,,,
SRR31646646,SRR31646646_130236_2,BETA-LACTAM,cephalosporin,BETA-LACTAM,FULL,,,
SRR31646646,SRR31646646_135238_2,QUATERNARY AMMONIUM,disinfecting agents and antiseptics,QUATERNARY AMMONIUM,FULL,,,
SRR31646646,SRR31646646_146988_1,LINCOSAMIDE,lincosamide antibiotic,LINCOSAMIDE,FULL,,,
SRR31646646,SRR31646646_147545_2,BETA-LACTAM,cephalosporin; penicillin beta-lactam,BETA-LACTAM,FULL,,,
SRR31646646,SRR31646646_147545_3,AMINOGLYCOSIDE,aminoglycoside antibiotic,AMINOGLYCOSIDE,FULL,,,
SRR31646646,SRR31646646_157527_3,TETRACYCLINE,tetracycline antibiotic,TETRACYCLINE,FULL,,,
SRR31646646,SRR31646646_159073_1,TETRACYCLINE,tetracycline antibiotic,TETRACYCLINE,FULL,,,
SRR31646646,SRR31646646_168697_1,LINCOSAMIDE/MACROLIDE/STREPTOGRAMIN,macrolide antibiotic; lincosamide antibiotic; streptogramin antibiotic; streptogramin A antibiotic; streptogramin B antibiotic,LINCOSAMIDE/MACROLIDE/STREPTOGRAMIN,FULL,,,
SRR31646646,SRR31646646_181177_3,AMINOGLYCOSIDE,aminoglycoside antibiotic,AMINOGLYCOSIDE,FULL,,,
SRR31646646,SRR31646646_198363_1,STREPTOTHRICIN,nucleoside antibiotic,STREPTOTHRICIN,FULL,,,
SRR31646646,SRR31646646_230426_1,AMINOGLYCOSIDE,aminoglycoside antibiotic,AMINOGLYCOSIDE,FULL,,,
SRR31646646,SRR31646646_280676_1,LINCOSAMIDE/MACROLIDE/STREPTOGRAMIN,macrolide antibiotic; lincosamide antibiotic; streptogramin antibiotic; streptogramin A antibiotic; streptogramin B antibiotic,LINCOSAMIDE/MACROLIDE/STREPTOGRAMIN,FULL,,,
SRR31646646,SRR31646646_327150_2,STREPTOTHRICIN,nucleoside antibiotic,STREPTOTHRICIN,FULL,,,
SRR31646646,SRR31646646_333624_3,TETRACYCLINE,tetracycline antibiotic,TETRACYCLINE,FULL,,,
SRR31646646,SRR31646646_359337_1,BETA-LACTAM,carbapenem; penicillin beta-lactam,BETA-LACTAM,FULL,,,
SRR31646646,SRR31646646_414673_1,SULFONAMIDE,sulfonamide antibiotic,SULFONAMIDE,FULL,,,
SRR31646646,SRR31646646_435355_1,TRIMETHOPRIM,diaminopyrimidine antibiotic,TRIMETHOPRIM,FULL,,,
SRR31646646,SRR31646646_438237_1,AMINOGLYCOSIDE,aminoglycoside antibiotic,AMINOGLYCOSIDE,FULL,,,
SRR31646647,SRR31646647_861_2,AMINOGLYCOSIDE,aminoglycoside antibiotic,AMINOGLYCOSIDE,FULL,,,
SRR31646647,SRR31646647_2994_4,PHENICOL,phenicol antibiotic,PHENICOL,FULL,,,
SRR31646647,SRR31646647_5683_2,TRIMETHOPRIM,diaminopyrimidine antibiotic,TRIMETHOPRIM,FULL,,,
SRR31646647,SRR31646647_21209_1,LINCOSAMIDE/MACROLIDE/STREPTOGRAMIN,macrolide antibiotic; lincosamide antibiotic; streptogramin antibiotic; streptogramin A antibiotic; streptogramin B antibiotic,LINCOSAMIDE/MACROLIDE/STREPTOGRAMIN,FULL,,,
SRR31646647,SRR31646647_21487_1,MACROLIDE,macrolide antibiotic,MACROLIDE,FULL,,,
SRR31646647,SRR31646647_30427_2,AMINOGLYCOSIDE,aminoglycoside antibiotic,AMINOGLYCOSIDE,FULL,,,
SRR31646647,SRR31646647_30931_1,TETRACYCLINE,tetracycline antibiotic,TETRACYCLINE,FULL,,,
SRR31646647,SRR31646647_30934_1,SULFONAMIDE,sulfonamide antibiotic,SULFONAMIDE,FULL,,,
SRR31646647,SRR31646647_30984_1,BETA-LACTAM,penicillin beta-lactam,BETA-LACTAM,FULL,,,
SRR31646647,SRR31646647_34579_1,TETRACYCLINE,tetracycline antibiotic,TETRACYCLINE,FULL,,,
SRR31646647,SRR31646647_41535_1,MACROLIDE,macrolide antibiotic,MACROLIDE,FULL,,,
SRR31646647,SRR31646647_41535_2,MACROLIDE/STREPTOGRAMIN,macrolide antibiotic; streptogramin antibiotic,MACROLIDE/STREPTOGRAMIN,FULL,,,
SRR31646647,SRR31646647_67217_4,TETRACYCLINE,tetracycline antibiotic,TETRACYCLINE,FULL,,,
SRR31646647,SRR31646647_67781_2,LINCOSAMIDE/STREPTOGRAMIN,lincosamide antibiotic; streptogramin antibiotic; pleuromutilin antibiotic,LINCOSAMIDE/STREPTOGRAMIN,PARTIAL,,PLEUROMUTILIN,
SRR31646647,SRR31646647_67781_3,LINCOSAMIDE,lincosamide antibiotic,LINCOSAMIDE,FULL,,,
SRR31646647,SRR31646647_81895_2,LINCOSAMIDE/MACROLIDE/STREPTOGRAMIN,macrolide antibiotic; lincosamide antibiotic; streptogramin antibiotic; streptogramin A antibiotic; streptogramin B antibiotic,LINCOSAMIDE/MACROLIDE/STREPTOGRAMIN,FULL,,,
SRR31646647,SRR31646647_86385_2,LINCOSAMIDE/OXAZOLIDINONE/PHENICOL/PLEUROMUTILIN/STREPTOGRAMIN,lincosamide antibiotic; streptogramin antibiotic; streptogramin A antibiotic; oxazolidinone antibiotic; phenicol antibiotic; pleuromutilin antibiotic,LINCOSAMIDE/OXAZOLIDINONE/PHENICOL/PLEUROMUTILIN/STREPTOGRAMIN,FULL,,,
SRR31646647,SRR31646647_137977_1,TRIMETHOPRIM,diaminopyrimidine antibiotic,TRIMETHOPRIM,FULL,,,
SRR31646647,SRR31646647_140170_2,PHENICOL,phenicol antibiotic,PHENICOL,FULL,,,
SRR31646647,SRR31646647_146861_2,QUATERNARY AMMONIUM,disinfecting agents and antiseptics,QUATERNARY AMMONIUM,FULL,,,
SRR31646647,SRR31646647_150967_1,TRIMETHOPRIM,diaminopyrimidine antibiotic,TRIMETHOPRIM,FULL,,,
SRR31646647,SRR31646647_205002_1,AMINOGLYCOSIDE,aminoglycoside antibiotic,AMINOGLYCOSIDE,FULL,,,
SRR31646647,SRR31646647_252216_2,TETRACYCLINE,tetracycline antibiotic,TETRACYCLINE,FULL,,,
SRR31646647,SRR31646647_255210_1,AMINOGLYCOSIDE,aminoglycoside antibiotic,AMINOGLYCOSIDE,FULL,,,
SRR31646647,SRR31646647_297103_1,TRIMETHOPRIM,diaminopyrimidine antibiotic,TRIMETHOPRIM,FULL,,,
SRR31646647,SRR31646647_298890_1,STREPTOTHRICIN,nucleoside antibiotic,STREPTOTHRICIN,FULL,,,
SRR31646647,SRR31646647_330343_1,LINCOSAMIDE,lincosamide antibiotic,LINCOSAMIDE,FULL,,,
SRR31646647,SRR31646647_354633_1,QUATERNARY AMMONIUM,disinfecting agents and antiseptics,QUATERNARY AMMONIUM,FULL,,,
SRR31646647,SRR31646647_362706_1,AMINOGLYCOSIDE,aminoglycoside antibiotic,AMINOGLYCOSIDE,FULL,,,
SRR31646647,SRR31646647_362706_2,AMINOGLYCOSIDE,aminoglycoside antibiotic,AMINOGLYCOSIDE,FULL,,,
SRR31646647,SRR31646647_378562_1,BETA-LACTAM,carbapenem; penicillin beta-lactam,BETA-LACTAM,FULL,,,
SRR31646647,SRR31646647_441732_1,QUATERNARY AMMONIUM,disinfecting agents and antiseptics,QUATERNARY AMMONIUM,FULL,,,
SRR31646647,SRR31646647_575540_1,QUATERNARY AMMONIUM,disinfecting agents and antiseptics,QUATERNARY AMMONIUM,FULL,,,
SRR31646647,SRR31646647_693180_2,TETRACYCLINE,tetracycline antibiotic,TETRACYCLINE,FULL,,,
SRR31646647,SRR31646647_855828_2,TRIMETHOPRIM,diaminopyrimidine antibiotic,TRIMETHOPRIM,FULL,,,
SRR31646647,SRR31646647_899426_1,SULFONAMIDE,sulfonamide antibiotic,SULFONAMIDE,FULL,,,
SRR31646647,SRR31646647_946447_1,QUATERNARY AMMONIUM,disinfecting agents and antiseptics,QUATERNARY AMMONIUM,FULL,,,
SRR31646648,SRR31646648_1389_3,TRIMETHOPRIM,diaminopyrimidine antibiotic,TRIMETHOPRIM,FULL,,,
SRR31646648,SRR31646648_23264_1,TETRACYCLINE,tetracycline antibiotic,TETRACYCLINE,FULL,,,
SRR31646648,SRR31646648_29707_1,LINCOSAMIDE,lincosamide antibiotic,LINCOSAMIDE,FULL,,,
SRR31646648,SRR31646648_33111_1,AMINOGLYCOSIDE,aminoglycoside antibiotic,AMINOGLYCOSIDE,FULL,,,
SRR31646648,SRR31646648_37803_1,MACROLIDE,macrolide antibiotic,MACROLIDE,FULL,,,
SRR31646648,SRR31646648_37803_2,MACROLIDE/STREPTOGRAMIN,macrolide antibiotic; streptogramin antibiotic,MACROLIDE/STREPTOGRAMIN,FULL,,,
SRR31646648,SRR31646648_40252_1,TRIMETHOPRIM,diaminopyrimidine antibiotic,TRIMETHOPRIM,FULL,,,
SRR31646648,SRR31646648_49437_1,BETA-LACTAM,cephalosporin; penicillin beta-lactam,BETA-LACTAM,FULL,,,
SRR31646648,SRR31646648_52179_1,AMINOGLYCOSIDE,aminoglycoside antibiotic,AMINOGLYCOSIDE,FULL,,,
SRR31646648,SRR31646648_62645_1,LINCOSAMIDE/MACROLIDE/STREPTOGRAMIN,macrolide antibiotic; lincosamide antibiotic; streptogramin antibiotic; streptogramin A antibiotic; streptogramin B antibiotic,LINCOSAMIDE/MACROLIDE/STREPTOGRAMIN,FULL,,,
SRR31646648,SRR31646648_69434_2,MACROLIDE/STREPTOGRAMIN,macrolide antibiotic; streptogramin antibiotic,MACROLIDE/STREPTOGRAMIN,FULL,,,
SRR31646648,SRR31646648_79987_3,PHENICOL,phenicol antibiotic,PHENICOL,FULL,,,
SRR31646648,SRR31646648_95677_1,QUATERNARY AMMONIUM,disinfecting agents and antiseptics,QUATERNARY AMMONIUM,FULL,,,
SRR31646648,SRR31646648_118247_1,SULFONAMIDE,sulfonamide antibiotic,SULFONAMIDE,FULL,,,
SRR31646648,SRR31646648_121551_1,TRIMETHOPRIM,diaminopyrimidine antibiotic,TRIMETHOPRIM,FULL,,,
SRR31646648,SRR31646648_161942_1,LINCOSAMIDE,lincosamide antibiotic,LINCOSAMIDE,FULL,,,
SRR31646648,SRR31646648_171660_2,QUATERNARY AMMONIUM,disinfecting agents and antiseptics,QUATERNARY AMMONIUM,FULL,,,
SRR31646648,SRR31646648_180834_1,BETA-LACTAM,carbapenem; penicillin beta-lactam,BETA-LACTAM,FULL,,,
SRR31646648,SRR31646648_206830_1,TETRACYCLINE,tetracycline antibiotic,TETRACYCLINE,FULL,,,
SRR31646648,SRR31646648_207012_1,LINCOSAMIDE/OXAZOLIDINONE/PHENICOL/PLEUROMUTILIN/STREPTOGRAMIN,lincosamide antibiotic; streptogramin antibiotic; streptogramin A antibiotic; oxazolidinone antibiotic; phenicol antibiotic; pleuromutilin antibiotic,LINCOSAMIDE/OXAZOLIDINONE/PHENICOL/PLEUROMUTILIN/STREPTOGRAMIN,FULL,,,
SRR31646648,SRR31646648_227259_1,PHENICOL,phenicol antibiotic,PHENICOL,FULL,,,
SRR31646648,SRR31646648_254625_1,TRIMETHOPRIM,diaminopyrimidine antibiotic,TRIMETHOPRIM,FULL,,,
SRR31646648,SRR31646648_276306_2,PHENICOL,phenicol antibiotic,PHENICOL,FULL,,,
SRR31646648,SRR31646648_313576_2,TETRACYCLINE,tetracycline antibiotic,TETRACYCLINE,FULL,,,
SRR31646648,SRR31646648_315215_1,AMINOGLYCOSIDE,aminoglycoside antibiotic,AMINOGLYCOSIDE,FULL,,,
SRR31646648,SRR31646648_327966_1,STREPTOTHRICIN,nucleoside antibiotic,STREPTOTHRICIN,FULL,,,
SRR31646648,SRR31646648_357629_1,TETRACYCLINE,tetracycline antibiotic,TETRACYCLINE,FULL,,,
SRR31646648,SRR31646648_379122_1,LINCOSAMIDE/MACROLIDE/STREPTOGRAMIN,macrolide antibiotic; lincosamide antibiotic; streptogramin antibiotic; streptogramin A antibiotic; streptogramin B antibiotic,LINCOSAMIDE/MACROLIDE/STREPTOGRAMIN,FULL,,,
SRR31646648,SRR31646648_398372_2,QUATERNARY AMMONIUM,disinfecting agents and antiseptics,QUATERNARY AMMONIUM,FULL,,,
SRR31646648,SRR31646648_400924_1,AMINOGLYCOSIDE,aminoglycoside antibiotic,AMINOGLYCOSIDE,FULL,,,
SRR31646648,SRR31646648_400924_2,AMINOGLYCOSIDE,aminoglycoside antibiotic,AMINOGLYCOSIDE,FULL,,,
SRR31646648,SRR31646648_459487_1,STREPTOTHRICIN,nucleoside antibiotic,STREPTOTHRICIN,FULL,,,
SRR31646648,SRR31646648_473013_1,AMINOGLYCOSIDE,aminoglycoside antibiotic,AMINOGLYCOSIDE,FULL,,,
SRR31646648,SRR31646648_658567_3,TETRACYCLINE,tetracycline antibiotic,TETRACYCLINE,FULL,,,
SRR31646648,SRR31646648_910962_1,SULFONAMIDE,sulfonamide antibiotic,SULFONAMIDE,FULL,,,
SRR31646648,SRR31646648_1087493_1,TRIMETHOPRIM,diaminopyrimidine antibiotic,TRIMETHOPRIM,FULL,,,
SRR31646648,SRR31646648_1296901_1,QUATERNARY AMMONIUM,disinfecting agents and antiseptics,QUATERNARY AMMONIUM,FULL,,,
SRR31646649,SRR31646649_7131_2,PHENICOL,phenicol antibiotic,PHENICOL,FULL,,,
SRR31646649,SRR31646649_20799_1,MACROLIDE,macrolide antibiotic,MACROLIDE,FULL,,,
SRR31646649,SRR31646649_46104_1,AMINOGLYCOSIDE,aminoglycoside antibiotic,AMINOGLYCOSIDE,FULL,,,
SRR31646649,SRR31646649_47828_2,QUATERNARY AMMONIUM,disinfecting agents and antiseptics,QUATERNARY AMMONIUM,FULL,,,
SRR31646649,SRR31646649_68633_1,MACROLIDE,macrolide antibiotic,MACROLIDE,FULL,,,
SRR31646649,SRR31646649_76862_2,LINCOSAMIDE/OXAZOLIDINONE/PHENICOL/PLEUROMUTILIN/STREPTOGRAMIN,lincosamide antibiotic; streptogramin antibiotic; streptogramin A antibiotic; oxazolidinone antibiotic; phenicol antibiotic; pleuromutilin antibiotic,LINCOSAMIDE/OXAZOLIDINONE/PHENICOL/PLEUROMUTILIN/STREPTOGRAMIN,FULL,,,
SRR31646649,SRR31646649_127235_2,TRIMETHOPRIM,diaminopyrimidine antibiotic,TRIMETHOPRIM,FULL,,,
SRR31646649,SRR31646649_169000_2,LINCOSAMIDE,lincosamide antibiotic,LINCOSAMIDE,FULL,,,
SRR31646649,SRR31646649_181343_1,TETRACYCLINE,tetracycline antibiotic,TETRACYCLINE,FULL,,,
SRR31646649,SRR31646649_181343_3,AMINOGLYCOSIDE,aminoglycoside antibiotic,AMINOGLYCOSIDE,FULL,,,
SRR31646649,SRR31646649_181343_4,AMINOGLYCOSIDE,aminoglycoside antibiotic,AMINOGLYCOSIDE,FULL,,,
SRR31646649,SRR31646649_230153_1,TRIMETHOPRIM,diaminopyrimidine antibiotic,TRIMETHOPRIM,FULL,,,
SRR31646649,SRR31646649_242049_3,TRIMETHOPRIM,diaminopyrimidine antibiotic,TRIMETHOPRIM,FULL,,,
SRR31646649,SRR31646649_285529_2,PHENICOL,phenicol antibiotic,PHENICOL,FULL,,,
SRR31646649,SRR31646649_297621_1,BETA-LACTAM,penicillin beta-lactam,BETA-LACTAM,FULL,,,
SRR31646649,SRR31646649_302700_1,STREPTOTHRICIN,nucleoside antibiotic,STREPTOTHRICIN,FULL,,,
SRR31646649,SRR31646649_333706_1,TETRACYCLINE,tetracycline antibiotic,TETRACYCLINE,FULL,,,
SRR31646649,SRR31646649_394107_3,TETRACYCLINE,tetracycline antibiotic,TETRACYCLINE,FULL,,,
SRR31646649,SRR31646649_443310_1,PHENICOL,phenicol antibiotic,PHENICOL,FULL,,,
SRR31646649,SRR31646649_457474_1,AMINOGLYCOSIDE,aminoglycoside antibiotic,AMINOGLYCOSIDE,FULL,,,
SRR31646649,SRR31646649_465776_1,LINCOSAMIDE/MACROLIDE/STREPTOGRAMIN,macrolide antibiotic; lincosamide antibiotic; streptogramin antibiotic; streptogramin A antibiotic; streptogramin B antibiotic,LINCOSAMIDE/MACROLIDE/STREPTOGRAMIN,FULL,,,
SRR31646649,SRR31646649_468551_1,QUATERNARY AMMONIUM,disinfecting agents and antiseptics,QUATERNARY AMMONIUM,FULL,,,
SRR31646649,SRR31646649_473822_2,TETRACYCLINE,tetracycline antibiotic,TETRACYCLINE,FULL,,,
SRR31646649,SRR31646649_479752_1,LINCOSAMIDE,lincosamide antibiotic,LINCOSAMIDE,FULL,,,
SRR31646649,SRR31646649_498911_2,SULFONAMIDE,sulfonamide antibiotic,SULFONAMIDE,FULL,,,
SRR31646649,SRR31646649_573926_1,AMINOGLYCOSIDE,aminoglycoside antibiotic,AMINOGLYCOSIDE,FULL,,,
SRR31646649,SRR31646649_603553_3,SULFONAMIDE,sulfonamide antibiotic,SULFONAMIDE,FULL,,,
SRR31646649,SRR31646649_636390_1,MACROLIDE/STREPTOGRAMIN,macrolide antibiotic; streptogramin antibiotic,MACROLIDE/STREPTOGRAMIN,FULL,,,
SRR31646650,SRR31646650_15061_1,TETRACYCLINE,tetracycline antibiotic,TETRACYCLINE,FULL,,,
SRR31646650,SRR31646650_15907_7,TETRACYCLINE,tetracycline antibiotic,TETRACYCLINE,FULL,,,
SRR31646650,SRR31646650_24444_1,TRIMETHOPRIM,diaminopyrimidine antibiotic,TRIMETHOPRIM,FULL,,,
SRR31646650,SRR31646650_30630_2,TETRACYCLINE,tetracycline antibiotic,TETRACYCLINE,FULL,,,
SRR31646650,SRR31646650_32152_1,AMINOGLYCOSIDE,aminoglycoside antibiotic,AMINOGLYCOSIDE,FULL,,,
SRR31646650,SRR31646650_39425_2,TETRACYCLINE,tetracycline antibiotic,TETRACYCLINE,FULL,,,
SRR31646650,SRR31646650_42145_1,LINCOSAMIDE/OXAZOLIDINONE/PHENICOL/PLEUROMUTILIN/STREPTOGRAMIN,lincosamide antibiotic; streptogramin antibiotic; oxazolidinone antibiotic; glycopeptide antibiotic; phenicol antibiotic,LINCOSAMIDE/OXAZOLIDINONE/PHENICOL/STREPTOGRAMIN,PARTIAL,PLEUROMUTILIN,GLYCOPEPTIDE,
SRR31646650,SRR31646650_45019_2,TRIMETHOPRIM,diaminopyrimidine antibiotic,TRIMETHOPRIM,FULL,,,
SRR31646650,SRR31646650_52227_2,LINCOSAMIDE/STREPTOGRAMIN,lincosamide antibiotic; streptogramin antibiotic; pleuromutilin antibiotic,LINCOSAMIDE/STREPTOGRAMIN,PARTIAL,,PLEUROMUTILIN,
SRR31646650,SRR31646650_52227_3,LINCOSAMIDE,lincosamide antibiotic,LINCOSAMIDE,FULL,,,
SRR31646650,SRR31646650_53727_2,SULFONAMIDE,sulfonamide antibiotic,SULFONAMIDE,FULL,,,
SRR31646650,SRR31646650_58913_2,PHENICOL,phenicol antibiotic,PHENICOL,FULL,,,
SRR31646650,SRR31646650_86201_3,AMINOGLYCOSIDE,aminoglycoside antibiotic,AMINOGLYCOSIDE,FULL,,,
SRR31646650,SRR31646650_86201_4,STREPTOTHRICIN,nucleoside antibiotic,STREPTOTHRICIN,FULL,,,
SRR31646650,SRR31646650_88439_3,TETRACYCLINE,tetracycline antibiotic,TETRACYCLINE,FULL,,,
SRR31646650,SRR31646650_88872_2,QUATERNARY AMMONIUM,disinfecting agents and antiseptics,QUATERNARY AMMONIUM,FULL,,,
SRR31646650,SRR31646650_96638_3,TETRACYCLINE,tetracycline antibiotic,TETRACYCLINE,FULL,,,
SRR31646650,SRR31646650_98830_1,STREPTOTHRICIN,nucleoside antibiotic,STREPTOTHRICIN,FULL,,,
SRR31646650,SRR31646650_103099_1,BETA-LACTAM,penicillin beta-lactam,BETA-LACTAM,FULL,,,
SRR31646650,SRR31646650_105744_1,TETRACYCLINE,tetracycline antibiotic,TETRACYCLINE,FULL,,,
SRR31646650,SRR31646650_106839_1,LINCOSAMIDE,lincosamide antibiotic,LINCOSAMIDE,FULL,,,
SRR31646650,SRR31646650_134098_1,LINCOSAMIDE/MACROLIDE/STREPTOGRAMIN,macrolide antibiotic; lincosamide antibiotic; streptogramin antibiotic; streptogramin A antibiotic; streptogramin B antibiotic,LINCOSAMIDE/MACROLIDE/STREPTOGRAMIN,FULL,,,
SRR31646650,SRR31646650_173215_2,FOSFOMYCIN,phosphonic acid antibiotic,FOSFOMYCIN,FULL,,,
SRR31646650,SRR31646650_197018_1,AMINOGLYCOSIDE,aminoglycoside antibiotic,AMINOGLYCOSIDE,FULL,,,
SRR31646650,SRR31646650_199904_1,QUATERNARY AMMONIUM,disinfecting agents and antiseptics,QUATERNARY AMMONIUM,FULL,,,
SRR31646650,SRR31646650_203520_1,PHENICOL,phenicol antibiotic,PHENICOL,FULL,,,
SRR31646650,SRR31646650_218665_1,AMINOGLYCOSIDE,aminoglycoside antibiotic,AMINOGLYCOSIDE,FULL,,,
SRR31646650,SRR31646650_229201_1,AMINOGLYCOSIDE,aminoglycoside antibiotic,AMINOGLYCOSIDE,FULL,,,
SRR31646650,SRR31646650_233550_1,LINCOSAMIDE/MACROLIDE/STREPTOGRAMIN,macrolide antibiotic; lincosamide antibiotic; streptogramin antibiotic; streptogramin A antibiotic; streptogramin B antibiotic,LINCOSAMIDE/MACROLIDE/STREPTOGRAMIN,FULL,,,
SRR31646650,SRR31646650_252087_1,PHENICOL,phenicol antibiotic,PHENICOL,FULL,,,
SRR31646650,SRR31646650_281874_2,LINCOSAMIDE/OXAZOLIDINONE/PHENICOL/PLEUROMUTILIN/STREPTOGRAMIN,lincosamide antibiotic; streptogramin antibiotic; streptogramin A antibiotic; oxazolidinone antibiotic; phenicol antibiotic; pleuromutilin antibiotic,LINCOSAMIDE/OXAZOLIDINONE/PHENICOL/PLEUROMUTILIN/STREPTOGRAMIN,FULL,,,
SRR31646650,SRR31646650_356955_1,AMINOGLYCOSIDE,aminoglycoside antibiotic,AMINOGLYCOSIDE,FULL,,,
SRR31646650,SRR31646650_356955_2,AMINOGLYCOSIDE,aminoglycoside antibiotic,AMINOGLYCOSIDE,FULL,,,
SRR31646650,SRR31646650_362213_1,QUATERNARY AMMONIUM,disinfecting agents and antiseptics,QUATERNARY AMMONIUM,FULL,,,
SRR31646650,SRR31646650_463643_1,SULFONAMIDE,sulfonamide antibiotic,SULFONAMIDE,FULL,,,
SRR31646650,SRR31646650_503562_1,AMINOGLYCOSIDE,aminoglycoside antibiotic,AMINOGLYCOSIDE,FULL,,,
SRR31646650,SRR31646650_555905_1,LINCOSAMIDE,lincosamide antibiotic,LINCOSAMIDE,FULL,,,
SRR31646651,SRR31646651_3822_1,TRIMETHOPRIM,diaminopyrimidine antibiotic,TRIMETHOPRIM,FULL,,,
SRR31646651,SRR31646651_4699_1,TETRACYCLINE,tetracycline antibiotic,TETRACYCLINE,FULL,,,
SRR31646651,SRR31646651_5449_1,SULFONAMIDE,sulfonamide antibiotic,SULFONAMIDE,FULL,,,
SRR31646651,SRR31646651_10654_2,LINCOSAMIDE/STREPTOGRAMIN,lincosamide antibiotic; streptogramin antibiotic; pleuromutilin antibiotic,LINCOSAMIDE/STREPTOGRAMIN,PARTIAL,,PLEUROMUTILIN,
SRR31646651,SRR31646651_10654_3,LINCOSAMIDE,lincosamide antibiotic,LINCOSAMIDE,FULL,,,
SRR31646651,SRR31646651_14649_2,TRIMETHOPRIM,diaminopyrimidine antibiotic,TRIMETHOPRIM,FULL,,,
SRR31646651,SRR31646651_16470_1,AMINOGLYCOSIDE,aminoglycoside antibiotic,AMINOGLYCOSIDE,FULL,,,
SRR31646651,SRR31646651_16470_3,AMINOGLYCOSIDE,aminoglycoside antibiotic,AMINOGLYCOSIDE,FULL,,,
SRR31646651,SRR31646651_23107_1,LINCOSAMIDE/OXAZOLIDINONE/PHENICOL/PLEUROMUTILIN/STREPTOGRAMIN,lincosamide antibiotic; streptogramin antibiotic; oxazolidinone antibiotic; glycopeptide antibiotic; phenicol antibiotic,LINCOSAMIDE/OXAZOLIDINONE/PHENICOL/STREPTOGRAMIN,PARTIAL,PLEUROMUTILIN,GLYCOPEPTIDE,
SRR31646651,SRR31646651_26028_1,MACROLIDE/STREPTOGRAMIN,macrolide antibiotic; streptogramin antibiotic,MACROLIDE/STREPTOGRAMIN,FULL,,,
SRR31646651,SRR31646651_29041_1,AMINOGLYCOSIDE,aminoglycoside antibiotic,AMINOGLYCOSIDE,FULL,,,
SRR31646651,SRR31646651_31443_3,TRIMETHOPRIM,diaminopyrimidine antibiotic,TRIMETHOPRIM,FULL,,,
SRR31646651,SRR31646651_31779_2,MACROLIDE,macrolide antibiotic,MACROLIDE,FULL,,,
SRR31646651,SRR31646651_33999_1,BETA-LACTAM,cephalosporin; penicillin beta-lactam,BETA-LACTAM,FULL,,,
SRR31646651,SRR31646651_36447_5,TETRACYCLINE,tetracycline antibiotic,TETRACYCLINE,FULL,,,
SRR31646651,SRR31646651_47441_1,AMINOGLYCOSIDE,aminoglycoside antibiotic,AMINOGLYCOSIDE,FULL,,,
SRR31646651,SRR31646651_47441_2,AMINOGLYCOSIDE,aminoglycoside antibiotic,AMINOGLYCOSIDE,FULL,,,
SRR31646651,SRR31646651_52437_1,BETA-LACTAM,penicillin beta-lactam,BETA-LACTAM,FULL,,,
SRR31646651,SRR31646651_55241_1,MACROLIDE,macrolide antibiotic,MACROLIDE,FULL,,,
SRR31646651,SRR31646651_63012_1,TRIMETHOPRIM,diaminopyrimidine antibiotic,TRIMETHOPRIM,FULL,,,
SRR31646651,SRR31646651_66337_2,LINCOSAMIDE,lincosamide antibiotic,LINCOSAMIDE,FULL,,,
SRR31646651,SRR31646651_73372_1,BETA-LACTAM,penicillin beta-lactam,BETA-LACTAM,FULL,,,
SRR31646651,SRR31646651_87889_2,QUATERNARY AMMONIUM,disinfecting agents and antiseptics,QUATERNARY AMMONIUM,FULL,,,
SRR31646651,SRR31646651_91031_1,AMINOGLYCOSIDE,aminoglycoside antibiotic,AMINOGLYCOSIDE,FULL,,,
SRR31646651,SRR31646651_91339_3,TETRACYCLINE,tetracycline antibiotic,TETRACYCLINE,FULL,,,
SRR31646651,SRR31646651_95293_1,AMINOGLYCOSIDE,aminoglycoside antibiotic,AMINOGLYCOSIDE,FULL,,,
SRR31646651,SRR31646651_105201_1,PHENICOL,phenicol antibiotic,PHENICOL,FULL,,,
SRR31646651,SRR31646651_107433_1,AMINOGLYCOSIDE,aminoglycoside antibiotic,AMINOGLYCOSIDE,FULL,,,
SRR31646651,SRR31646651_109614_1,PHENICOL,phenicol antibiotic,PHENICOL,FULL,,,
SRR31646651,SRR31646651_111355_1,AMINOGLYCOSIDE,aminoglycoside antibiotic,AMINOGLYCOSIDE,FULL,,,
SRR31646651,SRR31646651_116968_1,LINCOSAMIDE/MACROLIDE/STREPTOGRAMIN,macrolide antibiotic; lincosamide antibiotic; streptogramin antibiotic; streptogramin A antibiotic; streptogramin B antibiotic,LINCOSAMIDE/MACROLIDE/STREPTOGRAMIN,FULL,,,
SRR31646651,SRR31646651_120119_1,AMINOGLYCOSIDE,aminoglycoside antibiotic,AMINOGLYCOSIDE,FULL,,,
SRR31646651,SRR31646651_153086_1,LINCOSAMIDE/MACROLIDE/STREPTOGRAMIN,macrolide antibiotic; lincosamide antibiotic; streptogramin antibiotic; streptogramin A antibiotic; streptogramin B antibiotic,LINCOSAMIDE/MACROLIDE/STREPTOGRAMIN,FULL,,,
SRR31646651,SRR31646651_157013_1,PHENICOL,phenicol antibiotic,PHENICOL,FULL,,,
SRR31646651,SRR31646651_162690_1,BETA-LACTAM,carbapenem; penicillin beta-lactam,BETA-LACTAM,FULL,,,
SRR31646651,SRR31646651_170421_1,AMINOGLYCOSIDE,aminoglycoside antibiotic,AMINOGLYCOSIDE,FULL,,,
SRR31646651,SRR31646651_181576_2,PHENICOL,phenicol antibiotic,PHENICOL,FULL,,,
SRR31646651,SRR31646651_205525_1,MACROLIDE,macrolide antibiotic,MACROLIDE,FULL,,,
SRR31646651,SRR31646651_213778_1,TETRACYCLINE,tetracycline antibiotic,TETRACYCLINE,FULL,,,
SRR31646651,SRR31646651_215541_1,AMINOGLYCOSIDE,aminoglycoside antibiotic,AMINOGLYCOSIDE,FULL,,,
SRR31646651,SRR31646651_232696_2,PHENICOL,phenicol antibiotic,PHENICOL,FULL,,,
SRR31646651,SRR31646651_252081_2,PHENICOL,phenicol antibiotic,PHENICOL,FULL,,,
SRR31646651,SRR31646651_283318_1,AMINOGLYCOSIDE,aminoglycoside antibiotic,AMINOGLYCOSIDE,FULL,,,
SRR31646651,SRR31646651_325517_1,STREPTOTHRICIN,nucleoside antibiotic,STREPTOTHRICIN,FULL,,,
SRR31646651,SRR31646651_328269_2,STREPTOTHRICIN,nucleoside antibiotic,STREPTOTHRICIN,FULL,,,
SRR31646651,SRR31646651_505319_1,LINCOSAMIDE,lincosamide antibiotic,LINCOSAMIDE,FULL,,,
SRR31646651,SRR31646651_554586_1,TRIMETHOPRIM,diaminopyrimidine antibiotic,TRIMETHOPRIM,FULL,,,
SRR31646651,SRR31646651_568180_1,AMINOGLYCOSIDE,aminoglycoside antibiotic,AMINOGLYCOSIDE,FULL,,,
SRR31646651,SRR31646651_588754_1,AMINOGLYCOSIDE,aminoglycoside antibiotic,AMINOGLYCOSIDE,FULL,,,
SRR31646651,SRR31646651_636083_1,QUATERNARY AMMONIUM,disinfecting agents and antiseptics,QUATERNARY AMMONIUM,FULL,,,
SRR31646651,SRR31646651_685839_1,SULFONAMIDE,sulfonamide antibiotic,SULFONAMIDE,FULL,,,
SRR31646652,SRR31646652_4122_2,LINCOSAMIDE/OXAZOLIDINONE/PHENICOL/PLEUROMUTILIN/STREPTOGRAMIN,lincosamide antibiotic; streptogramin antibiotic; streptogramin A antibiotic; oxazolidinone antibiotic; phenicol antibiotic; pleuromutilin antibiotic,LINCOSAMIDE/OXAZOLIDINONE/PHENICOL/PLEUROMUTILIN/STREPTOGRAMIN,FULL,,,
SRR31646652,SRR31646652_6280_1,PHENICOL,phenicol antibiotic,PHENICOL,FULL,,,
SRR31646652,SRR31646652_19057_2,TETRACYCLINE,tetracycline antibiotic,TETRACYCLINE,FULL,,,
SRR31646652,SRR31646652_20519_1,TETRACYCLINE,tetracycline antibiotic,TETRACYCLINE,FULL,,,
SRR31646652,SRR31646652_23834_3,LINCOSAMIDE/OXAZOLIDINONE/PHENICOL/PLEUROMUTILIN/STREPTOGRAMIN,lincosamide antibiotic; streptogramin antibiotic; oxazolidinone antibiotic; glycopeptide antibiotic; phenicol antibiotic,LINCOSAMIDE/OXAZOLIDINONE/PHENICOL/STREPTOGRAMIN,PARTIAL,PLEUROMUTILIN,GLYCOPEPTIDE,
SRR31646652,SRR31646652_26354_1,LINCOSAMIDE,lincosamide antibiotic,LINCOSAMIDE,FULL,,,
SRR31646652,SRR31646652_27945_1,AMINOGLYCOSIDE,aminoglycoside antibiotic,AMINOGLYCOSIDE,FULL,,,
SRR31646652,SRR31646652_28636_1,LINCOSAMIDE/MACROLIDE,macrolide antibiotic; lincosamide antibiotic; streptogramin antibiotic,LINCOSAMIDE/MACROLIDE,PARTIAL,,STREPTOGRAMIN,
SRR31646652,SRR31646652_31832_3,TRIMETHOPRIM,diaminopyrimidine antibiotic,TRIMETHOPRIM,FULL,,,
SRR31646652,SRR31646652_34562_2,TRIMETHOPRIM,diaminopyrimidine antibiotic,TRIMETHOPRIM,FULL,,,
SRR31646652,SRR31646652_35758_5,LINCOSAMIDE/STREPTOGRAMIN,lincosamide antibiotic; streptogramin antibiotic; pleuromutilin antibiotic,LINCOSAMIDE/STREPTOGRAMIN,PARTIAL,,PLEUROMUTILIN,
SRR31646652,SRR31646652_35758_6,LINCOSAMIDE,lincosamide antibiotic,LINCOSAMIDE,FULL,,,
SRR31646652,SRR31646652_38350_1,MACROLIDE,macrolide antibiotic,MACROLIDE,FULL,,,
SRR31646652,SRR31646652_49149_1,PHENICOL,phenicol antibiotic,PHENICOL,FULL,,,
SRR31646652,SRR31646652_62623_1,PHENICOL,phenicol antibiotic,PHENICOL,FULL,,,
SRR31646652,SRR31646652_63490_3,AMINOGLYCOSIDE,aminoglycoside antibiotic,AMINOGLYCOSIDE,FULL,,,
SRR31646652,SRR31646652_64597_1,MACROLIDE,macrolide antibiotic,MACROLIDE,FULL,,,
SRR31646652,SRR31646652_64597_2,MACROLIDE/STREPTOGRAMIN,macrolide antibiotic; streptogramin antibiotic,MACROLIDE/STREPTOGRAMIN,FULL,,,
SRR31646652,SRR31646652_72129_1,AMINOGLYCOSIDE,aminoglycoside antibiotic,AMINOGLYCOSIDE,FULL,,,
SRR31646652,SRR31646652_72129_3,AMINOGLYCOSIDE,aminoglycoside antibiotic,AMINOGLYCOSIDE,FULL,,,
SRR31646652,SRR31646652_82946_1,AMINOGLYCOSIDE,aminoglycoside antibiotic,AMINOGLYCOSIDE,FULL,,,
SRR31646652,SRR31646652_83708_1,BETA-LACTAM,penicillin beta-lactam,BETA-LACTAM,FULL,,,
SRR31646652,SRR31646652_86110_1,TETRACYCLINE,tetracycline antibiotic,TETRACYCLINE,FULL,,,
SRR31646652,SRR31646652_98762_2,PHENICOL,phenicol antibiotic,PHENICOL,FULL,,,
SRR31646652,SRR31646652_110825_1,AMINOGLYCOSIDE,aminoglycoside antibiotic,AMINOGLYCOSIDE,FULL,,,
SRR31646652,SRR31646652_125109_1,AMINOGLYCOSIDE,aminoglycoside antibiotic,AMINOGLYCOSIDE,FULL,,,
SRR31646652,SRR31646652_125109_2,AMINOGLYCOSIDE,aminoglycoside antibiotic,AMINOGLYCOSIDE,FULL,,,
SRR31646652,SRR31646652_140577_1,AMINOGLYCOSIDE,aminoglycoside antibiotic,AMINOGLYCOSIDE,FULL,,,
SRR31646652,SRR31646652_147059_1,TRIMETHOPRIM,diaminopyrimidine antibiotic,TRIMETHOPRIM,FULL,,,
SRR31646652,SRR31646652_149600_2,AMINOGLYCOSIDE,aminoglycoside antibiotic,AMINOGLYCOSIDE,FULL,,,
SRR31646652,SRR31646652_156664_1,BETA-LACTAM,cephalosporin; penicillin beta-lactam,BETA-LACTAM,FULL,,,
SRR31646652,SRR31646652_169844_2,QUATERNARY AMMONIUM,disinfecting agents and antiseptics,QUATERNARY AMMONIUM,FULL,,,
SRR31646652,SRR31646652_177113_1,MACROLIDE/STREPTOGRAMIN,macrolide antibiotic; streptogramin antibiotic,MACROLIDE/STREPTOGRAMIN,FULL,,,
SRR31646652,SRR31646652_177113_2,MACROLIDE,macrolide antibiotic,MACROLIDE,FULL,,,
SRR31646652,SRR31646652_184469_1,BETA-LACTAM,carbapenem; penicillin beta-lactam,BETA-LACTAM,FULL,,,
SRR31646652,SRR31646652_195694_2,STREPTOTHRICIN,nucleoside antibiotic,STREPTOTHRICIN,FULL,,,
SRR31646652,SRR31646652_196033_1,STREPTOTHRICIN,nucleoside antibiotic,STREPTOTHRICIN,FULL,,,
SRR31646652,SRR31646652_197402_1,SULFONAMIDE,sulfonamide antibiotic,SULFONAMIDE,FULL,,,
SRR31646652,SRR31646652_212647_1,TETRACYCLINE,tetracycline antibiotic,TETRACYCLINE,FULL,,,
SRR31646652,SRR31646652_217543_1,LINCOSAMIDE/MACROLIDE/STREPTOGRAMIN,macrolide antibiotic; lincosamide antibiotic; streptogramin antibiotic; streptogramin A antibiotic; streptogramin B antibiotic,LINCOSAMIDE/MACROLIDE/STREPTOGRAMIN,FULL,,,
SRR31646652,SRR31646652_237318_1,AMINOGLYCOSIDE,aminoglycoside antibiotic,AMINOGLYCOSIDE,FULL,,,
SRR31646652,SRR31646652_247870_1,QUATERNARY AMMONIUM,disinfecting agents and antiseptics,QUATERNARY AMMONIUM,FULL,,,
SRR31646652,SRR31646652_265310_1,LINCOSAMIDE,lincosamide antibiotic,LINCOSAMIDE,FULL,,,
SRR31646652,SRR31646652_271547_1,BETA-LACTAM,cephalosporin; penicillin beta-lactam,BETA-LACTAM,FULL,,,
SRR31646652,SRR31646652_271547_2,AMINOGLYCOSIDE,aminoglycoside antibiotic,AMINOGLYCOSIDE,FULL,,,
SRR31646652,SRR31646652_286443_1,LINCOSAMIDE/MACROLIDE/STREPTOGRAMIN,macrolide antibiotic; lincosamide antibiotic; streptogramin antibiotic; streptogramin A antibiotic; streptogramin B antibiotic,LINCOSAMIDE/MACROLIDE/STREPTOGRAMIN,FULL,,,
SRR31646652,SRR31646652_288483_1,PHENICOL,phenicol antibiotic,PHENICOL,FULL,,,
SRR31646652,SRR31646652_303146_1,PHENICOL,phenicol antibiotic,PHENICOL,FULL,,,
SRR31646652,SRR31646652_315140_2,TRIMETHOPRIM,diaminopyrimidine antibiotic,TRIMETHOPRIM,FULL,,,
SRR31646652,SRR31646652_365114_1,AMINOGLYCOSIDE,aminoglycoside antibiotic,AMINOGLYCOSIDE,FULL,,,
SRR31646652,SRR31646652_408340_1,BETA-LACTAM,penicillin beta-lactam,BETA-LACTAM,FULL,,,
SRR31646652,SRR31646652_415621_1,SULFONAMIDE,sulfonamide antibiotic,SULFONAMIDE,FULL,,,
SRR31646652,SRR31646652_498717_3,TETRACYCLINE,tetracycline antibiotic,TETRACYCLINE,FULL,,,
SRR31646652,SRR31646652_523375_1,AMINOGLYCOSIDE,aminoglycoside antibiotic,AMINOGLYCOSIDE,FULL,,,
SRR31646652,SRR31646652_548149_1,QUATERNARY AMMONIUM,disinfecting agents and antiseptics,QUATERNARY AMMONIUM,FULL,,,
SRR31646652,SRR31646652_930581_2,QUATERNARY AMMONIUM,disinfecting agents and antiseptics,QUATERNARY AMMONIUM,FULL,,,
SRR31646652,SRR31646652_1006232_1,AMINOGLYCOSIDE,aminoglycoside antibiotic,AMINOGLYCOSIDE,FULL,,,
SRR31646653,SRR31646653_3232_2,TRIMETHOPRIM,diaminopyrimidine antibiotic,TRIMETHOPRIM,FULL,,,
SRR31646653,SRR31646653_4183_2,TETRACYCLINE,tetracycline antibiotic,TETRACYCLINE,FULL,,,
SRR31646653,SRR31646653_4827_1,BETA-LACTAM,penicillin beta-lactam,BETA-LACTAM,FULL,,,
SRR31646653,SRR31646653_5105_2,LINCOSAMIDE/OXAZOLIDINONE/PHENICOL/PLEUROMUTILIN/STREPTOGRAMIN,lincosamide antibiotic; streptogramin antibiotic; streptogramin A antibiotic; oxazolidinone antibiotic; phenicol antibiotic; pleuromutilin antibiotic,LINCOSAMIDE/OXAZOLIDINONE/PHENICOL/PLEUROMUTILIN/STREPTOGRAMIN,FULL,,,
SRR31646653,SRR31646653_9641_1,AMINOGLYCOSIDE,aminoglycoside antibiotic,AMINOGLYCOSIDE,FULL,,,
SRR31646653,SRR31646653_9676_1,MACROLIDE/STREPTOGRAMIN,macrolide antibiotic; streptogramin antibiotic,MACROLIDE/STREPTOGRAMIN,FULL,,,
SRR31646653,SRR31646653_9676_2,MACROLIDE,macrolide antibiotic,MACROLIDE,FULL,,,
SRR31646653,SRR31646653_12820_1,TETRACYCLINE,tetracycline antibiotic,TETRACYCLINE,FULL,,,
SRR31646653,SRR31646653_24389_3,TETRACYCLINE,tetracycline antibiotic,TETRACYCLINE,FULL,,,
SRR31646653,SRR31646653_31603_3,LINCOSAMIDE/OXAZOLIDINONE/PHENICOL/PLEUROMUTILIN/STREPTOGRAMIN,lincosamide antibiotic; streptogramin antibiotic; oxazolidinone antibiotic; glycopeptide antibiotic; phenicol antibiotic,LINCOSAMIDE/OXAZOLIDINONE/PHENICOL/STREPTOGRAMIN,PARTIAL,PLEUROMUTILIN,GLYCOPEPTIDE,
SRR31646653,SRR31646653_33739_1,LINCOSAMIDE,lincosamide antibiotic,LINCOSAMIDE,FULL,,,
SRR31646653,SRR31646653_34450_1,TRIMETHOPRIM,diaminopyrimidine antibiotic,TRIMETHOPRIM,FULL,,,
SRR31646653,SRR31646653_36088_1,MACROLIDE,macrolide antibiotic,MACROLIDE,FULL,,,
SRR31646653,SRR31646653_36088_2,MACROLIDE/STREPTOGRAMIN,macrolide antibiotic; streptogramin antibiotic,MACROLIDE/STREPTOGRAMIN,FULL,,,
SRR31646653,SRR31646653_47008_1,BETA-LACTAM,cephalosporin; penicillin beta-lactam,BETA-LACTAM,FULL,,,
SRR31646653,SRR31646653_54217_1,LINCOSAMIDE/MACROLIDE/STREPTOGRAMIN,macrolide antibiotic; lincosamide antibiotic; streptogramin antibiotic; streptogramin A antibiotic; streptogramin B antibiotic,LINCOSAMIDE/MACROLIDE/STREPTOGRAMIN,FULL,,,
SRR31646653,SRR31646653_54887_1,MACROLIDE,macrolide antibiotic,MACROLIDE,FULL,,,
SRR31646653,SRR31646653_68072_2,PHENICOL,phenicol antibiotic,PHENICOL,FULL,,,
SRR31646653,SRR31646653_70040_1,QUATERNARY AMMONIUM,disinfecting agents and antiseptics,QUATERNARY AMMONIUM,FULL,,,
SRR31646653,SRR31646653_70914_1,AMINOGLYCOSIDE,aminoglycoside antibiotic,AMINOGLYCOSIDE,FULL,,,
SRR31646653,SRR31646653_80250_1,OXAZOLIDINONE/PHENICOL,tetracycline antibiotic; oxazolidinone antibiotic; phenicol antibiotic,OXAZOLIDINONE/PHENICOL,PARTIAL,,TETRACYCLINE,
SRR31646653,SRR31646653_91776_1,AMINOGLYCOSIDE,aminoglycoside antibiotic,AMINOGLYCOSIDE,FULL,,,
SRR31646653,SRR31646653_99434_1,AMINOGLYCOSIDE,aminoglycoside antibiotic,AMINOGLYCOSIDE,FULL,,,
SRR31646653,SRR31646653_105001_2,LINCOSAMIDE/STREPTOGRAMIN,lincosamide antibiotic; streptogramin antibiotic; pleuromutilin antibiotic,LINCOSAMIDE/STREPTOGRAMIN,PARTIAL,,PLEUROMUTILIN,
SRR31646653,SRR31646653_105001_3,LINCOSAMIDE,lincosamide antibiotic,LINCOSAMIDE,FULL,,,
SRR31646653,SRR31646653_117248_1,TETRACYCLINE,tetracycline antibiotic,TETRACYCLINE,FULL,,,
SRR31646653,SRR31646653_117900_1,TETRACYCLINE,tetracycline antibiotic,TETRACYCLINE,FULL,,,
SRR31646653,SRR31646653_133595_3,AMINOGLYCOSIDE,aminoglycoside antibiotic,AMINOGLYCOSIDE,FULL,,,
SRR31646653,SRR31646653_133595_5,AMINOGLYCOSIDE,aminoglycoside antibiotic,AMINOGLYCOSIDE,FULL,,,
SRR31646653,SRR31646653_135925_1,TRIMETHOPRIM,diaminopyrimidine antibiotic,TRIMETHOPRIM,FULL,,,
SRR31646653,SRR31646653_148381_3,AMINOGLYCOSIDE,aminoglycoside antibiotic,AMINOGLYCOSIDE,FULL,,,
SRR31646653,SRR31646653_166792_1,LINCOSAMIDE/MACROLIDE/STREPTOGRAMIN,macrolide antibiotic; lincosamide antibiotic; streptogramin antibiotic; streptogramin A antibiotic; streptogramin B antibiotic,LINCOSAMIDE/MACROLIDE/STREPTOGRAMIN,FULL,,,
SRR31646653,SRR31646653_178531_2,AMINOGLYCOSIDE,aminoglycoside antibiotic,AMINOGLYCOSIDE,FULL,,,
SRR31646653,SRR31646653_197356_1,AMINOGLYCOSIDE,aminoglycoside antibiotic,AMINOGLYCOSIDE,FULL,,,
SRR31646653,SRR31646653_226251_2,QUATERNARY AMMONIUM,disinfecting agents and antiseptics,QUATERNARY AMMONIUM,FULL,,,
SRR31646653,SRR31646653_238052_1,AMINOGLYCOSIDE,aminoglycoside antibiotic,AMINOGLYCOSIDE,FULL,,,
SRR31646653,SRR31646653_238052_2,AMINOGLYCOSIDE,aminoglycoside antibiotic,AMINOGLYCOSIDE,FULL,,,
SRR31646653,SRR31646653_258092_1,BETA-LACTAM,carbapenem; penicillin beta-lactam,BETA-LACTAM,FULL,,,
SRR31646653,SRR31646653_264309_1,AMINOGLYCOSIDE,aminoglycoside antibiotic,AMINOGLYCOSIDE,FULL,,,
SRR31646653,SRR31646653_291631_1,PHENICOL,phenicol antibiotic,PHENICOL,FULL,,,
SRR31646653,SRR31646653_294773_2,TETRACYCLINE,tetracycline antibiotic,TETRACYCLINE,FULL,,,
SRR31646653,SRR31646653_300695_1,TRIMETHOPRIM,diaminopyrimidine antibiotic,TRIMETHOPRIM,FULL,,,
SRR31646653,SRR31646653_347904_1,AMINOGLYCOSIDE,aminoglycoside antibiotic,AMINOGLYCOSIDE,FULL,,,
SRR31646653,SRR31646653_355204_1,AMINOGLYCOSIDE,aminoglycoside antibiotic,AMINOGLYCOSIDE,FULL,,,
SRR31646653,SRR31646653_363993_1,TRIMETHOPRIM,diaminopyrimidine antibiotic,TRIMETHOPRIM,FULL,,,
SRR31646653,SRR31646653_388456_1,BETA-LACTAM,cephalosporin; penicillin beta-lactam,BETA-LACTAM,FULL,,,
SRR31646653,SRR31646653_407682_1,STREPTOTHRICIN,nucleoside antibiotic,STREPTOTHRICIN,FULL,,,
SRR31646653,SRR31646653_444977_2,QUATERNARY AMMONIUM,disinfecting agents and antiseptics,QUATERNARY AMMONIUM,FULL,,,
SRR31646653,SRR31646653_469365_2,STREPTOTHRICIN,nucleoside antibiotic,STREPTOTHRICIN,FULL,,,
SRR31646653,SRR31646653_547728_3,TETRACYCLINE,tetracycline antibiotic,TETRACYCLINE,FULL,,,
SRR31646653,SRR31646653_609809_1,AMINOGLYCOSIDE,aminoglycoside antibiotic,AMINOGLYCOSIDE,FULL,,,
SRR31646653,SRR31646653_645521_3,SULFONAMIDE,sulfonamide antibiotic,SULFONAMIDE,FULL,,,
SRR31646653,SRR31646653_645521_4,QUATERNARY AMMONIUM,disinfecting agents and antiseptics,QUATERNARY AMMONIUM,FULL,,,
SRR31646653,SRR31646653_697677_1,AMINOGLYCOSIDE,aminoglycoside antibiotic,AMINOGLYCOSIDE,FULL,,,
SRR31646653,SRR31646653_705609_1,AMINOGLYCOSIDE,aminoglycoside antibiotic,AMINOGLYCOSIDE,FULL,,,
SRR31646653,SRR31646653_921037_1,TRIMETHOPRIM,diaminopyrimidine antibiotic,TRIMETHOPRIM,FULL,,,
SRR31646653,SRR31646653_1053870_2,QUATERNARY AMMONIUM,disinfecting agents and antiseptics,QUATERNARY AMMONIUM,FULL,,,
SRR31646654,SRR31646654_1853_1,QUATERNARY AMMONIUM,disinfecting agents and antiseptics,QUATERNARY AMMONIUM,FULL,,,
SRR31646654,SRR31646654_6663_1,MACROLIDE/STREPTOGRAMIN,macrolide antibiotic; streptogramin antibiotic,MACROLIDE/STREPTOGRAMIN,FULL,,,
SRR31646654,SRR31646654_6663_2,MACROLIDE,macrolide antibiotic,MACROLIDE,FULL,,,
SRR31646654,SRR31646654_13299_1,PHENICOL,phenicol antibiotic,PHENICOL,FULL,,,
SRR31646654,SRR31646654_17077_1,LINCOSAMIDE,lincosamide antibiotic,LINCOSAMIDE,FULL,,,
SRR31646654,SRR31646654_20369_1,LINCOSAMIDE/OXAZOLIDINONE/PHENICOL/PLEUROMUTILIN/STREPTOGRAMIN,lincosamide antibiotic; streptogramin antibiotic; oxazolidinone antibiotic; glycopeptide antibiotic; phenicol antibiotic,LINCOSAMIDE/OXAZOLIDINONE/PHENICOL/STREPTOGRAMIN,PARTIAL,PLEUROMUTILIN,GLYCOPEPTIDE,
SRR31646654,SRR31646654_27830_1,PHENICOL,phenicol antibiotic,PHENICOL,FULL,,,
SRR31646654,SRR31646654_27830_2,AMINOGLYCOSIDE,aminoglycoside antibiotic,AMINOGLYCOSIDE,FULL,,,
SRR31646654,SRR31646654_28072_1,PHENICOL,phenicol antibiotic,PHENICOL,FULL,,,
SRR31646654,SRR31646654_28313_2,LINCOSAMIDE/OXAZOLIDINONE/PHENICOL/PLEUROMUTILIN/STREPTOGRAMIN,lincosamide antibiotic; streptogramin antibiotic; streptogramin A antibiotic; oxazolidinone antibiotic; phenicol antibiotic; pleuromutilin antibiotic,LINCOSAMIDE/OXAZOLIDINONE/PHENICOL/PLEUROMUTILIN/STREPTOGRAMIN,FULL,,,
SRR31646654,SRR31646654_31870_1,BETA-LACTAM,cephalosporin; penicillin beta-lactam,BETA-LACTAM,FULL,,,
SRR31646654,SRR31646654_31870_2,AMINOGLYCOSIDE,aminoglycoside antibiotic,AMINOGLYCOSIDE,FULL,,,
SRR31646654,SRR31646654_33316_1,TRIMETHOPRIM,diaminopyrimidine antibiotic,TRIMETHOPRIM,FULL,,,
SRR31646654,SRR31646654_47037_1,BETA-LACTAM,cephalosporin; penicillin beta-lactam,BETA-LACTAM,FULL,,,
SRR31646654,SRR31646654_55902_1,AMINOGLYCOSIDE,aminoglycoside antibiotic,AMINOGLYCOSIDE,FULL,,,
SRR31646654,SRR31646654_55902_2,AMINOGLYCOSIDE,aminoglycoside antibiotic,AMINOGLYCOSIDE,FULL,,,
SRR31646654,SRR31646654_59064_1,TETRACYCLINE,tetracycline antibiotic,TETRACYCLINE,FULL,,,
SRR31646654,SRR31646654_61889_2,LINCOSAMIDE/STREPTOGRAMIN,lincosamide antibiotic; streptogramin antibiotic; pleuromutilin antibiotic,LINCOSAMIDE/STREPTOGRAMIN,PARTIAL,,PLEUROMUTILIN,
SRR31646654,SRR31646654_61889_3,LINCOSAMIDE,lincosamide antibiotic,LINCOSAMIDE,FULL,,,
SRR31646654,SRR31646654_71166_1,MACROLIDE,macrolide antibiotic,MACROLIDE,FULL,,,
SRR31646654,SRR31646654_72661_1,TRIMETHOPRIM,diaminopyrimidine antibiotic,TRIMETHOPRIM,FULL,,,
SRR31646654,SRR31646654_73059_2,PHENICOL,phenicol antibiotic,PHENICOL,FULL,,,
SRR31646654,SRR31646654_75185_2,TRIMETHOPRIM,diaminopyrimidine antibiotic,TRIMETHOPRIM,FULL,,,
SRR31646654,SRR31646654_76908_2,AMINOGLYCOSIDE,aminoglycoside antibiotic,AMINOGLYCOSIDE,FULL,,,
SRR31646654,SRR31646654_80725_1,PHENICOL,phenicol antibiotic,PHENICOL,FULL,,,
SRR31646654,SRR31646654_87181_2,AMINOGLYCOSIDE,aminoglycoside antibiotic,AMINOGLYCOSIDE,FULL,,,
SRR31646654,SRR31646654_94664_1,SULFONAMIDE,sulfonamide antibiotic,SULFONAMIDE,FULL,,,
SRR31646654,SRR31646654_98570_1,AMINOGLYCOSIDE,aminoglycoside antibiotic,AMINOGLYCOSIDE,FULL,,,
SRR31646654,SRR31646654_105210_3,AMINOGLYCOSIDE,aminoglycoside antibiotic,AMINOGLYCOSIDE,FULL,,,
SRR31646654,SRR31646654_105210_5,AMINOGLYCOSIDE,aminoglycoside antibiotic,AMINOGLYCOSIDE,FULL,,,
SRR31646654,SRR31646654_105645_1,AMINOGLYCOSIDE,aminoglycoside antibiotic,AMINOGLYCOSIDE,FULL,,,
SRR31646654,SRR31646654_110386_1,AMINOGLYCOSIDE,aminoglycoside antibiotic,AMINOGLYCOSIDE,FULL,,,
SRR31646654,SRR31646654_122806_1,LINCOSAMIDE/MACROLIDE/STREPTOGRAMIN,macrolide antibiotic; lincosamide antibiotic; streptogramin antibiotic; streptogramin A antibiotic; streptogramin B antibiotic,LINCOSAMIDE/MACROLIDE/STREPTOGRAMIN,FULL,,,
SRR31646654,SRR31646654_128290_2,TETRACYCLINE,tetracycline antibiotic,TETRACYCLINE,FULL,,,
SRR31646654,SRR31646654_133282_1,AMINOGLYCOSIDE,aminoglycoside antibiotic,AMINOGLYCOSIDE,FULL,,,
SRR31646654,SRR31646654_145616_2,STREPTOTHRICIN,nucleoside antibiotic,STREPTOTHRICIN,FULL,,,
SRR31646654,SRR31646654_148872_1,MACROLIDE/STREPTOGRAMIN,macrolide antibiotic; streptogramin antibiotic,MACROLIDE/STREPTOGRAMIN,FULL,,,
SRR31646654,SRR31646654_148872_2,MACROLIDE,macrolide antibiotic,MACROLIDE,FULL,,,
SRR31646654,SRR31646654_179434_1,BETA-LACTAM,carbapenem; penicillin beta-lactam,BETA-LACTAM,FULL,,,
SRR31646654,SRR31646654_241219_1,TETRACYCLINE,tetracycline antibiotic,TETRACYCLINE,FULL,,,
SRR31646654,SRR31646654_255446_2,TRIMETHOPRIM,diaminopyrimidine antibiotic,TRIMETHOPRIM,FULL,,,
SRR31646654,SRR31646654_278913_1,TETRACYCLINE,tetracycline antibiotic,TETRACYCLINE,FULL,,,
SRR31646654,SRR31646654_368494_1,QUATERNARY AMMONIUM,disinfecting agents and antiseptics,QUATERNARY AMMONIUM,FULL,,,
SRR31646654,SRR31646654_368940_1,AMINOGLYCOSIDE,aminoglycoside antibiotic,AMINOGLYCOSIDE,FULL,,,
SRR31646654,SRR31646654_384471_3,TETRACYCLINE,tetracycline antibiotic,TETRACYCLINE,FULL,,,
SRR31646654,SRR31646654_385922_1,STREPTOTHRICIN,nucleoside antibiotic,STREPTOTHRICIN,FULL,,,
SRR31646654,SRR31646654_400815_1,AMINOGLYCOSIDE,aminoglycoside antibiotic,AMINOGLYCOSIDE,FULL,,,
SRR31646654,SRR31646654_452290_1,LINCOSAMIDE/MACROLIDE/STREPTOGRAMIN,macrolide antibiotic; lincosamide antibiotic; streptogramin antibiotic; streptogramin A antibiotic; streptogramin B antibiotic,LINCOSAMIDE/MACROLIDE/STREPTOGRAMIN,FULL,,,
SRR31646654,SRR31646654_476591_2,QUATERNARY AMMONIUM,disinfecting agents and antiseptics,QUATERNARY AMMONIUM,FULL,,,
SRR31646654,SRR31646654_512270_1,AMINOGLYCOSIDE,aminoglycoside antibiotic,AMINOGLYCOSIDE,FULL,,,
SRR31646654,SRR31646654_518120_1,SULFONAMIDE,sulfonamide antibiotic,SULFONAMIDE,FULL,,,
SRR31646654,SRR31646654_518120_2,QUATERNARY AMMONIUM,disinfecting agents and antiseptics,QUATERNARY AMMONIUM,FULL,,,
SRR31646654,SRR31646654_526997_1,AMINOGLYCOSIDE,aminoglycoside antibiotic,AMINOGLYCOSIDE,FULL,,,
SRR31646654,SRR31646654_557913_1,LINCOSAMIDE,lincosamide antibiotic,LINCOSAMIDE,FULL,,,
SRR31646654,SRR31646654_605077_1,LINCOSAMIDE/MACROLIDE/STREPTOGRAMIN,macrolide antibiotic; lincosamide antibiotic; streptogramin antibiotic; streptogramin A antibiotic; streptogramin B antibiotic,LINCOSAMIDE/MACROLIDE/STREPTOGRAMIN,FULL,,,
SRR31646654,SRR31646654_781842_1,AMINOGLYCOSIDE,aminoglycoside antibiotic,AMINOGLYCOSIDE,FULL,,,
SRR31646655,SRR31646655_6184_1,LINCOSAMIDE/OXAZOLIDINONE/PHENICOL/PLEUROMUTILIN/STREPTOGRAMIN,lincosamide antibiotic; streptogramin antibiotic; streptogramin A antibiotic; oxazolidinone antibiotic; phenicol antibiotic; pleuromutilin antibiotic,LINCOSAMIDE/OXAZOLIDINONE/PHENICOL/PLEUROMUTILIN/STREPTOGRAMIN,FULL,,,
SRR31646655,SRR31646655_7216_2,LINCOSAMIDE/STREPTOGRAMIN,lincosamide antibiotic; streptogramin antibiotic; pleuromutilin antibiotic,LINCOSAMIDE/STREPTOGRAMIN,PARTIAL,,PLEUROMUTILIN,
SRR31646655,SRR31646655_7216_3,LINCOSAMIDE,lincosamide antibiotic,LINCOSAMIDE,FULL,,,
SRR31646655,SRR31646655_7958_2,AMINOGLYCOSIDE,aminoglycoside antibiotic,AMINOGLYCOSIDE,FULL,,,
SRR31646655,SRR31646655_14022_2,AMINOGLYCOSIDE,aminoglycoside antibiotic,AMINOGLYCOSIDE,FULL,,,
SRR31646655,SRR31646655_16656_3,AMINOGLYCOSIDE,aminoglycoside antibiotic,AMINOGLYCOSIDE,FULL,,,
SRR31646655,SRR31646655_16968_2,TRIMETHOPRIM,diaminopyrimidine antibiotic,TRIMETHOPRIM,FULL,,,
SRR31646655,SRR31646655_20442_1,MACROLIDE,macrolide antibiotic,MACROLIDE,FULL,,,
SRR31646655,SRR31646655_20442_2,MACROLIDE/STREPTOGRAMIN,macrolide antibiotic; streptogramin antibiotic,MACROLIDE/STREPTOGRAMIN,FULL,,,
SRR31646655,SRR31646655_21760_13,TETRACYCLINE,tetracycline antibiotic,TETRACYCLINE,FULL,,,
SRR31646655,SRR31646655_34398_1,AMINOGLYCOSIDE,aminoglycoside antibiotic,AMINOGLYCOSIDE,FULL,,,
SRR31646655,SRR31646655_46617_1,BETA-LACTAM,penicillin beta-lactam,BETA-LACTAM,FULL,,,
SRR31646655,SRR31646655_46911_1,LINCOSAMIDE,lincosamide antibiotic,LINCOSAMIDE,FULL,,,
SRR31646655,SRR31646655_58957_1,BETA-LACTAM,carbapenem; penicillin beta-lactam,BETA-LACTAM,FULL,,,
SRR31646655,SRR31646655_66238_1,PHENICOL,phenicol antibiotic,PHENICOL,FULL,,,
SRR31646655,SRR31646655_77474_1,TETRACYCLINE,tetracycline antibiotic,TETRACYCLINE,FULL,,,
SRR31646655,SRR31646655_97011_2,PHENICOL,phenicol antibiotic,PHENICOL,FULL,,,
SRR31646655,SRR31646655_113866_2,QUATERNARY AMMONIUM,disinfecting agents and antiseptics,QUATERNARY AMMONIUM,FULL,,,
SRR31646655,SRR31646655_115708_3,TRIMETHOPRIM,diaminopyrimidine antibiotic,TRIMETHOPRIM,FULL,,,
SRR31646655,SRR31646655_118445_1,SULFONAMIDE,sulfonamide antibiotic,SULFONAMIDE,FULL,,,
SRR31646655,SRR31646655_130251_1,TETRACYCLINE,tetracycline antibiotic,TETRACYCLINE,FULL,,,
SRR31646655,SRR31646655_146835_1,TRIMETHOPRIM,diaminopyrimidine antibiotic,TRIMETHOPRIM,FULL,,,
SRR31646655,SRR31646655_168222_1,TETRACYCLINE,tetracycline antibiotic,TETRACYCLINE,FULL,,,
SRR31646655,SRR31646655_209152_2,QUATERNARY AMMONIUM,disinfecting agents and antiseptics,QUATERNARY AMMONIUM,FULL,,,
SRR31646655,SRR31646655_209573_1,STREPTOTHRICIN,nucleoside antibiotic,STREPTOTHRICIN,FULL,,,
SRR31646655,SRR31646655_262936_1,AMINOGLYCOSIDE,aminoglycoside antibiotic,AMINOGLYCOSIDE,FULL,,,
SRR31646655,SRR31646655_290092_2,STREPTOTHRICIN,nucleoside antibiotic,STREPTOTHRICIN,FULL,,,
SRR31646655,SRR31646655_307316_1,SULFONAMIDE,sulfonamide antibiotic,SULFONAMIDE,FULL,,,
SRR31646655,SRR31646655_387431_1,TETRACYCLINE,tetracycline antibiotic,TETRACYCLINE,FULL,,,
SRR31646655,SRR31646655_452817_2,QUATERNARY AMMONIUM,disinfecting agents and antiseptics,QUATERNARY AMMONIUM,FULL,,,
SRR31646656,SRR31646656_6666_1,LINCOSAMIDE,lincosamide antibiotic,LINCOSAMIDE,FULL,,,
SRR31646656,SRR31646656_8084_2,BETA-LACTAM,penicillin beta-lactam,BETA-LACTAM,FULL,,,
SRR31646656,SRR31646656_8457_1,BETA-LACTAM,carbapenem; penicillin beta-lactam,BETA-LACTAM,FULL,,,
SRR31646656,SRR31646656_9290_3,TETRACYCLINE,tetracycline antibiotic,TETRACYCLINE,FULL,,,
SRR31646656,SRR31646656_17964_1,AMINOGLYCOSIDE,aminoglycoside antibiotic,AMINOGLYCOSIDE,FULL,,,
SRR31646656,SRR31646656_17964_2,AMINOGLYCOSIDE,aminoglycoside antibiotic,AMINOGLYCOSIDE,FULL,,,
SRR31646656,SRR31646656_18741_1,MACROLIDE,macrolide antibiotic,MACROLIDE,FULL,,,
SRR31646656,SRR31646656_18741_2,MACROLIDE/STREPTOGRAMIN,macrolide antibiotic; streptogramin antibiotic,MACROLIDE/STREPTOGRAMIN,FULL,,,
SRR31646656,SRR31646656_19999_1,LINCOSAMIDE,lincosamide antibiotic,LINCOSAMIDE,FULL,,,
SRR31646656,SRR31646656_19999_2,LINCOSAMIDE/STREPTOGRAMIN,lincosamide antibiotic; streptogramin antibiotic; pleuromutilin antibiotic,LINCOSAMIDE/STREPTOGRAMIN,PARTIAL,,PLEUROMUTILIN,
SRR31646656,SRR31646656_20331_3,TETRACYCLINE,tetracycline antibiotic,TETRACYCLINE,FULL,,,
SRR31646656,SRR31646656_78474_1,AMINOGLYCOSIDE,aminoglycoside antibiotic,AMINOGLYCOSIDE,FULL,,,
SRR31646656,SRR31646656_98276_1,TETRACYCLINE,tetracycline antibiotic,TETRACYCLINE,FULL,,,
SRR31646656,SRR31646656_104767_2,STREPTOTHRICIN,nucleoside antibiotic,STREPTOTHRICIN,FULL,,,
SRR31646656,SRR31646656_104767_3,AMINOGLYCOSIDE,aminoglycoside antibiotic,AMINOGLYCOSIDE,FULL,,,
SRR31646656,SRR31646656_113791_1,TETRACYCLINE,tetracycline antibiotic,TETRACYCLINE,FULL,,,
SRR31646656,SRR31646656_126410_1,LINCOSAMIDE,lincosamide antibiotic,LINCOSAMIDE,FULL,,,
SRR31646656,SRR31646656_128963_1,MACROLIDE,macrolide antibiotic,MACROLIDE,FULL,,,
SRR31646656,SRR31646656_135171_1,QUATERNARY AMMONIUM,disinfecting agents and antiseptics,QUATERNARY AMMONIUM,FULL,,,
SRR31646656,SRR31646656_135777_1,TETRACYCLINE,tetracycline antibiotic,TETRACYCLINE,FULL,,,
SRR31646656,SRR31646656_190628_1,SULFONAMIDE,sulfonamide antibiotic,SULFONAMIDE,FULL,,,
SRR31646656,SRR31646656_203865_1,STREPTOTHRICIN,nucleoside antibiotic,STREPTOTHRICIN,FULL,,,
SRR31646656,SRR31646656_204506_2,QUATERNARY AMMONIUM,disinfecting agents and antiseptics,QUATERNARY AMMONIUM,FULL,,,
SRR31646656,SRR31646656_238613_1,QUATERNARY AMMONIUM,disinfecting agents and antiseptics,QUATERNARY AMMONIUM,FULL,,,
SRR31646656,SRR31646656_279089_1,TRIMETHOPRIM,diaminopyrimidine antibiotic,TRIMETHOPRIM,FULL,,,
SRR31646656,SRR31646656_355791_2,SULFONAMIDE,sulfonamide antibiotic,SULFONAMIDE,FULL,,,
SRR31646656,SRR31646656_362578_1,AMINOGLYCOSIDE,aminoglycoside antibiotic,AMINOGLYCOSIDE,FULL,,,
SRR31646656,SRR31646656_509944_1,AMINOGLYCOSIDE,aminoglycoside antibiotic,AMINOGLYCOSIDE,FULL,,,
SRR31646656,SRR31646656_539877_1,QUATERNARY AMMONIUM,disinfecting agents and antiseptics,QUATERNARY AMMONIUM,FULL,,,
SRR31646656,SRR31646656_765014_1,TRIMETHOPRIM,diaminopyrimidine antibiotic,TRIMETHOPRIM,FULL,,,
SRR31730427,SRR31730427_5028_1,BETA-LACTAM,cephalosporin,BETA-LACTAM,FULL,,,
SRR31730427,SRR31730427_11298_4,PHENICOL,phenicol antibiotic,PHENICOL,FULL,,,
SRR31730427,SRR31730427_18778_5,AMINOGLYCOSIDE,aminoglycoside antibiotic,AMINOGLYCOSIDE,FULL,,,
SRR31730427,SRR31730427_20322_3,TETRACYCLINE,tetracycline antibiotic,TETRACYCLINE,FULL,,,
SRR31730427,SRR31730427_31202_1,BETA-LACTAM,monobactam; cephalosporin; penicillin beta-lactam,BETA-LACTAM,FULL,,,
SRR31730427,SRR31730427_31667_1,AMINOGLYCOSIDE,aminoglycoside antibiotic,AMINOGLYCOSIDE,FULL,,,
SRR31730427,SRR31730427_58809_1,AMINOGLYCOSIDE,aminoglycoside antibiotic,AMINOGLYCOSIDE,FULL,,,
SRR31730427,SRR31730427_121956_1,AMINOGLYCOSIDE,aminoglycoside antibiotic,AMINOGLYCOSIDE,FULL,,,
SRR31730428,SRR31730428_5244_1,BETA-LACTAM,cephalosporin,BETA-LACTAM,FULL,,,
SRR31730428,SRR31730428_5928_3,TETRACYCLINE,tetracycline antibiotic,TETRACYCLINE,FULL,,,
SRR31730428,SRR31730428_13709_2,SULFONAMIDE,sulfonamide antibiotic,SULFONAMIDE,FULL,,,
SRR31730428,SRR31730428_13709_3,QUATERNARY AMMONIUM,disinfecting agents and antiseptics,QUATERNARY AMMONIUM,FULL,,,
SRR31730428,SRR31730428_45769_1,BETA-LACTAM,monobactam; cephalosporin; penicillin beta-lactam,BETA-LACTAM,FULL,,,
SRR31730430,SRR31730430_1440_1,PHENICOL,phenicol antibiotic,PHENICOL,FULL,,,
SRR31730430,SRR31730430_8031_3,TETRACYCLINE,tetracycline antibiotic,TETRACYCLINE,FULL,,,
SRR31730430,SRR31730430_8465_1,SULFONAMIDE,sulfonamide antibiotic,SULFONAMIDE,FULL,,,
SRR31730430,SRR31730430_22630_1,BETA-LACTAM,monobactam; cephalosporin; penicillin beta-lactam,BETA-LACTAM,FULL,,,
SRR31730430,SRR31730430_24002_3,TETRACYCLINE,tetracycline antibiotic,TETRACYCLINE,FULL,,,
SRR31730430,SRR31730430_24112_1,QUATERNARY AMMONIUM,disinfecting agents and antiseptics,QUATERNARY AMMONIUM,FULL,,,
SRR31730430,SRR31730430_125647_1,TETRACYCLINE,tetracycline antibiotic,TETRACYCLINE,FULL,,,
SRR31730430,SRR31730430_179299_1,QUATERNARY AMMONIUM,disinfecting agents and antiseptics,QUATERNARY AMMONIUM,FULL,,,
SRR31730431,SRR31730431_1081_3,TETRACYCLINE,tetracycline antibiotic,TETRACYCLINE,FULL,,,
SRR31730431,SRR31730431_3407_3,BETA-LACTAM,cephalosporin,BETA-LACTAM,FULL,,,
SRR31730431,SRR31730431_123954_1,QUATERNARY AMMONIUM,disinfecting agents and antiseptics,QUATERNARY AMMONIUM,FULL,,,
SRR31730431,SRR31730431_167235_1,SULFONAMIDE,sulfonamide antibiotic,SULFONAMIDE,FULL,,,
SRR31730431,SRR31730431_216695_1,BETA-LACTAM,monobactam; cephalosporin; penicillin beta-lactam,BETA-LACTAM,FULL,,,
SRR31730434,SRR31730434_1340_1,AMINOGLYCOSIDE,aminoglycoside antibiotic,AMINOGLYCOSIDE,FULL,,,
SRR31730434,SRR31730434_7582_5,QUATERNARY AMMONIUM,disinfecting agents and antiseptics,QUATERNARY AMMONIUM,FULL,,,
SRR31730434,SRR31730434_8675_3,AMINOGLYCOSIDE,aminoglycoside antibiotic,AMINOGLYCOSIDE,FULL,,,
SRR31730434,SRR31730434_8675_4,AMINOGLYCOSIDE,aminoglycoside antibiotic,AMINOGLYCOSIDE,FULL,,,
SRR31730434,SRR31730434_87780_1,BETA-LACTAM,monobactam; cephalosporin; penicillin beta-lactam,BETA-LACTAM,FULL,,,
SRR31730435,SRR31730435_9692_3,PHENICOL,phenicol antibiotic,PHENICOL,FULL,,,
SRR31730435,SRR31730435_11681_3,AMINOGLYCOSIDE,aminoglycoside antibiotic,AMINOGLYCOSIDE,FULL,,,
SRR31730435,SRR31730435_11681_4,AMINOGLYCOSIDE,aminoglycoside antibiotic,AMINOGLYCOSIDE,FULL,,,
SRR31730435,SRR31730435_32780_2,TETRACYCLINE,tetracycline antibiotic,TETRACYCLINE,FULL,,,
SRR31730435,SRR31730435_36470_4,TETRACYCLINE,tetracycline antibiotic,TETRACYCLINE,FULL,,,
SRR31730435,SRR31730435_63411_7,QUATERNARY AMMONIUM,disinfecting agents and antiseptics,QUATERNARY AMMONIUM,FULL,,,
SRR31730435,SRR31730435_70897_1,QUATERNARY AMMONIUM,disinfecting agents and antiseptics,QUATERNARY AMMONIUM,FULL,,,
SRR31730435,SRR31730435_110493_2,BETA-LACTAM,monobactam; cephalosporin; penicillin beta-lactam,BETA-LACTAM,FULL,,,
SRR31730436,SRR31730436_449_2,QUATERNARY AMMONIUM,disinfecting agents and antiseptics,QUATERNARY AMMONIUM,FULL,,,
SRR31730438,SRR31730438_4957_4,TETRACYCLINE,tetracycline antibiotic,TETRACYCLINE,FULL,,,
SRR31730438,SRR31730438_13615_1,AMINOGLYCOSIDE,aminoglycoside antibiotic,AMINOGLYCOSIDE,FULL,,,
SRR31730438,SRR31730438_26978_2,TETRACYCLINE,tetracycline antibiotic,TETRACYCLINE,FULL,,,
SRR31730438,SRR31730438_34238_1,SULFONAMIDE,sulfonamide antibiotic,SULFONAMIDE,FULL,,,
SRR31730438,SRR31730438_157578_2,AMINOGLYCOSIDE,aminoglycoside antibiotic,AMINOGLYCOSIDE,FULL,,,
SRR31730438,SRR31730438_181369_1,BETA-LACTAM,monobactam; cephalosporin; penicillin beta-lactam,BETA-LACTAM,FULL,,,
SRR31730438,SRR31730438_295911_1,QUATERNARY AMMONIUM,disinfecting agents and antiseptics,QUATERNARY AMMONIUM,FULL,,,
SRR31730439,SRR31730439_3443_3,AMINOGLYCOSIDE,aminoglycoside antibiotic,AMINOGLYCOSIDE,FULL,,,
SRR31730439,SRR31730439_9353_3,TETRACYCLINE,tetracycline antibiotic,TETRACYCLINE,FULL,,,
SRR31730439,SRR31730439_11869_4,QUATERNARY AMMONIUM,disinfecting agents and antiseptics,QUATERNARY AMMONIUM,FULL,,,
SRR31730439,SRR31730439_16053_1,AMINOGLYCOSIDE,aminoglycoside antibiotic,AMINOGLYCOSIDE,FULL,,,
SRR31730439,SRR31730439_16688_1,AMINOGLYCOSIDE,aminoglycoside antibiotic,AMINOGLYCOSIDE,FULL,,,
SRR31730439,SRR31730439_22199_5,SULFONAMIDE,sulfonamide antibiotic,SULFONAMIDE,FULL,,,
SRR31730439,SRR31730439_24478_1,TETRACYCLINE,tetracycline antibiotic,TETRACYCLINE,FULL,,,
SRR31730439,SRR31730439_24655_1,BETA-LACTAM,monobactam; cephalosporin; penicillin beta-lactam,BETA-LACTAM,FULL,,,
SRR31730439,SRR31730439_25411_3,TETRACYCLINE,tetracycline antibiotic,TETRACYCLINE,FULL,,,
SRR31730439,SRR31730439_30105_1,AMINOGLYCOSIDE,aminoglycoside antibiotic,AMINOGLYCOSIDE,FULL,,,
SRR31730439,SRR31730439_55945_3,LINCOSAMIDE,lincosamide antibiotic,LINCOSAMIDE,FULL,,,
SRR31730439,SRR31730439_55945_4,LINCOSAMIDE/STREPTOGRAMIN,lincosamide antibiotic; streptogramin antibiotic; pleuromutilin antibiotic,LINCOSAMIDE/STREPTOGRAMIN,PARTIAL,,PLEUROMUTILIN,
SRR31730439,SRR31730439_58487_1,BETA-LACTAM,cephalosporin,BETA-LACTAM,FULL,,,
SRR31730439,SRR31730439_82718_1,TETRACYCLINE,tetracycline antibiotic,TETRACYCLINE,FULL,,,
SRR31730439,SRR31730439_97311_1,TETRACYCLINE,tetracycline antibiotic,TETRACYCLINE,FULL,,,
SRR31730439,SRR31730439_101966_1,LINCOSAMIDE/MACROLIDE/STREPTOGRAMIN,macrolide antibiotic; lincosamide antibiotic; streptogramin antibiotic; streptogramin A antibiotic; streptogramin B antibiotic,LINCOSAMIDE/MACROLIDE/STREPTOGRAMIN,FULL,,,
SRR31730440,SRR31730440_1302799_1,BETA-LACTAM,monobactam; cephalosporin; penicillin beta-lactam,BETA-LACTAM,FULL,,,
SRR31860669,SRR31860669_1389_2,TETRACYCLINE,tetracycline antibiotic,TETRACYCLINE,FULL,,,
SRR31860669,SRR31860669_15912_1,AMINOGLYCOSIDE,aminoglycoside antibiotic,AMINOGLYCOSIDE,FULL,,,
SRR31860669,SRR31860669_31356_1,TETRACYCLINE,tetracycline antibiotic,TETRACYCLINE,FULL,,,
SRR31860669,SRR31860669_54411_1,AMINOGLYCOSIDE,aminoglycoside antibiotic,AMINOGLYCOSIDE,FULL,,,
SRR31860669,SRR31860669_60256_1,QUINOLONE,fluoroquinolone antibiotic,QUINOLONE,FULL,,,
SRR31860669,SRR31860669_77987_3,TETRACYCLINE,tetracycline antibiotic,TETRACYCLINE,FULL,,,
SRR31860669,SRR31860669_100028_1,PHENICOL,phenicol antibiotic,PHENICOL,FULL,,,
SRR31860669,SRR31860669_105439_1,SULFONAMIDE,sulfonamide antibiotic,SULFONAMIDE,FULL,,,
SRR31860669,SRR31860669_105439_2,QUATERNARY AMMONIUM,disinfecting agents and antiseptics,QUATERNARY AMMONIUM,FULL,,,
SRR31860669,SRR31860669_144557_1,QUINOLONE,fluoroquinolone antibiotic,QUINOLONE,FULL,,,
SRR31860669,SRR31860669_235419_1,AMINOGLYCOSIDE,aminoglycoside antibiotic,AMINOGLYCOSIDE,FULL,,,
SRR31860669,SRR31860669_235419_2,AMINOGLYCOSIDE,aminoglycoside antibiotic,AMINOGLYCOSIDE,FULL,,,
SRR31860669,SRR31860669_248292_2,TRIMETHOPRIM,diaminopyrimidine antibiotic,TRIMETHOPRIM,FULL,,,
SRR31860669,SRR31860669_301812_1,TRIMETHOPRIM,diaminopyrimidine antibiotic,TRIMETHOPRIM,FULL,,,
SRR31860669,SRR31860669_301812_2,RIFAMYCIN,rifamycin antibiotic,RIFAMYCIN,FULL,,,
SRR31860669,SRR31860669_384507_2,MACROLIDE,macrolide antibiotic,MACROLIDE,FULL,,,
SRR31860669,SRR31860669_418242_2,TETRACYCLINE,tetracycline antibiotic,TETRACYCLINE,FULL,,,
SRR31860669,SRR31860669_656937_1,QUINOLONE,fluoroquinolone antibiotic,QUINOLONE,FULL,,,
SRR31860669,SRR31860669_797894_1,AMINOGLYCOSIDE,aminoglycoside antibiotic,AMINOGLYCOSIDE,FULL,,,
SRR31860669,SRR31860669_870500_1,PHENICOL,phenicol antibiotic,PHENICOL,FULL,,,
SRR31860671,SRR31860671_3666_3,TETRACYCLINE,tetracycline antibiotic,TETRACYCLINE,FULL,,,
SRR31860671,SRR31860671_14321_1,SULFONAMIDE,sulfonamide antibiotic,SULFONAMIDE,FULL,,,
SRR31860671,SRR31860671_25998_4,PHENICOL,phenicol antibiotic,PHENICOL,FULL,,,
SRR31860671,SRR31860671_226163_1,AMINOGLYCOSIDE,aminoglycoside antibiotic,AMINOGLYCOSIDE,FULL,,,
SRR31860671,SRR31860671_559944_2,TETRACYCLINE,tetracycline antibiotic,TETRACYCLINE,FULL,,,
SRR31860671,SRR31860671_636854_1,AMINOGLYCOSIDE,aminoglycoside antibiotic,AMINOGLYCOSIDE,FULL,,,
SRR31860671,SRR31860671_932438_1,TETRACYCLINE,glycylcycline; tetracycline antibiotic,TETRACYCLINE,FULL,,,
SRR31860671,SRR31860671_1039870_2,QUATERNARY AMMONIUM,disinfecting agents and antiseptics,QUATERNARY AMMONIUM,FULL,,,
SRR31860671,SRR31860671_1146343_1,QUINOLONE,fluoroquinolone antibiotic,QUINOLONE,FULL,,,
SRR31860671,SRR31860671_1586191_1,AMINOGLYCOSIDE,aminoglycoside antibiotic,AMINOGLYCOSIDE,FULL,,,
SRR31860672,SRR31860672_4419_4,QUINOLONE,fluoroquinolone antibiotic,QUINOLONE,FULL,,,
SRR31860672,SRR31860672_13794_5,AMINOGLYCOSIDE,aminoglycoside antibiotic,AMINOGLYCOSIDE,FULL,,,
SRR31860672,SRR31860672_13794_6,AMINOGLYCOSIDE,aminoglycoside antibiotic,AMINOGLYCOSIDE,FULL,,,
SRR31860672,SRR31860672_89544_2,BETA-LACTAM,cephalosporin,BETA-LACTAM,FULL,,,
SRR31860673,SRR31860673_33162_2,AMINOGLYCOSIDE,aminoglycoside antibiotic,AMINOGLYCOSIDE,FULL,,,
SRR31860673,SRR31860673_105493_3,AMINOGLYCOSIDE,aminoglycoside antibiotic,AMINOGLYCOSIDE,FULL,,,
SRR31860673,SRR31860673_105493_4,AMINOGLYCOSIDE,aminoglycoside antibiotic,AMINOGLYCOSIDE,FULL,,,
SRR31860673,SRR31860673_119658_3,TETRACYCLINE,tetracycline antibiotic,TETRACYCLINE,FULL,,,
SRR31860673,SRR31860673_625256_1,BETA-LACTAM,monobactam; cephalosporin; penicillin beta-lactam,BETA-LACTAM,FULL,,,
SRR31860674,SRR31860674_21009_1,AMINOGLYCOSIDE,aminoglycoside antibiotic,AMINOGLYCOSIDE,FULL,,,
SRR31860674,SRR31860674_21009_2,AMINOGLYCOSIDE,aminoglycoside antibiotic,AMINOGLYCOSIDE,FULL,,,
SRR31860674,SRR31860674_28695_1,TETRACYCLINE,tetracycline antibiotic,TETRACYCLINE,FULL,,,
SRR31860674,SRR31860674_42506_3,FOSFOMYCIN,phosphonic acid antibiotic,FOSFOMYCIN,FULL,,,
SRR31860674,SRR31860674_46790_3,TETRACYCLINE,tetracycline antibiotic,TETRACYCLINE,FULL,,,
SRR31860674,SRR31860674_128071_1,AMINOGLYCOSIDE/QUINOLONE,aminoglycoside antibiotic,AMINOGLYCOSIDE,PARTIAL,QUINOLONE,,
SRR31860674,SRR31860674_128071_2,RIFAMYCIN,rifamycin antibiotic,RIFAMYCIN,FULL,,,
SRR31860674,SRR31860674_128071_3,TRIMETHOPRIM,diaminopyrimidine antibiotic,TRIMETHOPRIM,FULL,,,
SRR31860674,SRR31860674_189638_2,BETA-LACTAM,cephalosporin,BETA-LACTAM,FULL,,,
SRR31860674,SRR31860674_203761_2,TETRACYCLINE,tetracycline antibiotic,TETRACYCLINE,FULL,,,
SRR31860674,SRR31860674_259262_2,PHENICOL,phenicol antibiotic,PHENICOL,FULL,,,
SRR31860674,SRR31860674_265638_1,AMINOGLYCOSIDE,aminoglycoside antibiotic,AMINOGLYCOSIDE,FULL,,,
SRR31860674,SRR31860674_307765_2,BETA-LACTAM,cephalosporin; penicillin beta-lactam,BETA-LACTAM,FULL,,,
SRR31860674,SRR31860674_353013_1,TRIMETHOPRIM,diaminopyrimidine antibiotic,TRIMETHOPRIM,FULL,,,
SRR31860674,SRR31860674_394414_2,LINCOSAMIDE,lincosamide antibiotic,LINCOSAMIDE,FULL,,,
SRR31860674,SRR31860674_402337_1,QUINOLONE,fluoroquinolone antibiotic,QUINOLONE,FULL,,,
SRR31860674,SRR31860674_414066_1,AMINOGLYCOSIDE,aminoglycoside antibiotic,AMINOGLYCOSIDE,FULL,,,
SRR31860674,SRR31860674_425215_1,SULFONAMIDE,sulfonamide antibiotic,SULFONAMIDE,FULL,,,
SRR31860674,SRR31860674_428913_1,TRIMETHOPRIM,diaminopyrimidine antibiotic,TRIMETHOPRIM,FULL,,,
SRR31860674,SRR31860674_745062_1,TRIMETHOPRIM,diaminopyrimidine antibiotic,TRIMETHOPRIM,FULL,,,
SRR31860674,SRR31860674_751189_1,TRIMETHOPRIM,diaminopyrimidine antibiotic,TRIMETHOPRIM,FULL,,,
SRR31860674,SRR31860674_1100423_1,BETA-LACTAM,cephalosporin; penicillin beta-lactam,BETA-LACTAM,FULL,,,
SRR31860674,SRR31860674_1141520_1,BETA-LACTAM,monobactam; cephalosporin; penicillin beta-lactam,BETA-LACTAM,FULL,,,
SRR31860675,SRR31860675_64303_1,SULFONAMIDE,sulfonamide antibiotic,SULFONAMIDE,FULL,,,
SRR31860675,SRR31860675_106196_3,BETA-LACTAM,cephalosporin,BETA-LACTAM,FULL,,,
SRR31860675,SRR31860675_183345_3,MACROLIDE/STREPTOGRAMIN,macrolide antibiotic; streptogramin antibiotic,MACROLIDE/STREPTOGRAMIN,FULL,,,
SRR31860675,SRR31860675_183345_4,MACROLIDE,macrolide antibiotic,MACROLIDE,FULL,,,
SRR31860675,SRR31860675_351626_1,BETA-LACTAM,monobactam; cephalosporin; penicillin beta-lactam,BETA-LACTAM,FULL,,,
SRR31860677,SRR31860677_1014_2,TETRACYCLINE,tetracycline antibiotic,TETRACYCLINE,FULL,,,
SRR31860677,SRR31860677_90033_1,BETA-LACTAM,monobactam; cephalosporin; penicillin beta-lactam,BETA-LACTAM,FULL,,,
SRR31860679,SRR31860679_2509_1,QUINOLONE,fluoroquinolone antibiotic,QUINOLONE,FULL,,,
SRR31860679,SRR31860679_12766_1,COLISTIN,peptide antibiotic,COLISTIN,FULL,,,
SRR31860679,SRR31860679_32227_1,QUATERNARY AMMONIUM,disinfecting agents and antiseptics,QUATERNARY AMMONIUM,FULL,,,
SRR31860679,SRR31860679_32227_2,SULFONAMIDE,sulfonamide antibiotic,SULFONAMIDE,FULL,,,
SRR31860679,SRR31860679_32945_2,SULFONAMIDE,sulfonamide antibiotic,SULFONAMIDE,FULL,,,
SRR31860679,SRR31860679_40861_2,TETRACYCLINE,tetracycline antibiotic,TETRACYCLINE,FULL,,,
SRR31860679,SRR31860679_107403_2,TETRACYCLINE,tetracycline antibiotic,TETRACYCLINE,FULL,,,
SRR31860679,SRR31860679_149296_1,TRIMETHOPRIM,diaminopyrimidine antibiotic,TRIMETHOPRIM,FULL,,,
SRR31860680,SRR31860680_3799_2,COLISTIN,peptide antibiotic,COLISTIN,FULL,,,
SRR31860680,SRR31860680_17477_1,BETA-LACTAM,cephalosporin,BETA-LACTAM,FULL,,,
SRR31860680,SRR31860680_22234_1,BETA-LACTAM,monobactam; cephalosporin; penicillin beta-lactam,BETA-LACTAM,FULL,,,
SRR31860680,SRR31860680_25085_1,SULFONAMIDE,sulfonamide antibiotic,SULFONAMIDE,FULL,,,
SRR31860680,SRR31860680_47928_1,TRIMETHOPRIM,diaminopyrimidine antibiotic,TRIMETHOPRIM,FULL,,,
SRR31860680,SRR31860680_64408_1,QUINOLONE,fluoroquinolone antibiotic,QUINOLONE,FULL,,,
SRR31860680,SRR31860680_96926_1,TETRACYCLINE,tetracycline antibiotic,TETRACYCLINE,FULL,,,
SRR31860681,SRR31860681_9356_4,BETA-LACTAM,cephalosporin,BETA-LACTAM,FULL,,,
SRR31860681,SRR31860681_56260_1,QUINOLONE,fluoroquinolone antibiotic,QUINOLONE,FULL,,,
SRR31860681,SRR31860681_93054_1,COLISTIN,peptide antibiotic,COLISTIN,FULL,,,
SRR31860681,SRR31860681_101607_2,TETRACYCLINE,tetracycline antibiotic,TETRACYCLINE,FULL,,,
SRR31860681,SRR31860681_101607_5,TRIMETHOPRIM,diaminopyrimidine antibiotic,TRIMETHOPRIM,FULL,,,
SRR31860681,SRR31860681_101607_6,QUATERNARY AMMONIUM,disinfecting agents and antiseptics,QUATERNARY AMMONIUM,FULL,,,
SRR31860681,SRR31860681_101607_7,SULFONAMIDE,sulfonamide antibiotic,SULFONAMIDE,FULL,,,
SRR31860681,SRR31860681_327723_1,TETRACYCLINE,tetracycline antibiotic,TETRACYCLINE,FULL,,,
SRR31860683,SRR31860683_20167_5,AMINOGLYCOSIDE,aminoglycoside antibiotic,AMINOGLYCOSIDE,FULL,,,
SRR31860683,SRR31860683_20167_6,AMINOGLYCOSIDE,aminoglycoside antibiotic,AMINOGLYCOSIDE,FULL,,,
SRR31860683,SRR31860683_36310_3,TRIMETHOPRIM,diaminopyrimidine antibiotic,TRIMETHOPRIM,FULL,,,
SRR31860683,SRR31860683_69500_3,TETRACYCLINE,tetracycline antibiotic,TETRACYCLINE,FULL,,,
SRR31860683,SRR31860683_90505_1,TETRACYCLINE,tetracycline antibiotic,TETRACYCLINE,FULL,,,
SRR31860683,SRR31860683_96168_1,BETA-LACTAM,cephalosporin,BETA-LACTAM,FULL,,,
SRR31860683,SRR31860683_175820_3,TETRACYCLINE,tetracycline antibiotic,TETRACYCLINE,FULL,,,
SRR31860683,SRR31860683_176698_1,SULFONAMIDE,sulfonamide antibiotic,SULFONAMIDE,FULL,,,
SRR31860683,SRR31860683_182258_1,QUATERNARY AMMONIUM,disinfecting agents and antiseptics,QUATERNARY AMMONIUM,FULL,,,
SRR31860683,SRR31860683_194529_6,COLISTIN,peptide antibiotic,COLISTIN,FULL,,,
SRR31860683,SRR31860683_287272_1,TRIMETHOPRIM,diaminopyrimidine antibiotic,TRIMETHOPRIM,FULL,,,
SRR31860683,SRR31860683_367262_2,TETRACYCLINE,tetracycline antibiotic,TETRACYCLINE,FULL,,,
SRR31860683,SRR31860683_385193_1,TRIMETHOPRIM,diaminopyrimidine antibiotic,TRIMETHOPRIM,FULL,,,
SRR31860683,SRR31860683_540232_1,AMINOGLYCOSIDE,aminoglycoside antibiotic,AMINOGLYCOSIDE,FULL,,,
SRR31860683,SRR31860683_666243_1,BETA-LACTAM,cephalosporin; penicillin beta-lactam,BETA-LACTAM,FULL,,,
SRR31860685,SRR31860685_10754_3,QUINOLONE,fluoroquinolone antibiotic,QUINOLONE,FULL,,,
SRR31860685,SRR31860685_10754_6,BETA-LACTAM,cephalosporin; penicillin beta-lactam,BETA-LACTAM,FULL,,,
SRR31860685,SRR31860685_89526_1,AMINOGLYCOSIDE,aminoglycoside antibiotic,AMINOGLYCOSIDE,FULL,,,
SRR31860685,SRR31860685_120908_1,LINCOSAMIDE,lincosamide antibiotic,LINCOSAMIDE,FULL,,,
SRR31860685,SRR31860685_188864_1,BETA-LACTAM,monobactam; cephalosporin; penicillin beta-lactam,BETA-LACTAM,FULL,,,
SRR31860685,SRR31860685_195590_2,SULFONAMIDE,sulfonamide antibiotic,SULFONAMIDE,FULL,,,
SRR31860685,SRR31860685_211864_3,TETRACYCLINE,tetracycline antibiotic,TETRACYCLINE,FULL,,,
SRR31860685,SRR31860685_427241_1,AMINOGLYCOSIDE,aminoglycoside antibiotic,AMINOGLYCOSIDE,FULL,,,
SRR31860685,SRR31860685_427241_2,QUATERNARY AMMONIUM,disinfecting agents and antiseptics,QUATERNARY AMMONIUM,FULL,,,
SRR31860685,SRR31860685_513662_1,FOSFOMYCIN,phosphonic acid antibiotic,FOSFOMYCIN,FULL,,,
SRR31860685,SRR31860685_559552_1,TRIMETHOPRIM,diaminopyrimidine antibiotic,TRIMETHOPRIM,FULL,,,
SRR31860686,SRR31860686_116400_3,TETRACYCLINE,tetracycline antibiotic,TETRACYCLINE,FULL,,,
SRR31860686,SRR31860686_218064_2,SULFONAMIDE,sulfonamide antibiotic,SULFONAMIDE,FULL,,,
SRR31860686,SRR31860686_218064_3,AMINOGLYCOSIDE,aminoglycoside antibiotic,AMINOGLYCOSIDE,FULL,,,
SRR31860686,SRR31860686_218064_4,AMINOGLYCOSIDE,aminoglycoside antibiotic,AMINOGLYCOSIDE,FULL,,,
SRR31860686,SRR31860686_312911_5,TRIMETHOPRIM,diaminopyrimidine antibiotic,TRIMETHOPRIM,FULL,,,
SRR31860687,SRR31860687_29982_4,TETRACYCLINE,tetracycline antibiotic,TETRACYCLINE,FULL,,,
SRR31860687,SRR31860687_46921_2,BETA-LACTAM,penicillin beta-lactam,BETA-LACTAM,FULL,,,
SRR31860687,SRR31860687_54438_3,TETRACYCLINE,tetracycline antibiotic,TETRACYCLINE,FULL,,,
SRR31860687,SRR31860687_54438_10,QUINOLONE,fluoroquinolone antibiotic,QUINOLONE,FULL,,,
SRR31860687,SRR31860687_125425_2,TETRACYCLINE,tetracycline antibiotic,TETRACYCLINE,FULL,,,
SRR31860687,SRR31860687_126350_2,AMINOGLYCOSIDE,aminoglycoside antibiotic,AMINOGLYCOSIDE,FULL,,,
SRR31860687,SRR31860687_142428_3,TETRACYCLINE,tetracycline antibiotic,TETRACYCLINE,FULL,,,
SRR31860687,SRR31860687_143133_1,QUATERNARY AMMONIUM,disinfecting agents and antiseptics,QUATERNARY AMMONIUM,FULL,,,
SRR31860687,SRR31860687_272887_1,TETRACYCLINE,tetracycline antibiotic,TETRACYCLINE,FULL,,,
SRR31860687,SRR31860687_292609_1,TETRACYCLINE,tetracycline antibiotic,TETRACYCLINE,FULL,,,
SRR31860687,SRR31860687_299134_1,AMINOGLYCOSIDE,aminoglycoside antibiotic,AMINOGLYCOSIDE,FULL,,,
SRR31860687,SRR31860687_299134_2,AMINOGLYCOSIDE,aminoglycoside antibiotic,AMINOGLYCOSIDE,FULL,,,
SRR31860687,SRR31860687_343213_1,COLISTIN,peptide antibiotic,COLISTIN,FULL,,,
SRR31860687,SRR31860687_344247_2,SULFONAMIDE,sulfonamide antibiotic,SULFONAMIDE,FULL,,,
SRR31860687,SRR31860687_351579_1,PHENICOL,phenicol antibiotic,PHENICOL,FULL,,,
SRR31860687,SRR31860687_489799_4,QUINOLONE,fluoroquinolone antibiotic,QUINOLONE,FULL,,,
SRR31860687,SRR31860687_747058_1,QUATERNARY AMMONIUM,disinfecting agents and antiseptics,QUATERNARY AMMONIUM,FULL,,,
SRR31860687,SRR31860687_991902_1,LINCOSAMIDE,lincosamide antibiotic,LINCOSAMIDE,FULL,,,
SRR31860687,SRR31860687_1017917_1,TRIMETHOPRIM,diaminopyrimidine antibiotic,TRIMETHOPRIM,FULL,,,
SRR31860687,SRR31860687_1181475_1,AMINOGLYCOSIDE,aminoglycoside antibiotic,AMINOGLYCOSIDE,FULL,,,
SRR31860688,SRR31860688_8072_2,PHENICOL,phenicol antibiotic,PHENICOL,FULL,,,
SRR31860688,SRR31860688_10169_2,TETRACYCLINE,tetracycline antibiotic,TETRACYCLINE,FULL,,,
SRR31860688,SRR31860688_20099_3,TETRACYCLINE,tetracycline antibiotic,TETRACYCLINE,FULL,,,
SRR31860688,SRR31860688_43902_1,QUATERNARY AMMONIUM,disinfecting agents and antiseptics,QUATERNARY AMMONIUM,FULL,,,
SRR31860688,SRR31860688_52683_1,AMINOGLYCOSIDE,aminoglycoside antibiotic,AMINOGLYCOSIDE,FULL,,,
SRR31860688,SRR31860688_74602_1,PHENICOL,phenicol antibiotic,PHENICOL,FULL,,,
SRR31860688,SRR31860688_92947_2,AMINOGLYCOSIDE,aminoglycoside antibiotic,AMINOGLYCOSIDE,FULL,,,
SRR31860688,SRR31860688_116435_1,AMINOGLYCOSIDE,aminoglycoside antibiotic,AMINOGLYCOSIDE,FULL,,,
SRR31860688,SRR31860688_120125_3,TETRACYCLINE,tetracycline antibiotic,TETRACYCLINE,FULL,,,
SRR31860688,SRR31860688_131692_1,AMINOGLYCOSIDE,aminoglycoside antibiotic,AMINOGLYCOSIDE,FULL,,,
SRR31860688,SRR31860688_138608_3,SULFONAMIDE,sulfonamide antibiotic,SULFONAMIDE,FULL,,,
SRR31860688,SRR31860688_138608_4,QUATERNARY AMMONIUM,disinfecting agents and antiseptics,QUATERNARY AMMONIUM,FULL,,,
SRR31860688,SRR31860688_146026_1,QUINOLONE,fluoroquinolone antibiotic,QUINOLONE,FULL,,,
SRR31860688,SRR31860688_150762_1,PHENICOL,phenicol antibiotic,PHENICOL,FULL,,,
SRR31860688,SRR31860688_283058_1,QUINOLONE,fluoroquinolone antibiotic,QUINOLONE,FULL,,,
SRR31860688,SRR31860688_338544_1,TRIMETHOPRIM,diaminopyrimidine antibiotic,TRIMETHOPRIM,FULL,,,
SRR31860688,SRR31860688_475513_2,BETA-LACTAM,cephalosporin; penicillin beta-lactam,BETA-LACTAM,FULL,,,
SRR31860688,SRR31860688_478231_1,BETA-LACTAM,penicillin beta-lactam,BETA-LACTAM,FULL,,,
SRR31860688,SRR31860688_614533_1,PHENICOL,phenicol antibiotic,PHENICOL,FULL,,,
SRR31860688,SRR31860688_614534_1,QUATERNARY AMMONIUM,disinfecting agents and antiseptics,QUATERNARY AMMONIUM,FULL,,,
SRR31860688,SRR31860688_672957_1,RIFAMYCIN,rifamycin antibiotic,RIFAMYCIN,FULL,,,
SRR31860688,SRR31860688_872919_1,QUINOLONE,fluoroquinolone antibiotic,QUINOLONE,FULL,,,
SRR31860689,SRR31860689_1361_5,QUATERNARY AMMONIUM,disinfecting agents and antiseptics,QUATERNARY AMMONIUM,FULL,,,
SRR31860690,SRR31860690_27718_1,TETRACYCLINE,tetracycline antibiotic,TETRACYCLINE,FULL,,,
SRR31860690,SRR31860690_45925_3,TETRACYCLINE,tetracycline antibiotic,TETRACYCLINE,FULL,,,
SRR31860690,SRR31860690_104078_2,BETA-LACTAM,cephalosporin; penicillin beta-lactam,BETA-LACTAM,FULL,,,
SRR31860690,SRR31860690_104078_5,QUINOLONE,fluoroquinolone antibiotic,QUINOLONE,FULL,,,
SRR31860690,SRR31860690_228595_4,TETRACYCLINE,tetracycline antibiotic,TETRACYCLINE,FULL,,,
SRR31860690,SRR31860690_269141_3,TETRACYCLINE,tetracycline antibiotic,TETRACYCLINE,FULL,,,
SRR31860690,SRR31860690_439158_3,TETRACYCLINE,tetracycline antibiotic,TETRACYCLINE,FULL,,,
SRR31860690,SRR31860690_509823_1,TETRACYCLINE,tetracycline antibiotic,TETRACYCLINE,FULL,,,
SRR31860690,SRR31860690_567355_1,QUATERNARY AMMONIUM,disinfecting agents and antiseptics,QUATERNARY AMMONIUM,FULL,,,
SRR31860690,SRR31860690_743749_2,SULFONAMIDE,sulfonamide antibiotic,SULFONAMIDE,FULL,,,
SRR31860690,SRR31860690_783083_1,AMINOGLYCOSIDE,aminoglycoside antibiotic,AMINOGLYCOSIDE,FULL,,,
SRR31860690,SRR31860690_783083_2,AMINOGLYCOSIDE,aminoglycoside antibiotic,AMINOGLYCOSIDE,FULL,,,
SRR31860690,SRR31860690_801369_1,AMINOGLYCOSIDE,aminoglycoside antibiotic,AMINOGLYCOSIDE,FULL,,,
SRR31860690,SRR31860690_859833_1,BETA-LACTAM,monobactam; cephalosporin; penicillin beta-lactam,BETA-LACTAM,FULL,,,
SRR31860690,SRR31860690_1528519_1,LINCOSAMIDE,lincosamide antibiotic,LINCOSAMIDE,FULL,,,
SRR31860690,SRR31860690_1681852_1,AMINOGLYCOSIDE,aminoglycoside antibiotic,AMINOGLYCOSIDE,FULL,,,
SRR31860690,SRR31860690_1681852_2,QUATERNARY AMMONIUM,disinfecting agents and antiseptics,QUATERNARY AMMONIUM,FULL,,,
SRR31860691,SRR31860691_6482_1,QUINOLONE,fluoroquinolone antibiotic,QUINOLONE,FULL,,,
SRR31860691,SRR31860691_59499_1,QUINOLONE,fluoroquinolone antibiotic,QUINOLONE,FULL,,,
SRR31860691,SRR31860691_117925_1,PHENICOL,phenicol antibiotic,PHENICOL,FULL,,,
SRR31860691,SRR31860691_120617_3,MACROLIDE,macrolide antibiotic,MACROLIDE,FULL,,,
SRR31860691,SRR31860691_120617_4,MACROLIDE,macrolide antibiotic,MACROLIDE,FULL,,,
SRR31860691,SRR31860691_123856_1,AMINOGLYCOSIDE,aminoglycoside antibiotic,AMINOGLYCOSIDE,FULL,,,
SRR31860691,SRR31860691_127064_1,TRIMETHOPRIM,diaminopyrimidine antibiotic,TRIMETHOPRIM,FULL,,,
SRR31860691,SRR31860691_127132_1,PHENICOL,phenicol antibiotic,PHENICOL,FULL,,,
SRR31860691,SRR31860691_127944_2,BETA-LACTAM,cephalosporin; penicillin beta-lactam,BETA-LACTAM,FULL,,,
SRR31860691,SRR31860691_150477_1,TRIMETHOPRIM,diaminopyrimidine antibiotic,TRIMETHOPRIM,FULL,,,
SRR31860691,SRR31860691_211360_2,TETRACYCLINE,tetracycline antibiotic,TETRACYCLINE,FULL,,,
SRR31860691,SRR31860691_219626_1,AMINOGLYCOSIDE,aminoglycoside antibiotic,AMINOGLYCOSIDE,FULL,,,
SRR31860691,SRR31860691_225571_3,SULFONAMIDE,sulfonamide antibiotic,SULFONAMIDE,FULL,,,
SRR31860691,SRR31860691_280078_2,TETRACYCLINE,tetracycline antibiotic,TETRACYCLINE,FULL,,,
SRR31860691,SRR31860691_392742_2,SULFONAMIDE,sulfonamide antibiotic,SULFONAMIDE,FULL,,,
SRR31860691,SRR31860691_428270_2,TETRACYCLINE,tetracycline antibiotic,TETRACYCLINE,FULL,,,
SRR31860691,SRR31860691_590584_1,AMINOGLYCOSIDE,aminoglycoside antibiotic,AMINOGLYCOSIDE,FULL,,,
SRR31860691,SRR31860691_590584_2,AMINOGLYCOSIDE,aminoglycoside antibiotic,AMINOGLYCOSIDE,FULL,,,
SRR31860691,SRR31860691_676705_1,AMINOGLYCOSIDE,aminoglycoside antibiotic,AMINOGLYCOSIDE,FULL,,,
SRR31860691,SRR31860691_856629_1,TETRACYCLINE,glycylcycline; tetracycline antibiotic,TETRACYCLINE,FULL,,,
SRR31860691,SRR31860691_1053621_1,BETA-LACTAM,cephalosporin; penicillin beta-lactam,BETA-LACTAM,FULL,,,
SRR31860691,SRR31860691_1094736_1,STREPTOTHRICIN,nucleoside antibiotic,STREPTOTHRICIN,FULL,,,
SRR31860691,SRR31860691_1170414_2,BETA-LACTAM,monobactam; cephalosporin; penicillin beta-lactam,BETA-LACTAM,FULL,,,
SRR31860691,SRR31860691_1200991_1,SULFONAMIDE,sulfonamide antibiotic,SULFONAMIDE,FULL,,,
SRR31860691,SRR31860691_2749309_1,AMINOGLYCOSIDE,aminoglycoside antibiotic,AMINOGLYCOSIDE,FULL,,,
SRR31860692,SRR31860692_2530_1,AMINOGLYCOSIDE,aminoglycoside antibiotic,AMINOGLYCOSIDE,FULL,,,
SRR31860692,SRR31860692_2530_2,AMINOGLYCOSIDE,aminoglycoside antibiotic,AMINOGLYCOSIDE,FULL,,,
SRR31860692,SRR31860692_3265_7,TETRACYCLINE,tetracycline antibiotic,TETRACYCLINE,FULL,,,
SRR31860692,SRR31860692_3695_1,MACROLIDE,macrolide antibiotic,MACROLIDE,FULL,,,
SRR31860692,SRR31860692_4757_2,QUATERNARY AMMONIUM,disinfecting agents and antiseptics,QUATERNARY AMMONIUM,FULL,,,
SRR31860692,SRR31860692_13851_1,LINCOSAMIDE,lincosamide antibiotic,LINCOSAMIDE,FULL,,,
SRR31860692,SRR31860692_17903_1,TETRACYCLINE,glycylcycline; tetracycline antibiotic,TETRACYCLINE,FULL,,,
SRR31860692,SRR31860692_26260_2,SULFONAMIDE,sulfonamide antibiotic,SULFONAMIDE,FULL,,,
SRR31860692,SRR31860692_26260_3,QUATERNARY AMMONIUM,disinfecting agents and antiseptics,QUATERNARY AMMONIUM,FULL,,,
SRR31860692,SRR31860692_26260_4,AMINOGLYCOSIDE,aminoglycoside antibiotic,AMINOGLYCOSIDE,FULL,,,
SRR31860692,SRR31860692_26260_5,TRIMETHOPRIM,diaminopyrimidine antibiotic,TRIMETHOPRIM,FULL,,,
SRR31860692,SRR31860692_28850_4,TETRACYCLINE,tetracycline antibiotic,TETRACYCLINE,FULL,,,
SRR31860692,SRR31860692_159390_1,QUATERNARY AMMONIUM,disinfecting agents and antiseptics,QUATERNARY AMMONIUM,FULL,,,
SRR31860692,SRR31860692_223722_2,BETA-LACTAM,monobactam; cephalosporin; penicillin beta-lactam,BETA-LACTAM,FULL,,,
SRR31860693,SRR31860693_8930_10,QUINOLONE,fluoroquinolone antibiotic,QUINOLONE,FULL,,,
SRR31860693,SRR31860693_14188_4,TETRACYCLINE,tetracycline antibiotic,TETRACYCLINE,FULL,,,
SRR31860693,SRR31860693_80828_1,COLISTIN,peptide antibiotic,COLISTIN,FULL,,,
SRR31860693,SRR31860693_171480_1,QUINOLONE,fluoroquinolone antibiotic,QUINOLONE,FULL,,,
SRR31860693,SRR31860693_484934_2,AMINOGLYCOSIDE,aminoglycoside antibiotic,AMINOGLYCOSIDE,FULL,,,
SRR31860694,SRR31860694_4274_1,BETA-LACTAM,cephalosporin; penicillin beta-lactam,BETA-LACTAM,FULL,,,
SRR31860694,SRR31860694_52536_2,TETRACYCLINE,tetracycline antibiotic,TETRACYCLINE,FULL,,,
SRR31860694,SRR31860694_59054_5,AMINOGLYCOSIDE,aminoglycoside antibiotic,AMINOGLYCOSIDE,FULL,,,
SRR31860694,SRR31860694_59054_6,AMINOGLYCOSIDE,aminoglycoside antibiotic,AMINOGLYCOSIDE,FULL,,,
SRR31860694,SRR31860694_65798_1,TRIMETHOPRIM,diaminopyrimidine antibiotic,TRIMETHOPRIM,FULL,,,
SRR31860694,SRR31860694_103450_2,PHENICOL,phenicol antibiotic,PHENICOL,FULL,,,
SRR31860694,SRR31860694_112379_1,TRIMETHOPRIM,diaminopyrimidine antibiotic,TRIMETHOPRIM,FULL,,,
SRR31860694,SRR31860694_137400_1,FOSFOMYCIN,phosphonic acid antibiotic,FOSFOMYCIN,FULL,,,
SRR31860694,SRR31860694_141327_1,QUINOLONE,fluoroquinolone antibiotic,QUINOLONE,FULL,,,
SRR31860694,SRR31860694_173884_1,AMINOGLYCOSIDE,aminoglycoside antibiotic,AMINOGLYCOSIDE,FULL,,,
SRR31860694,SRR31860694_195936_2,TETRACYCLINE,tetracycline antibiotic,TETRACYCLINE,FULL,,,
SRR31860694,SRR31860694_200784_1,TETRACYCLINE,tetracycline antibiotic,TETRACYCLINE,FULL,,,
SRR31860694,SRR31860694_244261_1,BETA-LACTAM,cephalosporin,BETA-LACTAM,FULL,,,
SRR31860694,SRR31860694_302977_1,AMINOGLYCOSIDE,aminoglycoside antibiotic,AMINOGLYCOSIDE,FULL,,,
SRR31860694,SRR31860694_354053_1,BETA-LACTAM,cephalosporin; penicillin beta-lactam,BETA-LACTAM,FULL,,,
SRR31860694,SRR31860694_354945_1,AMINOGLYCOSIDE,aminoglycoside antibiotic,AMINOGLYCOSIDE,FULL,,,
SRR31860694,SRR31860694_373483_2,LINCOSAMIDE/MACROLIDE/STREPTOGRAMIN,macrolide antibiotic; lincosamide antibiotic; streptogramin antibiotic; streptogramin A antibiotic; streptogramin B antibiotic,LINCOSAMIDE/MACROLIDE/STREPTOGRAMIN,FULL,,,
SRR31860694,SRR31860694_410757_2,QUINOLONE,fluoroquinolone antibiotic,QUINOLONE,FULL,,,
SRR31860694,SRR31860694_440552_2,SULFONAMIDE,sulfonamide antibiotic,SULFONAMIDE,FULL,,,
SRR31860694,SRR31860694_502546_1,MACROLIDE,macrolide antibiotic,MACROLIDE,FULL,,,
SRR31860694,SRR31860694_717880_1,TETRACYCLINE,tetracycline antibiotic,TETRACYCLINE,FULL,,,
SRR31860694,SRR31860694_945577_2,STREPTOTHRICIN,nucleoside antibiotic,STREPTOTHRICIN,FULL,,,
SRR31860695,SRR31860695_13221_5,QUINOLONE,fluoroquinolone antibiotic,QUINOLONE,FULL,,,
SRR31860695,SRR31860695_42623_1,TRIMETHOPRIM,diaminopyrimidine antibiotic,TRIMETHOPRIM,FULL,,,
SRR31860695,SRR31860695_59421_1,BETA-LACTAM,cephalosporin; penicillin beta-lactam,BETA-LACTAM,FULL,,,
SRR31860695,SRR31860695_88926_2,SULFONAMIDE,sulfonamide antibiotic,SULFONAMIDE,FULL,,,
SRR31860695,SRR31860695_107314_3,TETRACYCLINE,tetracycline antibiotic,TETRACYCLINE,FULL,,,
SRR31860695,SRR31860695_122800_7,TETRACYCLINE,tetracycline antibiotic,TETRACYCLINE,FULL,,,
SRR31860695,SRR31860695_129312_1,AMINOGLYCOSIDE,aminoglycoside antibiotic,AMINOGLYCOSIDE,FULL,,,
SRR31860695,SRR31860695_129312_2,AMINOGLYCOSIDE,aminoglycoside antibiotic,AMINOGLYCOSIDE,FULL,,,
SRR31860695,SRR31860695_212403_2,QUATERNARY AMMONIUM,disinfecting agents and antiseptics,QUATERNARY AMMONIUM,FULL,,,
SRR31860695,SRR31860695_212403_3,AMINOGLYCOSIDE,aminoglycoside antibiotic,AMINOGLYCOSIDE,FULL,,,
SRR31860695,SRR31860695_212403_4,TRIMETHOPRIM,diaminopyrimidine antibiotic,TRIMETHOPRIM,FULL,,,
SRR31887149,SRR31887149_910_3,AMINOGLYCOSIDE,aminoglycoside antibiotic,AMINOGLYCOSIDE,FULL,,,
SRR31887149,SRR31887149_11296_2,LINCOSAMIDE,lincosamide antibiotic,LINCOSAMIDE,FULL,,,
SRR31887152,SRR31887152_11365_2,QUATERNARY AMMONIUM,disinfecting agents and antiseptics,QUATERNARY AMMONIUM,FULL,,,
SRR31887152,SRR31887152_16076_2,TETRACYCLINE,tetracycline antibiotic,TETRACYCLINE,FULL,,,
SRR31887152,SRR31887152_20241_2,FOSFOMYCIN,phosphonic acid antibiotic,FOSFOMYCIN,FULL,,,
SRR31887157,SRR31887157_14789_1,TETRACYCLINE,tetracycline antibiotic,TETRACYCLINE,FULL,,,
SRR31887159,SRR31887159_2452_6,AMINOGLYCOSIDE,aminoglycoside antibiotic,AMINOGLYCOSIDE,FULL,,,
SRR31887159,SRR31887159_2452_7,AMINOGLYCOSIDE,aminoglycoside antibiotic,AMINOGLYCOSIDE,FULL,,,
SRR31887159,SRR31887159_4931_3,AMINOGLYCOSIDE,aminoglycoside antibiotic,AMINOGLYCOSIDE,FULL,,,
SRR31887159,SRR31887159_4931_4,QUATERNARY AMMONIUM,disinfecting agents and antiseptics,QUATERNARY AMMONIUM,FULL,,,
SRR31887159,SRR31887159_4931_5,SULFONAMIDE,sulfonamide antibiotic,SULFONAMIDE,FULL,,,
SRR31887159,SRR31887159_160581_3,TETRACYCLINE,tetracycline antibiotic,TETRACYCLINE,FULL,,,
SRR31887159,SRR31887159_367055_1,SULFONAMIDE,sulfonamide antibiotic,SULFONAMIDE,FULL,,,
SRR31887160,SRR31887160_844_1,TETRACYCLINE,tetracycline antibiotic,TETRACYCLINE,FULL,,,
SRR31887161,SRR31887161_951_3,AMINOGLYCOSIDE,aminoglycoside antibiotic,AMINOGLYCOSIDE,FULL,,,
SRR31887161,SRR31887161_951_4,STREPTOTHRICIN,nucleoside antibiotic,STREPTOTHRICIN,FULL,,,
SRR31887161,SRR31887161_951_5,AMINOGLYCOSIDE,aminoglycoside antibiotic,AMINOGLYCOSIDE,FULL,,,
SRR31887162,SRR31887162_2379_2,TETRACYCLINE,tetracycline antibiotic,TETRACYCLINE,FULL,,,
SRR31887164,SRR31887164_2784_2,AMINOGLYCOSIDE,aminoglycoside antibiotic,AMINOGLYCOSIDE,FULL,,,
SRR31887164,SRR31887164_4926_2,AMINOGLYCOSIDE,aminoglycoside antibiotic,AMINOGLYCOSIDE,FULL,,,
SRR31887164,SRR31887164_4926_3,STREPTOTHRICIN,nucleoside antibiotic,STREPTOTHRICIN,FULL,,,
SRR31887164,SRR31887164_4926_4,AMINOGLYCOSIDE,aminoglycoside antibiotic,AMINOGLYCOSIDE,FULL,,,
SRR31887164,SRR31887164_5928_1,TETRACYCLINE,tetracycline antibiotic,TETRACYCLINE,FULL,,,
SRR31887164,SRR31887164_8640_2,LINCOSAMIDE/MACROLIDE/STREPTOGRAMIN,macrolide antibiotic; lincosamide antibiotic; streptogramin antibiotic; streptogramin A antibiotic; streptogramin B antibiotic,LINCOSAMIDE/MACROLIDE/STREPTOGRAMIN,FULL,,,
SRR31887164,SRR31887164_34791_1,TETRACYCLINE,tetracycline antibiotic,TETRACYCLINE,FULL,,,
SRR31887165,SRR31887165_1027_5,PHENICOL,phenicol antibiotic,PHENICOL,FULL,,,
SRR31887165,SRR31887165_2546_1,TETRACYCLINE,tetracycline antibiotic,TETRACYCLINE,FULL,,,
SRR31887166,SRR31887166_2883_1,TETRACYCLINE,tetracycline antibiotic,TETRACYCLINE,FULL,,,
SRR31887166,SRR31887166_23385_1,TETRACYCLINE,tetracycline antibiotic,TETRACYCLINE,FULL,,,
SRR31887166,SRR31887166_50505_1,AMINOGLYCOSIDE,aminoglycoside antibiotic,AMINOGLYCOSIDE,FULL,,,
SRR31887167,SRR31887167_103602_2,AMINOGLYCOSIDE,aminoglycoside antibiotic,AMINOGLYCOSIDE,FULL,,,
SRR31887169,SRR31887169_52124_1,QUATERNARY AMMONIUM,disinfecting agents and antiseptics,QUATERNARY AMMONIUM,FULL,,,
SRR31887169,SRR31887169_200202_1,QUATERNARY AMMONIUM,disinfecting agents and antiseptics,QUATERNARY AMMONIUM,FULL,,,
SRR31887169,SRR31887169_223076_1,FOSFOMYCIN,phosphonic acid antibiotic,FOSFOMYCIN,FULL,,,
SRR31887169,SRR31887169_307336_1,QUATERNARY AMMONIUM,disinfecting agents and antiseptics,QUATERNARY AMMONIUM,FULL,,,
SRR31887170,SRR31887170_4192_1,TETRACYCLINE,tetracycline antibiotic,TETRACYCLINE,FULL,,,
SRR31887170,SRR31887170_5043_1,AMINOGLYCOSIDE,aminoglycoside antibiotic,AMINOGLYCOSIDE,FULL,,,
SRR31887178,SRR31887178_6338_1,AMINOGLYCOSIDE,aminoglycoside antibiotic,AMINOGLYCOSIDE,FULL,,,
SRR31887185,SRR31887185_1647_1,TETRACYCLINE,tetracycline antibiotic,TETRACYCLINE,FULL,,,
SRR31887185,SRR31887185_1647_2,AMINOGLYCOSIDE,aminoglycoside antibiotic,AMINOGLYCOSIDE,FULL,,,
SRR31887189,SRR31887189_5644_4,AMINOGLYCOSIDE,aminoglycoside antibiotic,AMINOGLYCOSIDE,FULL,,,
SRR31887196,SRR31887196_2144_3,BETA-LACTAM,penicillin beta-lactam,BETA-LACTAM,FULL,,,
SRR31887196,SRR31887196_5385_1,LINCOSAMIDE,lincosamide antibiotic,LINCOSAMIDE,FULL,,,
SRR31887196,SRR31887196_10315_1,FOSFOMYCIN,phosphonic acid antibiotic,FOSFOMYCIN,FULL,,,
SRR31887197,SRR31887197_3855_1,AMINOGLYCOSIDE,aminoglycoside antibiotic,AMINOGLYCOSIDE,FULL,,,
SRR31887197,SRR31887197_8977_7,TETRACYCLINE,tetracycline antibiotic,TETRACYCLINE,FULL,,,
SRR31887197,SRR31887197_14512_2,AMINOGLYCOSIDE,aminoglycoside antibiotic,AMINOGLYCOSIDE,FULL,,,
SRR31887201,SRR31887201_36818_2,FOSFOMYCIN,phosphonic acid antibiotic,FOSFOMYCIN,FULL,,,
SRR31887201,SRR31887201_118732_1,TETRACYCLINE,tetracycline antibiotic,TETRACYCLINE,FULL,,,
SRR31887201,SRR31887201_251600_1,QUATERNARY AMMONIUM,disinfecting agents and antiseptics,QUATERNARY AMMONIUM,FULL,,,
SRR31887201,SRR31887201_573083_1,QUATERNARY AMMONIUM,disinfecting agents and antiseptics,QUATERNARY AMMONIUM,FULL,,,
SRR31887203,SRR31887203_3918_1,QUATERNARY AMMONIUM,disinfecting agents and antiseptics,QUATERNARY AMMONIUM,FULL,,,
SRR31887203,SRR31887203_33748_1,FOSFOMYCIN,phosphonic acid antibiotic,FOSFOMYCIN,FULL,,,
SRR31887203,SRR31887203_40947_1,FOSFOMYCIN,phosphonic acid antibiotic,FOSFOMYCIN,FULL,,,
SRR31887203,SRR31887203_73323_1,TETRACYCLINE,tetracycline antibiotic,TETRACYCLINE,FULL,,,
SRR31887205,SRR31887205_10241_1,TETRACYCLINE,tetracycline antibiotic,TETRACYCLINE,FULL,,,
SRR31887205,SRR31887205_116018_1,PHENICOL,phenicol antibiotic,PHENICOL,FULL,,,
SRR31887205,SRR31887205_162295_1,FOSFOMYCIN,phosphonic acid antibiotic,FOSFOMYCIN,FULL,,,
SRR31887205,SRR31887205_208460_1,QUATERNARY AMMONIUM,disinfecting agents and antiseptics,QUATERNARY AMMONIUM,FULL,,,
SRR31887213,SRR31887213_7761_1,QUATERNARY AMMONIUM,disinfecting agents and antiseptics,QUATERNARY AMMONIUM,FULL,,,
SRR31887218,SRR31887218_3605_4,AMINOGLYCOSIDE,aminoglycoside antibiotic,AMINOGLYCOSIDE,FULL,,,
SRR31887219,SRR31887219_11361_2,AMINOGLYCOSIDE,aminoglycoside antibiotic,AMINOGLYCOSIDE,FULL,,,
SRR31887220,SRR31887220_503_5,LINCOSAMIDE/STREPTOGRAMIN,lincosamide antibiotic; streptogramin antibiotic; pleuromutilin antibiotic,LINCOSAMIDE/STREPTOGRAMIN,PARTIAL,,PLEUROMUTILIN,
SRR31887220,SRR31887220_503_6,LINCOSAMIDE,lincosamide antibiotic,LINCOSAMIDE,FULL,,,
SRR31887220,SRR31887220_4126_2,LINCOSAMIDE/MACROLIDE/STREPTOGRAMIN,macrolide antibiotic; lincosamide antibiotic; streptogramin antibiotic; streptogramin A antibiotic; streptogramin B antibiotic,LINCOSAMIDE/MACROLIDE/STREPTOGRAMIN,FULL,,,
SRR31887232,SRR31887232_24522_1,AMINOGLYCOSIDE,aminoglycoside antibiotic,AMINOGLYCOSIDE,FULL,,,
SRR31887232,SRR31887232_144575_2,AMINOGLYCOSIDE,aminoglycoside antibiotic,AMINOGLYCOSIDE,FULL,,,
SRR31887240,SRR31887240_2778_3,AMINOGLYCOSIDE,aminoglycoside antibiotic,AMINOGLYCOSIDE,FULL,,,
SRR31887242,SRR31887242_7731_1,LINCOSAMIDE,lincosamide antibiotic,LINCOSAMIDE,FULL,,,
SRR31887244,SRR31887244_488_1,TETRACYCLINE,tetracycline antibiotic,TETRACYCLINE,FULL,,,
SRR31887247,SRR31887247_4653_2,TETRACYCLINE,tetracycline antibiotic,TETRACYCLINE,FULL,,,
SRR31887247,SRR31887247_6969_2,LINCOSAMIDE/MACROLIDE/STREPTOGRAMIN,macrolide antibiotic; lincosamide antibiotic; streptogramin antibiotic; streptogramin A antibiotic; streptogramin B antibiotic,LINCOSAMIDE/MACROLIDE/STREPTOGRAMIN,FULL,,,
SRR31887247,SRR31887247_6969_4,AMINOGLYCOSIDE,aminoglycoside antibiotic,AMINOGLYCOSIDE,FULL,,,
SRR31887247,SRR31887247_6969_5,STREPTOTHRICIN,nucleoside antibiotic,STREPTOTHRICIN,FULL,,,
SRR31887247,SRR31887247_6969_6,AMINOGLYCOSIDE,aminoglycoside antibiotic,AMINOGLYCOSIDE,FULL,,,
SRR31887250,SRR31887250_2655_1,LINCOSAMIDE,lincosamide antibiotic,LINCOSAMIDE,FULL,,,
SRR31887253,SRR31887253_22643_3,AMINOGLYCOSIDE,aminoglycoside antibiotic,AMINOGLYCOSIDE,FULL,,,
SRR31887254,SRR31887254_5045_3,BETA-LACTAM,penicillin beta-lactam,BETA-LACTAM,FULL,,,
SRR31887254,SRR31887254_13673_2,FOSFOMYCIN,phosphonic acid antibiotic,FOSFOMYCIN,FULL,,,
SRR31887254,SRR31887254_91518_1,LINCOSAMIDE,lincosamide antibiotic,LINCOSAMIDE,FULL,,,
SRR31887254,SRR31887254_93412_1,QUATERNARY AMMONIUM,disinfecting agents and antiseptics,QUATERNARY AMMONIUM,FULL,,,
SRR31887256,SRR31887256_46602_1,QUATERNARY AMMONIUM,disinfecting agents and antiseptics,QUATERNARY AMMONIUM,FULL,,,
SRR31887259,SRR31887259_14379_2,AMINOGLYCOSIDE,aminoglycoside antibiotic,AMINOGLYCOSIDE,FULL,,,
SRR31887260,SRR31887260_2254_2,STREPTOGRAMIN,streptogramin antibiotic; streptogramin A antibiotic,STREPTOGRAMIN,FULL,,,
SRR31887260,SRR31887260_11576_1,STREPTOGRAMIN,streptogramin antibiotic; streptogramin A antibiotic,STREPTOGRAMIN,FULL,,,
SRR31887262,SRR31887262_7382_1,TETRACYCLINE,tetracycline antibiotic,TETRACYCLINE,FULL,,,
SRR31887262,SRR31887262_30130_1,LINCOSAMIDE/MACROLIDE/STREPTOGRAMIN,macrolide antibiotic; lincosamide antibiotic; streptogramin antibiotic; streptogramin A antibiotic; streptogramin B antibiotic,LINCOSAMIDE/MACROLIDE/STREPTOGRAMIN,FULL,,,
SRR31887264,SRR31887264_10694_2,NITROFURAN/PHENICOL/QUINOLONE/TETRACYCLINE,fluoroquinolone antibiotic; tetracycline antibiotic,QUINOLONE/TETRACYCLINE,PARTIAL,NITROFURAN/PHENICOL,,
SRR31887264,SRR31887264_85732_1,AMINOGLYCOSIDE,aminoglycoside antibiotic,AMINOGLYCOSIDE,FULL,,,
SRR31887273,SRR31887273_1311_2,FOSFOMYCIN,phosphonic acid antibiotic,FOSFOMYCIN,FULL,,,
SRR31887273,SRR31887273_9047_2,MACROLIDE/STREPTOGRAMIN,macrolide antibiotic; streptogramin antibiotic; streptogramin B antibiotic,MACROLIDE/STREPTOGRAMIN,FULL,,,
SRR31887273,SRR31887273_9320_1,QUATERNARY AMMONIUM,disinfecting agents and antiseptics,QUATERNARY AMMONIUM,FULL,,,
SRR31887275,SRR31887275_7377_2,AMINOGLYCOSIDE,aminoglycoside antibiotic,AMINOGLYCOSIDE,FULL,,,
SRR31887281,SRR31887281_17946_2,AMINOGLYCOSIDE,aminoglycoside antibiotic,AMINOGLYCOSIDE,FULL,,,
SRR31887283,SRR31887283_11090_1,AMINOGLYCOSIDE,aminoglycoside antibiotic,AMINOGLYCOSIDE,FULL,,,
SRR31887284,SRR31887284_13868_2,AMINOGLYCOSIDE,aminoglycoside antibiotic,AMINOGLYCOSIDE,FULL,,,
SRR31887284,SRR31887284_49355_2,AMINOGLYCOSIDE,aminoglycoside antibiotic,AMINOGLYCOSIDE,FULL,,,
SRR31887285,SRR31887285_7949_2,AMINOGLYCOSIDE,aminoglycoside antibiotic,AMINOGLYCOSIDE,FULL,,,
SRR31887285,SRR31887285_32788_1,AMINOGLYCOSIDE,aminoglycoside antibiotic,AMINOGLYCOSIDE,FULL,,,
SRR31887285,SRR31887285_32788_2,AMINOGLYCOSIDE,aminoglycoside antibiotic,AMINOGLYCOSIDE,FULL,,,
SRR31887286,SRR31887286_11367_1,AMINOGLYCOSIDE,aminoglycoside antibiotic,AMINOGLYCOSIDE,FULL,,,
SRR31887286,SRR31887286_44822_1,AMINOGLYCOSIDE,aminoglycoside antibiotic,AMINOGLYCOSIDE,FULL,,,
SRR31887286,SRR31887286_44822_2,AMINOGLYCOSIDE,aminoglycoside antibiotic,AMINOGLYCOSIDE,FULL,,,
SRR31887287,SRR31887287_9909_1,QUATERNARY AMMONIUM,disinfecting agents and antiseptics,QUATERNARY AMMONIUM,FULL,,,
SRR31887287,SRR31887287_25072_1,QUATERNARY AMMONIUM,disinfecting agents and antiseptics,QUATERNARY AMMONIUM,FULL,,,
SRR31887287,SRR31887287_26578_1,QUATERNARY AMMONIUM,disinfecting agents and antiseptics,QUATERNARY AMMONIUM,FULL,,,
SRR31887287,SRR31887287_64932_1,FOSFOMYCIN,phosphonic acid antibiotic,FOSFOMYCIN,FULL,,,
SRR31887287,SRR31887287_67784_1,QUATERNARY AMMONIUM,disinfecting agents and antiseptics,QUATERNARY AMMONIUM,FULL,,,
SRR31887293,SRR31887293_10740_1,AMINOGLYCOSIDE,aminoglycoside antibiotic,AMINOGLYCOSIDE,FULL,,,
SRR31887293,SRR31887293_11023_2,AMINOGLYCOSIDE,aminoglycoside antibiotic,AMINOGLYCOSIDE,FULL,,,
SRR31887293,SRR31887293_48521_2,AMINOGLYCOSIDE,aminoglycoside antibiotic,AMINOGLYCOSIDE,FULL,,,
SRR31887295,SRR31887295_4799_2,AMINOGLYCOSIDE,aminoglycoside antibiotic,AMINOGLYCOSIDE,FULL,,,
SRR31887295,SRR31887295_8829_2,TETRACYCLINE,tetracycline antibiotic,TETRACYCLINE,FULL,,,
SRR31887296,SRR31887296_10389_2,TETRACYCLINE,tetracycline antibiotic,TETRACYCLINE,FULL,,,
SRR31887296,SRR31887296_21629_2,QUATERNARY AMMONIUM,disinfecting agents and antiseptics,QUATERNARY AMMONIUM,FULL,,,
SRR31887298,SRR31887298_6384_2,AMINOGLYCOSIDE,aminoglycoside antibiotic,AMINOGLYCOSIDE,FULL,,,
SRR31887298,SRR31887298_28216_2,QUATERNARY AMMONIUM,disinfecting agents and antiseptics,QUATERNARY AMMONIUM,FULL,,,
SRR31887303,SRR31887303_1615_2,AMINOGLYCOSIDE,aminoglycoside antibiotic,AMINOGLYCOSIDE,FULL,,,
SRR31887303,SRR31887303_1615_3,STREPTOTHRICIN,nucleoside antibiotic,STREPTOTHRICIN,FULL,,,
SRR31887303,SRR31887303_1615_4,AMINOGLYCOSIDE,aminoglycoside antibiotic,AMINOGLYCOSIDE,FULL,,,
SRR31887303,SRR31887303_6168_3,LINCOSAMIDE/MACROLIDE/STREPTOGRAMIN,macrolide antibiotic; lincosamide antibiotic; streptogramin antibiotic; streptogramin A antibiotic; streptogramin B antibiotic,LINCOSAMIDE/MACROLIDE/STREPTOGRAMIN,FULL,,,
SRR31887303,SRR31887303_47950_1,AMINOGLYCOSIDE,aminoglycoside antibiotic,AMINOGLYCOSIDE,FULL,,,
SRR31887305,SRR31887305_1052_1,LINCOSAMIDE/MACROLIDE/STREPTOGRAMIN,macrolide antibiotic; lincosamide antibiotic; streptogramin antibiotic; streptogramin A antibiotic; streptogramin B antibiotic,LINCOSAMIDE/MACROLIDE/STREPTOGRAMIN,FULL,,,
SRR31887305,SRR31887305_1850_2,AMINOGLYCOSIDE,aminoglycoside antibiotic,AMINOGLYCOSIDE,FULL,,,
SRR31887305,SRR31887305_6211_1,TETRACYCLINE,tetracycline antibiotic,TETRACYCLINE,FULL,,,
SRR31887311,SRR31887311_6598_1,LINCOSAMIDE,lincosamide antibiotic,LINCOSAMIDE,FULL,,,
SRR31887314,SRR31887314_256_1,LINCOSAMIDE,lincosamide antibiotic,LINCOSAMIDE,FULL,,,
SRR31887314,SRR31887314_1279_1,TETRACYCLINE,tetracycline antibiotic,TETRACYCLINE,FULL,,,
SRR31887321,SRR31887321_3572_2,AMINOGLYCOSIDE,aminoglycoside antibiotic,AMINOGLYCOSIDE,FULL,,,
SRR31887321,SRR31887321_11911_1,LINCOSAMIDE,lincosamide antibiotic,LINCOSAMIDE,FULL,,,
SRR31887321,SRR31887321_20559_1,AMINOGLYCOSIDE,aminoglycoside antibiotic,AMINOGLYCOSIDE,FULL,,,
SRR31887321,SRR31887321_20559_2,AMINOGLYCOSIDE,aminoglycoside antibiotic,AMINOGLYCOSIDE,FULL,,,
SRR31887327,SRR31887327_8294_2,TETRACYCLINE,tetracycline antibiotic,TETRACYCLINE,FULL,,,
SRR31887328,SRR31887328_9043_2,PHENICOL,phenicol antibiotic,PHENICOL,FULL,,,
SRR31887328,SRR31887328_18503_3,AMINOGLYCOSIDE,aminoglycoside antibiotic,AMINOGLYCOSIDE,FULL,,,
SRR31887328,SRR31887328_18503_4,STREPTOTHRICIN,nucleoside antibiotic,STREPTOTHRICIN,FULL,,,
SRR31887328,SRR31887328_18503_5,AMINOGLYCOSIDE,aminoglycoside antibiotic,AMINOGLYCOSIDE,FULL,,,
SRR31887328,SRR31887328_19911_2,BETA-LACTAM,monobactam; cephalosporin; penicillin beta-lactam,BETA-LACTAM,FULL,,,
SRR31887328,SRR31887328_19911_3,AMINOGLYCOSIDE,aminoglycoside antibiotic,AMINOGLYCOSIDE,FULL,,,
SRR31887328,SRR31887328_19911_4,AMINOGLYCOSIDE,aminoglycoside antibiotic,AMINOGLYCOSIDE,FULL,,,
SRR31887328,SRR31887328_47143_2,LINCOSAMIDE/MACROLIDE/STREPTOGRAMIN,macrolide antibiotic; lincosamide antibiotic; streptogramin antibiotic; streptogramin A antibiotic; streptogramin B antibiotic,LINCOSAMIDE/MACROLIDE/STREPTOGRAMIN,FULL,,,
SRR31887328,SRR31887328_51039_2,TETRACYCLINE,tetracycline antibiotic,TETRACYCLINE,FULL,,,
SRR31887328,SRR31887328_89195_1,QUATERNARY AMMONIUM,disinfecting agents and antiseptics,QUATERNARY AMMONIUM,FULL,,,
SRR31887328,SRR31887328_111880_1,LINCOSAMIDE,lincosamide antibiotic,LINCOSAMIDE,FULL,,,
SRR31887329,SRR31887329_1576_2,AMINOGLYCOSIDE,aminoglycoside antibiotic,AMINOGLYCOSIDE,FULL,,,
SRR31887330,SRR31887330_37419_2,AMINOGLYCOSIDE,aminoglycoside antibiotic,AMINOGLYCOSIDE,FULL,,,
SRR31887330,SRR31887330_44774_2,LINCOSAMIDE/MACROLIDE/STREPTOGRAMIN,macrolide antibiotic; lincosamide antibiotic; streptogramin antibiotic; streptogramin A antibiotic; streptogramin B antibiotic,LINCOSAMIDE/MACROLIDE/STREPTOGRAMIN,FULL,,,
SRR31887330,SRR31887330_56279_1,TETRACYCLINE,tetracycline antibiotic,TETRACYCLINE,FULL,,,
SRR31887331,SRR31887331_10460_2,FOSFOMYCIN,phosphonic acid antibiotic,FOSFOMYCIN,FULL,,,
SRR31887331,SRR31887331_11379_1,TETRACYCLINE,tetracycline antibiotic,TETRACYCLINE,FULL,,,
SRR31887331,SRR31887331_26939_1,TETRACYCLINE,tetracycline antibiotic,TETRACYCLINE,FULL,,,
SRR31887331,SRR31887331_67720_1,QUATERNARY AMMONIUM,disinfecting agents and antiseptics,QUATERNARY AMMONIUM,FULL,,,
SRR31887332,SRR31887332_6412_1,TETRACYCLINE,tetracycline antibiotic,TETRACYCLINE,FULL,,,
SRR31887333,SRR31887333_9411_2,LINCOSAMIDE/MACROLIDE/STREPTOGRAMIN,macrolide antibiotic; lincosamide antibiotic; streptogramin antibiotic; streptogramin A antibiotic; streptogramin B antibiotic,LINCOSAMIDE/MACROLIDE/STREPTOGRAMIN,FULL,,,
SRR31887333,SRR31887333_9411_5,AMINOGLYCOSIDE,aminoglycoside antibiotic,AMINOGLYCOSIDE,FULL,,,
SRR31887339,SRR31887339_19881_2,LINCOSAMIDE/MACROLIDE/STREPTOGRAMIN,macrolide antibiotic; lincosamide antibiotic; streptogramin antibiotic; streptogramin A antibiotic; streptogramin B antibiotic,LINCOSAMIDE/MACROLIDE/STREPTOGRAMIN,FULL,,,
SRR31887340,SRR31887340_6144_2,AMINOGLYCOSIDE,aminoglycoside antibiotic,AMINOGLYCOSIDE,FULL,,,
SRR31887342,SRR31887342_437_2,TETRACYCLINE,tetracycline antibiotic,TETRACYCLINE,FULL,,,
SRR32621685,SRR32621685_10881_8,NITROFURAN/PHENICOL/QUINOLONE/TETRACYCLINE,fluoroquinolone antibiotic; tetracycline antibiotic,QUINOLONE/TETRACYCLINE,PARTIAL,NITROFURAN/PHENICOL,,
SRR32621685,SRR32621685_41043_8,BETA-LACTAM,cephalosporin,BETA-LACTAM,FULL,,,
SRR32621687,SRR32621687_8455_22,NITROFURAN/PHENICOL/QUINOLONE/TETRACYCLINE,fluoroquinolone antibiotic; tetracycline antibiotic,QUINOLONE/TETRACYCLINE,PARTIAL,NITROFURAN/PHENICOL,,
SRR32621687,SRR32621687_33633_2,BETA-LACTAM,cephalosporin,BETA-LACTAM,FULL,,,
SRR32621688,SRR32621688_14762_6,BETA-LACTAM,cephalosporin,BETA-LACTAM,FULL,,,
SRR32641857,SRR32641857_5804_1,QUATERNARY AMMONIUM,disinfecting agents and antiseptics,QUATERNARY AMMONIUM,FULL,,,
SRR32641857,SRR32641857_28596_1,LINCOSAMIDE/MACROLIDE/STREPTOGRAMIN,macrolide antibiotic; lincosamide antibiotic; streptogramin antibiotic; streptogramin A antibiotic; streptogramin B antibiotic,LINCOSAMIDE/MACROLIDE/STREPTOGRAMIN,FULL,,,
SRR32641857,SRR32641857_30223_2,BETA-LACTAM,monobactam; cephalosporin; penicillin beta-lactam,BETA-LACTAM,FULL,,,
SRR32641857,SRR32641857_30606_1,LINCOSAMIDE,lincosamide antibiotic,LINCOSAMIDE,FULL,,,
SRR32641857,SRR32641857_56290_1,FOSFOMYCIN,phosphonic acid antibiotic,FOSFOMYCIN,FULL,,,
SRR32641857,SRR32641857_57074_1,BETA-LACTAM,penicillin beta-lactam,BETA-LACTAM,FULL,,,
SRR32641868,SRR32641868_7368_2,BETA-LACTAM,monobactam; cephalosporin; penicillin beta-lactam,BETA-LACTAM,FULL,,,
SRR32641869,SRR32641869_829_2,AMINOGLYCOSIDE,aminoglycoside antibiotic,AMINOGLYCOSIDE,FULL,,,
SRR32641869,SRR32641869_5964_3,MACROLIDE,macrolide antibiotic,MACROLIDE,FULL,,,
SRR32641869,SRR32641869_5964_4,MACROLIDE,macrolide antibiotic,MACROLIDE,FULL,,,
SRR32641869,SRR32641869_10550_2,SULFONAMIDE,sulfonamide antibiotic,SULFONAMIDE,FULL,,,
SRR32641869,SRR32641869_11503_6,TETRACYCLINE,tetracycline antibiotic,TETRACYCLINE,FULL,,,
SRR32641869,SRR32641869_14679_1,BETA-LACTAM,cephalosporin; penicillin beta-lactam,BETA-LACTAM,FULL,,,
SRR32641869,SRR32641869_14679_2,PHENICOL,phenicol antibiotic,PHENICOL,FULL,,,
SRR32641869,SRR32641869_16735_3,BETA-LACTAM,carbapenem; cephalosporin; penicillin beta-lactam,BETA-LACTAM,FULL,,,
SRR32641869,SRR32641869_20966_1,QUATERNARY AMMONIUM,disinfecting agents and antiseptics,QUATERNARY AMMONIUM,FULL,,,
SRR32641869,SRR32641869_20966_2,SULFONAMIDE,sulfonamide antibiotic,SULFONAMIDE,FULL,,,
SRR32641869,SRR32641869_22337_2,AMINOGLYCOSIDE,aminoglycoside antibiotic,AMINOGLYCOSIDE,FULL,,,
SRR32641869,SRR32641869_22433_1,TRIMETHOPRIM,diaminopyrimidine antibiotic,TRIMETHOPRIM,FULL,,,
SRR32641869,SRR32641869_24691_1,BETA-LACTAM,penicillin beta-lactam,BETA-LACTAM,FULL,,,
SRR32641869,SRR32641869_24691_2,AMINOGLYCOSIDE,aminoglycoside antibiotic,AMINOGLYCOSIDE,FULL,,,
SRR32641869,SRR32641869_39098_2,BETA-LACTAM,cephalosporin; penicillin beta-lactam,BETA-LACTAM,FULL,,,
SRR32641869,SRR32641869_66728_1,AMINOGLYCOSIDE,aminoglycoside antibiotic,AMINOGLYCOSIDE,FULL,,,
SRR32641869,SRR32641869_67561_1,AMINOGLYCOSIDE,aminoglycoside antibiotic,AMINOGLYCOSIDE,FULL,,,
SRR32641869,SRR32641869_75255_1,AMINOGLYCOSIDE,aminoglycoside antibiotic,AMINOGLYCOSIDE,FULL,,,
SRR32641869,SRR32641869_77677_1,MACROLIDE,macrolide antibiotic,MACROLIDE,FULL,,,
SRR32641869,SRR32641869_81967_1,RIFAMYCIN,rifamycin antibiotic,RIFAMYCIN,FULL,,,
SRR32641870,SRR32641870_28279_1,BETA-LACTAM,monobactam; cephalosporin; penicillin beta-lactam,BETA-LACTAM,FULL,,,
SRR32641870,SRR32641870_72613_1,LINCOSAMIDE,lincosamide antibiotic,LINCOSAMIDE,FULL,,,
SRR32641871,SRR32641871_3244_1,STREPTOGRAMIN,streptogramin antibiotic; streptogramin A antibiotic,STREPTOGRAMIN,FULL,,,
SRR32641871,SRR32641871_4263_6,AMINOGLYCOSIDE,aminoglycoside antibiotic,AMINOGLYCOSIDE,FULL,,,
SRR32641871,SRR32641871_6154_1,BETA-LACTAM,monobactam; cephalosporin; penicillin beta-lactam,BETA-LACTAM,FULL,,,
SRR32641871,SRR32641871_7825_1,TETRACYCLINE,tetracycline antibiotic,TETRACYCLINE,FULL,,,
SRR32641871,SRR32641871_8952_2,SULFONAMIDE,sulfonamide antibiotic,SULFONAMIDE,FULL,,,
SRR32641871,SRR32641871_14514_1,LINCOSAMIDE,lincosamide antibiotic,LINCOSAMIDE,FULL,,,
SRR32641871,SRR32641871_16221_2,TETRACYCLINE,tetracycline antibiotic,TETRACYCLINE,FULL,,,
SRR32641871,SRR32641871_33228_1,AMINOGLYCOSIDE,aminoglycoside antibiotic,AMINOGLYCOSIDE,FULL,,,
SRR32641871,SRR32641871_34429_1,LINCOSAMIDE/MACROLIDE/STREPTOGRAMIN,macrolide antibiotic; lincosamide antibiotic; streptogramin antibiotic; streptogramin A antibiotic; streptogramin B antibiotic,LINCOSAMIDE/MACROLIDE/STREPTOGRAMIN,FULL,,,
SRR32641871,SRR32641871_60588_1,AMINOGLYCOSIDE,aminoglycoside antibiotic,AMINOGLYCOSIDE,FULL,,,
SRR32641871,SRR32641871_60588_2,AMINOGLYCOSIDE,aminoglycoside antibiotic,AMINOGLYCOSIDE,FULL,,,
SRR32641875,SRR32641875_4574_2,AMINOGLYCOSIDE,aminoglycoside antibiotic,AMINOGLYCOSIDE,FULL,,,
SRR32641876,SRR32641876_8947_1,BETA-LACTAM,monobactam; cephalosporin; penicillin beta-lactam,BETA-LACTAM,FULL,,,
SRR32641876,SRR32641876_24919_1,TETRACYCLINE,tetracycline antibiotic,TETRACYCLINE,FULL,,,
SRR32641876,SRR32641876_57002_1,AMINOGLYCOSIDE,aminoglycoside antibiotic,AMINOGLYCOSIDE,FULL,,,
SRR32641876,SRR32641876_128957_1,FOSFOMYCIN,phosphonic acid antibiotic,FOSFOMYCIN,FULL,,,
SRR33335415,SRR33335415_19584_1,LINCOSAMIDE,lincosamide antibiotic,LINCOSAMIDE,FULL,,,
SRR33335415,SRR33335415_29411_1,LINCOSAMIDE,lincosamide antibiotic,LINCOSAMIDE,FULL,,,
SRR33335449,SRR33335449_624621_1,TETRACYCLINE,tetracycline antibiotic,TETRACYCLINE,FULL,,,
SRR33335468,SRR33335468_140374_1,LINCOSAMIDE,lincosamide antibiotic,LINCOSAMIDE,FULL,,,
SRR33902034,SRR33902034_9057_3,COLISTIN,peptide antibiotic,COLISTIN,FULL,,,
SRR33902034,SRR33902034_23164_1,SULFONAMIDE,sulfonamide antibiotic,SULFONAMIDE,FULL,,,
SRR33902034,SRR33902034_117033_5,TETRACYCLINE,tetracycline antibiotic,TETRACYCLINE,FULL,,,
SRR33902034,SRR33902034_161380_1,BETA-LACTAM,monobactam; cephalosporin; penicillin beta-lactam,BETA-LACTAM,FULL,,,
SRR33902037,SRR33902037_52298_1,AMINOGLYCOSIDE,aminoglycoside antibiotic,AMINOGLYCOSIDE,FULL,,,
SRR33902037,SRR33902037_52298_2,AMINOGLYCOSIDE,aminoglycoside antibiotic,AMINOGLYCOSIDE,FULL,,,
SRR33902037,SRR33902037_94790_3,TETRACYCLINE,tetracycline antibiotic,TETRACYCLINE,FULL,,,
SRR33902037,SRR33902037_120901_2,SULFONAMIDE,sulfonamide antibiotic,SULFONAMIDE,FULL,,,
SRR33902037,SRR33902037_126536_1,BETA-LACTAM,cephalosporin; penicillin beta-lactam,BETA-LACTAM,FULL,,,
SRR33902037,SRR33902037_200960_1,MACROLIDE,macrolide antibiotic,MACROLIDE,FULL,,,
SRR33902037,SRR33902037_232516_2,TETRACYCLINE,tetracycline antibiotic,TETRACYCLINE,FULL,,,
SRR33902037,SRR33902037_411234_3,QUATERNARY AMMONIUM,disinfecting agents and antiseptics,QUATERNARY AMMONIUM,FULL,,,
SRR33902037,SRR33902037_427845_2,AMINOGLYCOSIDE,aminoglycoside antibiotic,AMINOGLYCOSIDE,FULL,,,
SRR33902037,SRR33902037_440167_2,QUATERNARY AMMONIUM,disinfecting agents and antiseptics,QUATERNARY AMMONIUM,FULL,,,
SRR33902037,SRR33902037_506041_1,AMINOGLYCOSIDE,aminoglycoside antibiotic,AMINOGLYCOSIDE,FULL,,,
SRR33902037,SRR33902037_510687_1,TETRACYCLINE,tetracycline antibiotic,TETRACYCLINE,FULL,,,
SRR33902037,SRR33902037_606235_2,MACROLIDE,macrolide antibiotic,MACROLIDE,FULL,,,
SRR33902037,SRR33902037_606235_3,MACROLIDE/STREPTOGRAMIN,macrolide antibiotic; streptogramin antibiotic,MACROLIDE/STREPTOGRAMIN,FULL,,,
SRR33902038,SRR33902038_83317_1,AMINOGLYCOSIDE,aminoglycoside antibiotic,AMINOGLYCOSIDE,FULL,,,
SRR33902038,SRR33902038_83317_2,AMINOGLYCOSIDE,aminoglycoside antibiotic,AMINOGLYCOSIDE,FULL,,,
SRR33902038,SRR33902038_133571_3,SULFONAMIDE,sulfonamide antibiotic,SULFONAMIDE,FULL,,,
SRR33902038,SRR33902038_133571_4,QUATERNARY AMMONIUM,disinfecting agents and antiseptics,QUATERNARY AMMONIUM,FULL,,,
SRR33902038,SRR33902038_283634_3,TETRACYCLINE,tetracycline antibiotic,TETRACYCLINE,FULL,,,
SRR33902038,SRR33902038_363505_1,SULFONAMIDE,sulfonamide antibiotic,SULFONAMIDE,FULL,,,
SRR33902038,SRR33902038_379969_1,TETRACYCLINE,tetracycline antibiotic,TETRACYCLINE,FULL,,,
SRR33902038,SRR33902038_461954_1,AMINOGLYCOSIDE,aminoglycoside antibiotic,AMINOGLYCOSIDE,FULL,,,
SRR33902038,SRR33902038_792084_1,MACROLIDE/STREPTOGRAMIN,macrolide antibiotic; streptogramin antibiotic,MACROLIDE/STREPTOGRAMIN,FULL,,,
SRR33902038,SRR33902038_792084_2,MACROLIDE,macrolide antibiotic,MACROLIDE,FULL,,,
SRR33902038,SRR33902038_913252_2,QUATERNARY AMMONIUM,disinfecting agents and antiseptics,QUATERNARY AMMONIUM,FULL,,,
SRR33902039,SRR33902039_9855_2,TETRACYCLINE,tetracycline antibiotic,TETRACYCLINE,FULL,,,
SRR33902039,SRR33902039_14670_1,TETRACYCLINE,tetracycline antibiotic,TETRACYCLINE,FULL,,,
SRR33902039,SRR33902039_47950_2,AMINOGLYCOSIDE,aminoglycoside antibiotic,AMINOGLYCOSIDE,FULL,,,
SRR33902039,SRR33902039_47950_3,AMINOGLYCOSIDE,aminoglycoside antibiotic,AMINOGLYCOSIDE,FULL,,,
SRR33902039,SRR33902039_160878_1,MACROLIDE,macrolide antibiotic,MACROLIDE,FULL,,,
SRR33902039,SRR33902039_160878_2,MACROLIDE,macrolide antibiotic,MACROLIDE,FULL,,,
SRR33902039,SRR33902039_235612_2,AMINOGLYCOSIDE,aminoglycoside antibiotic,AMINOGLYCOSIDE,FULL,,,
SRR33902039,SRR33902039_661974_2,QUATERNARY AMMONIUM,disinfecting agents and antiseptics,QUATERNARY AMMONIUM,FULL,,,
SRR33902039,SRR33902039_698899_1,MACROLIDE/STREPTOGRAMIN,macrolide antibiotic; streptogramin antibiotic,MACROLIDE/STREPTOGRAMIN,FULL,,,
SRR33902039,SRR33902039_698899_2,MACROLIDE,macrolide antibiotic,MACROLIDE,FULL,,,
SRR33902039,SRR33902039_847049_1,PHENICOL,phenicol antibiotic,PHENICOL,FULL,,,
SRR33902039,SRR33902039_869756_1,QUATERNARY AMMONIUM,disinfecting agents and antiseptics,QUATERNARY AMMONIUM,FULL,,,
SRR33902039,SRR33902039_913535_1,MACROLIDE,macrolide antibiotic,MACROLIDE,FULL,,,
SRR33902039,SRR33902039_993175_1,TRIMETHOPRIM,diaminopyrimidine antibiotic,TRIMETHOPRIM,FULL,,,
SRR33902040,SRR33902040_36588_2,MACROLIDE,macrolide antibiotic,MACROLIDE,FULL,,,
SRR33902040,SRR33902040_42102_1,PHENICOL,phenicol antibiotic,PHENICOL,FULL,,,
SRR33902040,SRR33902040_42102_2,BETA-LACTAM,penicillin beta-lactam,BETA-LACTAM,FULL,,,
SRR33902040,SRR33902040_59371_1,AMINOGLYCOSIDE,aminoglycoside antibiotic,AMINOGLYCOSIDE,FULL,,,
SRR33902040,SRR33902040_74686_4,QUATERNARY AMMONIUM,disinfecting agents and antiseptics,QUATERNARY AMMONIUM,FULL,,,
SRR33902040,SRR33902040_97339_2,TETRACYCLINE,tetracycline antibiotic,TETRACYCLINE,FULL,,,
SRR33902040,SRR33902040_114714_1,BETA-LACTAM,cephalosporin; penicillin beta-lactam,BETA-LACTAM,FULL,,,
SRR33902040,SRR33902040_175602_1,AMINOGLYCOSIDE,aminoglycoside antibiotic,AMINOGLYCOSIDE,FULL,,,
SRR33902040,SRR33902040_187519_2,TETRACYCLINE,tetracycline antibiotic,TETRACYCLINE,FULL,,,
SRR33902040,SRR33902040_197020_2,TETRACYCLINE,tetracycline antibiotic,TETRACYCLINE,FULL,,,
SRR33902040,SRR33902040_201411_1,AMINOGLYCOSIDE,aminoglycoside antibiotic,AMINOGLYCOSIDE,FULL,,,
SRR33902040,SRR33902040_230937_1,MACROLIDE,macrolide antibiotic,MACROLIDE,FULL,,,
SRR33902040,SRR33902040_230937_2,MACROLIDE/STREPTOGRAMIN,macrolide antibiotic; streptogramin antibiotic,MACROLIDE/STREPTOGRAMIN,FULL,,,
SRR33902040,SRR33902040_382007_1,SULFONAMIDE,sulfonamide antibiotic,SULFONAMIDE,FULL,,,
SRR33902040,SRR33902040_460086_1,FOSFOMYCIN,phosphonic acid antibiotic,FOSFOMYCIN,FULL,,,
SRR33902042,SRR33902042_109096_1,QUATERNARY AMMONIUM,disinfecting agents and antiseptics,QUATERNARY AMMONIUM,FULL,,,
SRR33902047,SRR33902047_365402_3,SULFONAMIDE,sulfonamide antibiotic,SULFONAMIDE,FULL,,,
SRR33902047,SRR33902047_365402_4,QUATERNARY AMMONIUM,disinfecting agents and antiseptics,QUATERNARY AMMONIUM,FULL,,,
SRR33902047,SRR33902047_788545_1,BETA-LACTAM,cephalosporin; penicillin beta-lactam,BETA-LACTAM,FULL,,,
SRR33902048,SRR33902048_28559_4,TETRACYCLINE,tetracycline antibiotic,TETRACYCLINE,FULL,,,
SRR33902048,SRR33902048_62747_3,TETRACYCLINE,tetracycline antibiotic,TETRACYCLINE,FULL,,,
SRR33902048,SRR33902048_308440_1,QUATERNARY AMMONIUM,disinfecting agents and antiseptics,QUATERNARY AMMONIUM,FULL,,,
SRR33902048,SRR33902048_369067_1,QUATERNARY AMMONIUM,disinfecting agents and antiseptics,QUATERNARY AMMONIUM,FULL,,,
SRR33902048,SRR33902048_369067_2,SULFONAMIDE,sulfonamide antibiotic,SULFONAMIDE,FULL,,,
SRR33902048,SRR33902048_429561_2,AMINOGLYCOSIDE,aminoglycoside antibiotic,AMINOGLYCOSIDE,FULL,,,
SRR33902048,SRR33902048_431943_2,BETA-LACTAM,cephalosporin; penicillin beta-lactam,BETA-LACTAM,FULL,,,
SRR33902048,SRR33902048_458003_1,TETRACYCLINE,tetracycline antibiotic,TETRACYCLINE,FULL,,,
SRR33902048,SRR33902048_760922_2,QUATERNARY AMMONIUM,disinfecting agents and antiseptics,QUATERNARY AMMONIUM,FULL,,,
SRR33902049,SRR33902049_17686_4,TETRACYCLINE,tetracycline antibiotic,TETRACYCLINE,FULL,,,
SRR33902049,SRR33902049_47668_2,AMINOGLYCOSIDE,aminoglycoside antibiotic,AMINOGLYCOSIDE,FULL,,,
SRR33902049,SRR33902049_69332_1,AMINOGLYCOSIDE,aminoglycoside antibiotic,AMINOGLYCOSIDE,FULL,,,
SRR33902049,SRR33902049_69332_2,BETA-LACTAM,carbapenem; cephalosporin; penicillin beta-lactam,BETA-LACTAM,FULL,,,
SRR33902049,SRR33902049_101083_1,AMINOGLYCOSIDE,aminoglycoside antibiotic,AMINOGLYCOSIDE,FULL,,,
SRR33902049,SRR33902049_117215_2,QUATERNARY AMMONIUM,disinfecting agents and antiseptics,QUATERNARY AMMONIUM,FULL,,,
SRR34820969,SRR34820969_34388_1,AMINOGLYCOSIDE,aminoglycoside antibiotic,AMINOGLYCOSIDE,FULL,,,
SRR34820971,SRR34820971_119965_1,QUATERNARY AMMONIUM,disinfecting agents and antiseptics,QUATERNARY AMMONIUM,FULL,,,
SRR34820971,SRR34820971_135264_2,FOSFOMYCIN,phosphonic acid antibiotic,FOSFOMYCIN,FULL,,,
SRR34820973,SRR34820973_7708_1,QUATERNARY AMMONIUM,disinfecting agents and antiseptics,QUATERNARY AMMONIUM,FULL,,,
SRR34820978,SRR34820978_175_4,TETRACYCLINE,tetracycline antibiotic,TETRACYCLINE,FULL,,,
SRR34820978,SRR34820978_2008_2,TETRACYCLINE,tetracycline antibiotic,TETRACYCLINE,FULL,,,
SRR34820978,SRR34820978_15605_2,TRIMETHOPRIM,diaminopyrimidine antibiotic,TRIMETHOPRIM,FULL,,,
SRR34820978,SRR34820978_15605_3,AMINOGLYCOSIDE,aminoglycoside antibiotic,AMINOGLYCOSIDE,FULL,,,
SRR34820978,SRR34820978_15605_4,QUATERNARY AMMONIUM,disinfecting agents and antiseptics,QUATERNARY AMMONIUM,FULL,,,
SRR34820978,SRR34820978_15605_5,SULFONAMIDE,sulfonamide antibiotic,SULFONAMIDE,FULL,,,
SRR34820978,SRR34820978_17546_1,AMINOGLYCOSIDE,aminoglycoside antibiotic,AMINOGLYCOSIDE,FULL,,,
SRR34820978,SRR34820978_25205_2,PHENICOL,phenicol antibiotic,PHENICOL,FULL,,,
SRR34820981,SRR34820981_683_1,QUATERNARY AMMONIUM,disinfecting agents and antiseptics,QUATERNARY AMMONIUM,FULL,,,
SRR34820981,SRR34820981_6193_3,BETA-LACTAM,penicillin beta-lactam,BETA-LACTAM,FULL,,,
SRR34820981,SRR34820981_12198_2,SULFONAMIDE,sulfonamide antibiotic,SULFONAMIDE,FULL,,,
SRR34820981,SRR34820981_12198_3,QUATERNARY AMMONIUM,disinfecting agents and antiseptics,QUATERNARY AMMONIUM,FULL,,,
SRR34820981,SRR34820981_12198_4,AMINOGLYCOSIDE,aminoglycoside antibiotic,AMINOGLYCOSIDE,FULL,,,
SRR34820981,SRR34820981_67582_1,FOSFOMYCIN,phosphonic acid antibiotic,FOSFOMYCIN,FULL,,,
SRR34820985,SRR34820985_5109_1,TETRACYCLINE,tetracycline antibiotic,TETRACYCLINE,FULL,,,
SRR34820987,SRR34820987_98786_1,QUATERNARY AMMONIUM,disinfecting agents and antiseptics,QUATERNARY AMMONIUM,FULL,,,
SRR34820989,SRR34820989_4472_1,TETRACYCLINE,tetracycline antibiotic,TETRACYCLINE,FULL,,,
SRR34820989,SRR34820989_32582_2,QUATERNARY AMMONIUM,disinfecting agents and antiseptics,QUATERNARY AMMONIUM,FULL,,,
SRR34820990,SRR34820990_30957_1,FOSFOMYCIN,phosphonic acid antibiotic,FOSFOMYCIN,FULL,,,
SRR34820990,SRR34820990_110291_1,QUATERNARY AMMONIUM,disinfecting agents and antiseptics,QUATERNARY AMMONIUM,FULL,,,
SRR34820991,SRR34820991_30_2,TETRACYCLINE,tetracycline antibiotic,TETRACYCLINE,FULL,,,
SRR34820991,SRR34820991_2157_1,AMINOGLYCOSIDE,aminoglycoside antibiotic,AMINOGLYCOSIDE,FULL,,,
SRR34820991,SRR34820991_10987_1,LINCOSAMIDE,lincosamide antibiotic,LINCOSAMIDE,FULL,,,
SRR34820991,SRR34820991_80702_1,AMINOGLYCOSIDE,aminoglycoside antibiotic,AMINOGLYCOSIDE,FULL,,,
SRR34820991,SRR34820991_89549_1,QUATERNARY AMMONIUM,disinfecting agents and antiseptics,QUATERNARY AMMONIUM,FULL,,,
SRR34820991,SRR34820991_155755_2,QUATERNARY AMMONIUM,disinfecting agents and antiseptics,QUATERNARY AMMONIUM,FULL,,,
SRR34820991,SRR34820991_209930_1,TETRACYCLINE,tetracycline antibiotic,TETRACYCLINE,FULL,,,
SRR34820992,SRR34820992_6882_1,FOSFOMYCIN,phosphonic acid antibiotic,FOSFOMYCIN,FULL,,,
SRR34820992,SRR34820992_9354_1,QUATERNARY AMMONIUM,disinfecting agents and antiseptics,QUATERNARY AMMONIUM,FULL,,,
SRR34820992,SRR34820992_46951_1,QUATERNARY AMMONIUM,disinfecting agents and antiseptics,QUATERNARY AMMONIUM,FULL,,,
SRR34820999,SRR34820999_19460_2,AMINOGLYCOSIDE,aminoglycoside antibiotic,AMINOGLYCOSIDE,FULL,,,
SRR34820999,SRR34820999_31053_1,LINCOSAMIDE/MACROLIDE/STREPTOGRAMIN,macrolide antibiotic; lincosamide antibiotic; streptogramin antibiotic; streptogramin A antibiotic; streptogramin B antibiotic,LINCOSAMIDE/MACROLIDE/STREPTOGRAMIN,FULL,,,
SRR34820999,SRR34820999_58248_2,AMINOGLYCOSIDE,aminoglycoside antibiotic,AMINOGLYCOSIDE,FULL,,,
SRR34820999,SRR34820999_96212_2,AMINOGLYCOSIDE,aminoglycoside antibiotic,AMINOGLYCOSIDE,FULL,,,
SRR34821001,SRR34821001_61779_1,QUATERNARY AMMONIUM,disinfecting agents and antiseptics,QUATERNARY AMMONIUM,FULL,,,
SRR34821003,SRR34821003_8948_1,TETRACYCLINE,tetracycline antibiotic,TETRACYCLINE,FULL,,,
SRR34821005,SRR34821005_18487_1,TETRACYCLINE,tetracycline antibiotic,TETRACYCLINE,FULL,,,
SRR34821006,SRR34821006_1940_2,AMINOGLYCOSIDE,aminoglycoside antibiotic,AMINOGLYCOSIDE,FULL,,,
SRR34821006,SRR34821006_5162_1,AMINOGLYCOSIDE,aminoglycoside antibiotic,AMINOGLYCOSIDE,FULL,,,
SRR34821006,SRR34821006_5162_2,AMINOGLYCOSIDE,aminoglycoside antibiotic,AMINOGLYCOSIDE,FULL,,,
SRR34821006,SRR34821006_30924_2,BETA-LACTAM,cephalosporin,BETA-LACTAM,FULL,,,
SRR34821006,SRR34821006_59672_1,PHENICOL,phenicol antibiotic,PHENICOL,FULL,,,
SRR34821006,SRR34821006_64448_2,LINCOSAMIDE/MACROLIDE/STREPTOGRAMIN,macrolide antibiotic; lincosamide antibiotic; streptogramin antibiotic; streptogramin A antibiotic; streptogramin B antibiotic,LINCOSAMIDE/MACROLIDE/STREPTOGRAMIN,FULL,,,
SRR34821006,SRR34821006_84733_3,COLISTIN,peptide antibiotic,COLISTIN,FULL,,,
SRR34821006,SRR34821006_118522_2,BETA-LACTAM,monobactam; cephalosporin; penicillin beta-lactam,BETA-LACTAM,FULL,,,
SRR34821006,SRR34821006_147132_1,PHENICOL,phenicol antibiotic,PHENICOL,FULL,,,
SRR34821006,SRR34821006_151357_1,LINCOSAMIDE,lincosamide antibiotic,LINCOSAMIDE,FULL,,,
SRR34821011,SRR34821011_94668_1,QUATERNARY AMMONIUM,disinfecting agents and antiseptics,QUATERNARY AMMONIUM,FULL,,,
SRR34821013,SRR34821013_10244_7,TETRACYCLINE,tetracycline antibiotic,TETRACYCLINE,FULL,,,
SRR34821013,SRR34821013_28215_2,AMINOGLYCOSIDE,aminoglycoside antibiotic,AMINOGLYCOSIDE,FULL,,,
SRR34821014,SRR34821014_65449_2,AMINOGLYCOSIDE,aminoglycoside antibiotic,AMINOGLYCOSIDE,FULL,,,
SRR34821014,SRR34821014_66644_1,LINCOSAMIDE,lincosamide antibiotic,LINCOSAMIDE,FULL,,,
SRR34821014,SRR34821014_147742_1,TETRACYCLINE,tetracycline antibiotic,TETRACYCLINE,FULL,,,
SRR34821015,SRR34821015_21981_5,AMINOGLYCOSIDE,aminoglycoside antibiotic,AMINOGLYCOSIDE,FULL,,,
SRR34821015,SRR34821015_26776_1,AMINOGLYCOSIDE,aminoglycoside antibiotic,AMINOGLYCOSIDE,FULL,,,
SRR34821015,SRR34821015_94092_1,PHENICOL,phenicol antibiotic,PHENICOL,FULL,,,
SRR34821015,SRR34821015_349607_2,LINCOSAMIDE/MACROLIDE/STREPTOGRAMIN,macrolide antibiotic; lincosamide antibiotic; streptogramin antibiotic; streptogramin A antibiotic; streptogramin B antibiotic,LINCOSAMIDE/MACROLIDE/STREPTOGRAMIN,FULL,,,
SRR34821017,SRR34821017_825_1,TETRACYCLINE,tetracycline antibiotic,TETRACYCLINE,FULL,,,
SRR34821018,SRR34821018_50608_1,TETRACYCLINE,tetracycline antibiotic,TETRACYCLINE,FULL,,,
SRR34821018,SRR34821018_57675_2,AMINOGLYCOSIDE,aminoglycoside antibiotic,AMINOGLYCOSIDE,FULL,,,
SRR34821018,SRR34821018_57675_3,AMINOGLYCOSIDE,aminoglycoside antibiotic,AMINOGLYCOSIDE,FULL,,,
SRR34821018,SRR34821018_114331_2,BETA-LACTAM,cephalosporin,BETA-LACTAM,FULL,,,
SRR34821018,SRR34821018_124472_2,BETA-LACTAM,monobactam; cephalosporin; penicillin beta-lactam,BETA-LACTAM,FULL,,,
SRR34821018,SRR34821018_304795_1,AMINOGLYCOSIDE,aminoglycoside antibiotic,AMINOGLYCOSIDE,FULL,,,
SRR34821020,SRR34821020_678_1,LINCOSAMIDE,lincosamide antibiotic,LINCOSAMIDE,FULL,,,
SRR34821020,SRR34821020_4490_1,TETRACYCLINE,tetracycline antibiotic,TETRACYCLINE,FULL,,,
SRR34821020,SRR34821020_8009_3,LINCOSAMIDE/MACROLIDE/STREPTOGRAMIN,macrolide antibiotic; lincosamide antibiotic; streptogramin antibiotic; streptogramin A antibiotic; streptogramin B antibiotic,LINCOSAMIDE/MACROLIDE/STREPTOGRAMIN,FULL,,,
SRR34821020,SRR34821020_27417_1,TETRACYCLINE,tetracycline antibiotic,TETRACYCLINE,FULL,,,
SRR34821020,SRR34821020_47983_1,AMINOGLYCOSIDE,aminoglycoside antibiotic,AMINOGLYCOSIDE,FULL,,,
SRR34821021,SRR34821021_153699_1,AMINOGLYCOSIDE,aminoglycoside antibiotic,AMINOGLYCOSIDE,FULL,,,
SRR34821021,SRR34821021_180189_1,AMINOGLYCOSIDE,aminoglycoside antibiotic,AMINOGLYCOSIDE,FULL,,,
SRR34821021,SRR34821021_706586_1,PHENICOL,phenicol antibiotic,PHENICOL,FULL,,,
SRR34821022,SRR34821022_18038_1,TETRACYCLINE,tetracycline antibiotic,TETRACYCLINE,FULL,,,
SRR34821022,SRR34821022_34285_2,AMINOGLYCOSIDE,aminoglycoside antibiotic,AMINOGLYCOSIDE,FULL,,,
SRR34821022,SRR34821022_42550_1,STREPTOTHRICIN,nucleoside antibiotic,STREPTOTHRICIN,FULL,,,
SRR34821022,SRR34821022_248855_1,LINCOSAMIDE/MACROLIDE/STREPTOGRAMIN,macrolide antibiotic; lincosamide antibiotic; streptogramin antibiotic; streptogramin A antibiotic; streptogramin B antibiotic,LINCOSAMIDE/MACROLIDE/STREPTOGRAMIN,FULL,,,
SRR34821022,SRR34821022_293043_1,LINCOSAMIDE,lincosamide antibiotic,LINCOSAMIDE,FULL,,,
SRR34821024,SRR34821024_4400_4,QUATERNARY AMMONIUM,disinfecting agents and antiseptics,QUATERNARY AMMONIUM,FULL,,,
SRR34821024,SRR34821024_9827_2,AMINOGLYCOSIDE,aminoglycoside antibiotic,AMINOGLYCOSIDE,FULL,,,
SRR34821024,SRR34821024_36270_1,AMINOGLYCOSIDE,aminoglycoside antibiotic,AMINOGLYCOSIDE,FULL,,,
SRR34821024,SRR34821024_36270_2,AMINOGLYCOSIDE,aminoglycoside antibiotic,AMINOGLYCOSIDE,FULL,,,
SRR34821024,SRR34821024_92759_2,FOSFOMYCIN,phosphonic acid antibiotic,FOSFOMYCIN,FULL,,,
SRR34821024,SRR34821024_96648_1,QUATERNARY AMMONIUM,disinfecting agents and antiseptics,QUATERNARY AMMONIUM,FULL,,,
SRR34821025,SRR34821025_42564_2,AMINOGLYCOSIDE,aminoglycoside antibiotic,AMINOGLYCOSIDE,FULL,,,
SRR34821025,SRR34821025_416909_1,AMINOGLYCOSIDE,aminoglycoside antibiotic,AMINOGLYCOSIDE,FULL,,,
SRR34821025,SRR34821025_1079807_1,LINCOSAMIDE,lincosamide antibiotic,LINCOSAMIDE,FULL,,,
SRR34821027,SRR34821027_2595710_2,AMINOGLYCOSIDE,aminoglycoside antibiotic,AMINOGLYCOSIDE,FULL,,,
SRR34821028,SRR34821028_148370_1,AMINOGLYCOSIDE,aminoglycoside antibiotic,AMINOGLYCOSIDE,FULL,,,
SRR34821028,SRR34821028_493686_1,AMINOGLYCOSIDE,aminoglycoside antibiotic,AMINOGLYCOSIDE,FULL,,,
SRR34821029,SRR34821029_93331_1,AMINOGLYCOSIDE,aminoglycoside antibiotic,AMINOGLYCOSIDE,FULL,,,
SRR34821029,SRR34821029_112300_1,PHENICOL,phenicol antibiotic,PHENICOL,FULL,,,
SRR34821031,SRR34821031_2890_4,AMINOGLYCOSIDE,aminoglycoside antibiotic,AMINOGLYCOSIDE,FULL,,,
SRR34821031,SRR34821031_30917_1,AMINOGLYCOSIDE,aminoglycoside antibiotic,AMINOGLYCOSIDE,FULL,,,
SRR34821031,SRR34821031_119303_1,FOSFOMYCIN,phosphonic acid antibiotic,FOSFOMYCIN,FULL,,,
SRR34821031,SRR34821031_881448_1,AMINOGLYCOSIDE,aminoglycoside antibiotic,AMINOGLYCOSIDE,FULL,,,
SRR34821031,SRR34821031_881448_2,AMINOGLYCOSIDE,aminoglycoside antibiotic,AMINOGLYCOSIDE,FULL,,,
SRR34821032,SRR34821032_2769_6,COLISTIN,peptide antibiotic,COLISTIN,FULL,,,
SRR34821032,SRR34821032_19868_1,AMINOGLYCOSIDE,aminoglycoside antibiotic,AMINOGLYCOSIDE,FULL,,,
SRR34821032,SRR34821032_56987_1,AMINOGLYCOSIDE,aminoglycoside antibiotic,AMINOGLYCOSIDE,FULL,,,
SRR34821033,SRR34821033_6356_2,PHENICOL,phenicol antibiotic,PHENICOL,FULL,,,
SRR34821034,SRR34821034_68947_1,AMINOGLYCOSIDE,aminoglycoside antibiotic,AMINOGLYCOSIDE,FULL,,,
SRR34821034,SRR34821034_244515_1,AMINOGLYCOSIDE,aminoglycoside antibiotic,AMINOGLYCOSIDE,FULL,,,
SRR34821034,SRR34821034_244515_2,AMINOGLYCOSIDE,aminoglycoside antibiotic,AMINOGLYCOSIDE,FULL,,,
SRR34821034,SRR34821034_257417_2,PHENICOL,phenicol antibiotic,PHENICOL,FULL,,,
SRR34821034,SRR34821034_417855_1,TETRACYCLINE,tetracycline antibiotic,TETRACYCLINE,FULL,,,
SRR34821035,SRR34821035_4717_2,AMINOGLYCOSIDE,aminoglycoside antibiotic,AMINOGLYCOSIDE,FULL,,,
SRR34821035,SRR34821035_5082_1,TETRACYCLINE,tetracycline antibiotic,TETRACYCLINE,FULL,,,
SRR34821035,SRR34821035_7882_3,FOSFOMYCIN,phosphonic acid antibiotic,FOSFOMYCIN,FULL,,,
SRR34821035,SRR34821035_12105_8,MACROLIDE,macrolide antibiotic,MACROLIDE,FULL,,,
SRR34821035,SRR34821035_12105_18,SULFONAMIDE,sulfonamide antibiotic,SULFONAMIDE,FULL,,,
SRR34821035,SRR34821035_12105_19,QUATERNARY AMMONIUM,disinfecting agents and antiseptics,QUATERNARY AMMONIUM,FULL,,,
SRR34821035,SRR34821035_12105_20,AMINOGLYCOSIDE,aminoglycoside antibiotic,AMINOGLYCOSIDE,FULL,,,
SRR34821035,SRR34821035_12105_21,TRIMETHOPRIM,diaminopyrimidine antibiotic,TRIMETHOPRIM,FULL,,,
SRR34821035,SRR34821035_21089_3,TETRACYCLINE,tetracycline antibiotic,TETRACYCLINE,FULL,,,
SRR34821036,SRR34821036_4449_7,TETRACYCLINE,tetracycline antibiotic,TETRACYCLINE,FULL,,,
SRR34821036,SRR34821036_10140_1,AMINOGLYCOSIDE,aminoglycoside antibiotic,AMINOGLYCOSIDE,FULL,,,
SRR34821036,SRR34821036_14578_2,TRIMETHOPRIM,diaminopyrimidine antibiotic,TRIMETHOPRIM,FULL,,,
SRR34821036,SRR34821036_14578_3,AMINOGLYCOSIDE,aminoglycoside antibiotic,AMINOGLYCOSIDE,FULL,,,
SRR34821036,SRR34821036_14578_4,QUATERNARY AMMONIUM,disinfecting agents and antiseptics,QUATERNARY AMMONIUM,FULL,,,
SRR34821036,SRR34821036_14578_5,SULFONAMIDE,sulfonamide antibiotic,SULFONAMIDE,FULL,,,
SRR34821036,SRR34821036_14578_15,MACROLIDE,macrolide antibiotic,MACROLIDE,FULL,,,
SRR34821036,SRR34821036_35416_5,FOSFOMYCIN,phosphonic acid antibiotic,FOSFOMYCIN,FULL,,,
SRR34821036,SRR34821036_82741_1,AMINOGLYCOSIDE,aminoglycoside antibiotic,AMINOGLYCOSIDE,FULL,,,
SRR34821036,SRR34821036_82741_2,AMINOGLYCOSIDE,aminoglycoside antibiotic,AMINOGLYCOSIDE,FULL,,,
SRR34821037,SRR34821037_78995_1,AMINOGLYCOSIDE,aminoglycoside antibiotic,AMINOGLYCOSIDE,FULL,,,
SRR34821037,SRR34821037_100350_1,TETRACYCLINE,tetracycline antibiotic,TETRACYCLINE,FULL,,,
SRR34821037,SRR34821037_179489_7,MACROLIDE,macrolide antibiotic,MACROLIDE,FULL,,,
SRR34821037,SRR34821037_484339_1,TRIMETHOPRIM,diaminopyrimidine antibiotic,TRIMETHOPRIM,FULL,,,
SRR34821037,SRR34821037_484339_2,AMINOGLYCOSIDE,aminoglycoside antibiotic,AMINOGLYCOSIDE,FULL,,,
SRR34821037,SRR34821037_484339_3,QUATERNARY AMMONIUM,disinfecting agents and antiseptics,QUATERNARY AMMONIUM,FULL,,,
SRR34821037,SRR34821037_484339_4,SULFONAMIDE,sulfonamide antibiotic,SULFONAMIDE,FULL,,,
SRR34821038,SRR34821038_144919_1,MACROLIDE,macrolide antibiotic,MACROLIDE,FULL,,,
SRR34821038,SRR34821038_775656_2,QUATERNARY AMMONIUM,disinfecting agents and antiseptics,QUATERNARY AMMONIUM,FULL,,,
SRR34821038,SRR34821038_1879194_1,FOSFOMYCIN,phosphonic acid antibiotic,FOSFOMYCIN,FULL,,,
SRR34821038,SRR34821038_2223925_1,AMINOGLYCOSIDE,aminoglycoside antibiotic,AMINOGLYCOSIDE,FULL,,,
SRR34821039,SRR34821039_174_2,PHENICOL,phenicol antibiotic,PHENICOL,FULL,,,
SRR34821039,SRR34821039_10164_3,COLISTIN,peptide antibiotic,COLISTIN,FULL,,,
SRR34821039,SRR34821039_29689_1,AMINOGLYCOSIDE,aminoglycoside antibiotic,AMINOGLYCOSIDE,FULL,,,
SRR34821039,SRR34821039_29689_2,AMINOGLYCOSIDE,aminoglycoside antibiotic,AMINOGLYCOSIDE,FULL,,,
SRR34821039,SRR34821039_68325_2,TRIMETHOPRIM,diaminopyrimidine antibiotic,TRIMETHOPRIM,FULL,,,
SRR34821039,SRR34821039_68325_3,AMINOGLYCOSIDE,aminoglycoside antibiotic,AMINOGLYCOSIDE,FULL,,,
SRR34821039,SRR34821039_68325_4,QUATERNARY AMMONIUM,disinfecting agents and antiseptics,QUATERNARY AMMONIUM,FULL,,,
SRR34821039,SRR34821039_68325_5,SULFONAMIDE,sulfonamide antibiotic,SULFONAMIDE,FULL,,,
SRR34821039,SRR34821039_85851_3,AMINOGLYCOSIDE,aminoglycoside antibiotic,AMINOGLYCOSIDE,FULL,,,
SRR34821039,SRR34821039_85851_4,STREPTOTHRICIN,nucleoside antibiotic,STREPTOTHRICIN,FULL,,,
SRR34821039,SRR34821039_85851_5,AMINOGLYCOSIDE,aminoglycoside antibiotic,AMINOGLYCOSIDE,FULL,,,
SRR34821039,SRR34821039_173798_2,LINCOSAMIDE/MACROLIDE/STREPTOGRAMIN,macrolide antibiotic; lincosamide antibiotic; streptogramin antibiotic; streptogramin A antibiotic; streptogramin B antibiotic,LINCOSAMIDE/MACROLIDE/STREPTOGRAMIN,FULL,,,
SRR34821039,SRR34821039_225960_1,TETRACYCLINE,tetracycline antibiotic,TETRACYCLINE,FULL,,,
SRR34821039,SRR34821039_308974_1,TETRACYCLINE,tetracycline antibiotic,TETRACYCLINE,FULL,,,
SRR34821040,SRR34821040_62866_4,AMINOGLYCOSIDE,aminoglycoside antibiotic,AMINOGLYCOSIDE,FULL,,,
SRR34821040,SRR34821040_435171_1,AMINOGLYCOSIDE,aminoglycoside antibiotic,AMINOGLYCOSIDE,FULL,,,
SRR34821040,SRR34821040_435171_2,AMINOGLYCOSIDE,aminoglycoside antibiotic,AMINOGLYCOSIDE,FULL,,,
SRR34821040,SRR34821040_621644_2,AMINOGLYCOSIDE,aminoglycoside antibiotic,AMINOGLYCOSIDE,FULL,,,
SRR34821044,SRR34821044_9296_2,LINCOSAMIDE/MACROLIDE/STREPTOGRAMIN,macrolide antibiotic; lincosamide antibiotic; streptogramin antibiotic; streptogramin A antibiotic; streptogramin B antibiotic,LINCOSAMIDE/MACROLIDE/STREPTOGRAMIN,FULL,,,
SRR34821044,SRR34821044_34221_1,LINCOSAMIDE,lincosamide antibiotic,LINCOSAMIDE,FULL,,,
SRR34821045,SRR34821045_22462_1,QUATERNARY AMMONIUM,disinfecting agents and antiseptics,QUATERNARY AMMONIUM,FULL,,,
SRR34821047,SRR34821047_2391_2,LINCOSAMIDE/MACROLIDE/STREPTOGRAMIN,macrolide antibiotic; lincosamide antibiotic; streptogramin antibiotic; streptogramin A antibiotic; streptogramin B antibiotic,LINCOSAMIDE/MACROLIDE/STREPTOGRAMIN,FULL,,,
SRR34821047,SRR34821047_3037_3,TETRACYCLINE,tetracycline antibiotic,TETRACYCLINE,FULL,,,
SRR34821047,SRR34821047_3037_11,AMINOGLYCOSIDE,aminoglycoside antibiotic,AMINOGLYCOSIDE,FULL,,,
SRR34821047,SRR34821047_3037_12,AMINOGLYCOSIDE,aminoglycoside antibiotic,AMINOGLYCOSIDE,FULL,,,
SRR34821047,SRR34821047_5638_2,TETRACYCLINE,tetracycline antibiotic,TETRACYCLINE,FULL,,,
SRR34821050,SRR34821050_251_2,TETRACYCLINE,tetracycline antibiotic,TETRACYCLINE,FULL,,,
SRR34821050,SRR34821050_6085_4,AMINOGLYCOSIDE,aminoglycoside antibiotic,AMINOGLYCOSIDE,FULL,,,
SRR34821050,SRR34821050_6085_5,AMINOGLYCOSIDE,aminoglycoside antibiotic,AMINOGLYCOSIDE,FULL,,,
SRR34821050,SRR34821050_10793_1,AMINOGLYCOSIDE,aminoglycoside antibiotic,AMINOGLYCOSIDE,FULL,,,
SRR34821050,SRR34821050_27460_3,AMINOGLYCOSIDE,aminoglycoside antibiotic,AMINOGLYCOSIDE,FULL,,,
SRR34821050,SRR34821050_27460_4,STREPTOTHRICIN,nucleoside antibiotic,STREPTOTHRICIN,FULL,,,
SRR34821050,SRR34821050_28821_2,LINCOSAMIDE/MACROLIDE/STREPTOGRAMIN,macrolide antibiotic; lincosamide antibiotic; streptogramin antibiotic; streptogramin A antibiotic; streptogramin B antibiotic,LINCOSAMIDE/MACROLIDE/STREPTOGRAMIN,FULL,,,
SRR34821050,SRR34821050_45120_1,TRIMETHOPRIM,diaminopyrimidine antibiotic,TRIMETHOPRIM,FULL,,,
SRR34821052,SRR34821052_6006_5,QUATERNARY AMMONIUM,disinfecting agents and antiseptics,QUATERNARY AMMONIUM,FULL,,,
SRR34821052,SRR34821052_21708_2,QUATERNARY AMMONIUM,disinfecting agents and antiseptics,QUATERNARY AMMONIUM,FULL,,,
SRR34821053,SRR34821053_21514_1,AMINOGLYCOSIDE,aminoglycoside antibiotic,AMINOGLYCOSIDE,FULL,,,
SRR34821053,SRR34821053_22628_1,QUATERNARY AMMONIUM,disinfecting agents and antiseptics,QUATERNARY AMMONIUM,FULL,,,
SRR34821053,SRR34821053_25554_2,TETRACYCLINE,tetracycline antibiotic,TETRACYCLINE,FULL,,,
SRR34821054,SRR34821054_2569_1,FOSFOMYCIN,phosphonic acid antibiotic,FOSFOMYCIN,FULL,,,
SRR34821054,SRR34821054_41186_1,QUATERNARY AMMONIUM,disinfecting agents and antiseptics,QUATERNARY AMMONIUM,FULL,,,
SRR34821054,SRR34821054_124896_1,QUATERNARY AMMONIUM,disinfecting agents and antiseptics,QUATERNARY AMMONIUM,FULL,,,
SRR34821056,SRR34821056_31400_2,LINCOSAMIDE/MACROLIDE/STREPTOGRAMIN,macrolide antibiotic; lincosamide antibiotic; streptogramin antibiotic; streptogramin A antibiotic; streptogramin B antibiotic,LINCOSAMIDE/MACROLIDE/STREPTOGRAMIN,FULL,,,
SRR34821057,SRR34821057_7548_1,TETRACYCLINE,tetracycline antibiotic,TETRACYCLINE,FULL,,,
SRR34821060,SRR34821060_3908_3,TETRACYCLINE,tetracycline antibiotic,TETRACYCLINE,FULL,,,
SRR34821060,SRR34821060_16248_1,STREPTOTHRICIN,nucleoside antibiotic,STREPTOTHRICIN,FULL,,,
SRR34821063,SRR34821063_13447_1,FOSFOMYCIN,phosphonic acid antibiotic,FOSFOMYCIN,FULL,,,
SRR34821071,SRR34821071_5411_1,TETRACYCLINE,tetracycline antibiotic,TETRACYCLINE,FULL,,,
SRR34821074,SRR34821074_1897_4,SULFONAMIDE,sulfonamide antibiotic,SULFONAMIDE,FULL,,,
SRR34821074,SRR34821074_3203_11,NITROFURAN/PHENICOL/QUINOLONE/TETRACYCLINE,fluoroquinolone antibiotic; tetracycline antibiotic,QUINOLONE/TETRACYCLINE,PARTIAL,NITROFURAN/PHENICOL,,
SRR34821074,SRR34821074_6932_6,COLISTIN,peptide antibiotic,COLISTIN,FULL,,,
SRR34821074,SRR34821074_13635_7,AMINOGLYCOSIDE,aminoglycoside antibiotic,AMINOGLYCOSIDE,FULL,,,
SRR34821074,SRR34821074_23587_1,AMINOGLYCOSIDE,aminoglycoside antibiotic,AMINOGLYCOSIDE,FULL,,,
SRR34821074,SRR34821074_34125_2,AMINOGLYCOSIDE,aminoglycoside antibiotic,AMINOGLYCOSIDE,FULL,,,
SRR34821074,SRR34821074_34125_3,STREPTOTHRICIN,nucleoside antibiotic,STREPTOTHRICIN,FULL,,,
SRR34821074,SRR34821074_34125_4,AMINOGLYCOSIDE,aminoglycoside antibiotic,AMINOGLYCOSIDE,FULL,,,
SRR34821074,SRR34821074_34532_1,TETRACYCLINE,tetracycline antibiotic,TETRACYCLINE,FULL,,,
SRR34821077,SRR34821077_1406_2,TETRACYCLINE,tetracycline antibiotic,TETRACYCLINE,FULL,,,
SRR34821077,SRR34821077_21256_1,QUATERNARY AMMONIUM,disinfecting agents and antiseptics,QUATERNARY AMMONIUM,FULL,,,
SRR34821079,SRR34821079_17524_1,AMINOGLYCOSIDE,aminoglycoside antibiotic,AMINOGLYCOSIDE,FULL,,,
SRR4075511,SRR4075511_1316_4,TETRACYCLINE,tetracycline antibiotic,TETRACYCLINE,FULL,,,
SRR4075511,SRR4075511_1445_1,PHENICOL,phenicol antibiotic,PHENICOL,FULL,,,
SRR4075511,SRR4075511_7655_1,AMINOGLYCOSIDE,aminoglycoside antibiotic,AMINOGLYCOSIDE,FULL,,,
SRR4075511,SRR4075511_16000_1,LINCOSAMIDE,lincosamide antibiotic,LINCOSAMIDE,FULL,,,
SRR4075512,SRR4075512_281_3,PHENICOL,phenicol antibiotic,PHENICOL,FULL,,,
SRR4075512,SRR4075512_943_3,AMINOGLYCOSIDE,aminoglycoside antibiotic,AMINOGLYCOSIDE,FULL,,,
SRR4075512,SRR4075512_4545_3,TETRACYCLINE,tetracycline antibiotic,TETRACYCLINE,FULL,,,
SRR4075512,SRR4075512_7610_1,LINCOSAMIDE,lincosamide antibiotic,LINCOSAMIDE,FULL,,,
SRR4075513,SRR4075513_423_2,AMINOGLYCOSIDE,aminoglycoside antibiotic,AMINOGLYCOSIDE,FULL,,,
SRR4075513,SRR4075513_795_2,TETRACYCLINE,tetracycline antibiotic,TETRACYCLINE,FULL,,,
SRR4075513,SRR4075513_4934_1,LINCOSAMIDE,lincosamide antibiotic,LINCOSAMIDE,FULL,,,
SRR4075513,SRR4075513_6806_1,AMINOGLYCOSIDE,aminoglycoside antibiotic,AMINOGLYCOSIDE,FULL,,,
SRR4075514,SRR4075514_1568_3,AMINOGLYCOSIDE,aminoglycoside antibiotic,AMINOGLYCOSIDE,FULL,,,
SRR4075514,SRR4075514_8824_1,LINCOSAMIDE,lincosamide antibiotic,LINCOSAMIDE,FULL,,,
SRR4075515,SRR4075515_1334_5,TETRACYCLINE,tetracycline antibiotic,TETRACYCLINE,FULL,,,
SRR4075515,SRR4075515_3714_2,AMINOGLYCOSIDE,aminoglycoside antibiotic,AMINOGLYCOSIDE,FULL,,,
SRR4075515,SRR4075515_10597_1,LINCOSAMIDE,lincosamide antibiotic,LINCOSAMIDE,FULL,,,
SRR4075517,SRR4075517_7283_2,LINCOSAMIDE,lincosamide antibiotic,LINCOSAMIDE,FULL,,,
SRR4075517,SRR4075517_11105_1,TETRACYCLINE,tetracycline antibiotic,TETRACYCLINE,FULL,,,
SRR4075524,SRR4075524_843_6,AMINOGLYCOSIDE,aminoglycoside antibiotic,AMINOGLYCOSIDE,FULL,,,
SRR4075525,SRR4075525_787_1,BETA-LACTAM,penicillin beta-lactam,BETA-LACTAM,FULL,,,
SRR4075525,SRR4075525_4924_1,TETRACYCLINE,tetracycline antibiotic,TETRACYCLINE,FULL,,,
SRR4101292,SRR4101292_958_1,AMINOGLYCOSIDE,aminoglycoside antibiotic,AMINOGLYCOSIDE,FULL,,,
SRR4101292,SRR4101292_958_2,AMINOGLYCOSIDE,aminoglycoside antibiotic,AMINOGLYCOSIDE,FULL,,,
SRR4101292,SRR4101292_958_3,SULFONAMIDE,sulfonamide antibiotic,SULFONAMIDE,FULL,,,
SRR4101292,SRR4101292_1085_1,TETRACYCLINE,tetracycline antibiotic,TETRACYCLINE,FULL,,,
SRR4101300,SRR4101300_8726_6,BETA-LACTAM,cephalosporin; penicillin beta-lactam,BETA-LACTAM,FULL,,,
SRR4101304,SRR4101304_3490_3,COLISTIN,peptide antibiotic,COLISTIN,FULL,,,
SRR4101306,SRR4101306_448_6,QUATERNARY AMMONIUM,disinfecting agents and antiseptics,QUATERNARY AMMONIUM,FULL,,,
SRR4101306,SRR4101306_1098_3,SULFONAMIDE,sulfonamide antibiotic,SULFONAMIDE,FULL,,,
SRR4101306,SRR4101306_1098_5,AMINOGLYCOSIDE,aminoglycoside antibiotic,AMINOGLYCOSIDE,FULL,,,
SRR4101306,SRR4101306_2053_5,BETA-LACTAM,cephalosporin; penicillin beta-lactam,BETA-LACTAM,FULL,,,
SRR4101306,SRR4101306_2278_3,TETRACYCLINE,tetracycline antibiotic,TETRACYCLINE,FULL,,,
SRR4101306,SRR4101306_3199_1,BETA-LACTAM,monobactam; cephalosporin; penicillin beta-lactam,BETA-LACTAM,FULL,,,
SRR4101307,SRR4101307_629_3,BETA-LACTAM,cephalosporin; penicillin beta-lactam,BETA-LACTAM,FULL,,,
SRR4101307,SRR4101307_975_3,TETRACYCLINE,tetracycline antibiotic,TETRACYCLINE,FULL,,,
SRR4101307,SRR4101307_1030_1,AMINOGLYCOSIDE,aminoglycoside antibiotic,AMINOGLYCOSIDE,FULL,,,
SRR4101307,SRR4101307_1030_3,SULFONAMIDE,sulfonamide antibiotic,SULFONAMIDE,FULL,,,
SRR4101307,SRR4101307_2796_2,QUATERNARY AMMONIUM,disinfecting agents and antiseptics,QUATERNARY AMMONIUM,FULL,,,
SRR4101307,SRR4101307_2796_3,TRIMETHOPRIM,diaminopyrimidine antibiotic,TRIMETHOPRIM,FULL,,,
SRR4101307,SRR4101307_10748_2,BETA-LACTAM,monobactam; cephalosporin; penicillin beta-lactam,BETA-LACTAM,FULL,,,
SRR4101308,SRR4101308_167_3,TETRACYCLINE,tetracycline antibiotic,TETRACYCLINE,FULL,,,
SRR4101308,SRR4101308_386_3,SULFONAMIDE,sulfonamide antibiotic,SULFONAMIDE,FULL,,,
SRR4101308,SRR4101308_386_5,AMINOGLYCOSIDE,aminoglycoside antibiotic,AMINOGLYCOSIDE,FULL,,,
SRR4101308,SRR4101308_531_2,QUATERNARY AMMONIUM,disinfecting agents and antiseptics,QUATERNARY AMMONIUM,FULL,,,
SRR4101308,SRR4101308_531_3,TRIMETHOPRIM,diaminopyrimidine antibiotic,TRIMETHOPRIM,FULL,,,
SRR4101308,SRR4101308_1104_5,BETA-LACTAM,cephalosporin; penicillin beta-lactam,BETA-LACTAM,FULL,,,
SRR4101308,SRR4101308_1709_1,BETA-LACTAM,monobactam; cephalosporin; penicillin beta-lactam,BETA-LACTAM,FULL,,,
SRR4101324,SRR4101324_112_16,SULFONAMIDE,sulfonamide antibiotic,SULFONAMIDE,FULL,,,
SRR4101324,SRR4101324_112_17,AMINOGLYCOSIDE,aminoglycoside antibiotic,AMINOGLYCOSIDE,FULL,,,
SRR4101324,SRR4101324_112_18,AMINOGLYCOSIDE,aminoglycoside antibiotic,AMINOGLYCOSIDE,FULL,,,
SRR4101324,SRR4101324_112_21,TETRACYCLINE,tetracycline antibiotic,TETRACYCLINE,FULL,,,
SRR4875278,SRR4875278_745_1,QUATERNARY AMMONIUM,disinfecting agents and antiseptics,QUATERNARY AMMONIUM,FULL,,,
SRR4875279,SRR4875279_865_2,FOSFOMYCIN,phosphonic acid antibiotic,FOSFOMYCIN,FULL,,,
SRR4875279,SRR4875279_3972_1,QUATERNARY AMMONIUM,disinfecting agents and antiseptics,QUATERNARY AMMONIUM,FULL,,,
SRR4875279,SRR4875279_5405_1,TETRACYCLINE,tetracycline antibiotic,TETRACYCLINE,FULL,,,
SRR4875279,SRR4875279_21294_2,TETRACYCLINE,tetracycline antibiotic,TETRACYCLINE,FULL,,,
SRR4875279,SRR4875279_26697_1,LINCOSAMIDE,lincosamide antibiotic,LINCOSAMIDE,FULL,,,
SRR4875279,SRR4875279_31621_6,QUATERNARY AMMONIUM,disinfecting agents and antiseptics,QUATERNARY AMMONIUM,FULL,,,
SRR4875279,SRR4875279_33893_1,QUATERNARY AMMONIUM,disinfecting agents and antiseptics,QUATERNARY AMMONIUM,FULL,,,
SRR4875279,SRR4875279_40317_1,QUATERNARY AMMONIUM,disinfecting agents and antiseptics,QUATERNARY AMMONIUM,FULL,,,
SRR4875279,SRR4875279_54421_1,FOSFOMYCIN,phosphonic acid antibiotic,FOSFOMYCIN,FULL,,,
SRR4875284,SRR4875284_1726_4,TETRACYCLINE,tetracycline antibiotic,TETRACYCLINE,FULL,,,
SRR4875284,SRR4875284_5963_2,QUATERNARY AMMONIUM,disinfecting agents and antiseptics,QUATERNARY AMMONIUM,FULL,,,
SRR4875284,SRR4875284_11514_1,QUATERNARY AMMONIUM,disinfecting agents and antiseptics,QUATERNARY AMMONIUM,FULL,,,
SRR4875284,SRR4875284_12790_1,BETA-LACTAM,penicillin beta-lactam,BETA-LACTAM,FULL,,,
SRR4875284,SRR4875284_16995_1,FOSFOMYCIN,phosphonic acid antibiotic,FOSFOMYCIN,FULL,,,
SRR4875284,SRR4875284_18132_1,TETRACYCLINE,tetracycline antibiotic,TETRACYCLINE,FULL,,,
SRR4875284,SRR4875284_46612_6,QUATERNARY AMMONIUM,disinfecting agents and antiseptics,QUATERNARY AMMONIUM,FULL,,,
SRR4875284,SRR4875284_55088_1,PHENICOL,phenicol antibiotic,PHENICOL,FULL,,,
SRR4875285,SRR4875285_14254_1,TETRACYCLINE,tetracycline antibiotic,TETRACYCLINE,FULL,,,
SRR4875285,SRR4875285_45411_2,TETRACYCLINE,tetracycline antibiotic,TETRACYCLINE,FULL,,,
SRR4875285,SRR4875285_48700_2,FOSFOMYCIN,phosphonic acid antibiotic,FOSFOMYCIN,FULL,,,
SRR4875285,SRR4875285_58301_1,LINCOSAMIDE,lincosamide antibiotic,LINCOSAMIDE,FULL,,,
SRR4875285,SRR4875285_67691_1,QUATERNARY AMMONIUM,disinfecting agents and antiseptics,QUATERNARY AMMONIUM,FULL,,,
SRR4875285,SRR4875285_115347_2,QUATERNARY AMMONIUM,disinfecting agents and antiseptics,QUATERNARY AMMONIUM,FULL,,,
SRR4875285,SRR4875285_245558_1,FOSFOMYCIN,phosphonic acid antibiotic,FOSFOMYCIN,FULL,,,
SRR4875288,SRR4875288_653_1,TETRACYCLINE,tetracycline antibiotic,TETRACYCLINE,FULL,,,
SRR4875288,SRR4875288_1188_1,FOSFOMYCIN,phosphonic acid antibiotic,FOSFOMYCIN,FULL,,,
SRR4875288,SRR4875288_2173_2,TETRACYCLINE,tetracycline antibiotic,TETRACYCLINE,FULL,,,
SRR4875288,SRR4875288_2626_1,QUATERNARY AMMONIUM,disinfecting agents and antiseptics,QUATERNARY AMMONIUM,FULL,,,
SRR4875292,SRR4875292_14443_1,FOSFOMYCIN,phosphonic acid antibiotic,FOSFOMYCIN,FULL,,,
SRR4875292,SRR4875292_23191_1,QUATERNARY AMMONIUM,disinfecting agents and antiseptics,QUATERNARY AMMONIUM,FULL,,,
SRR4875292,SRR4875292_42208_4,TETRACYCLINE,tetracycline antibiotic,TETRACYCLINE,FULL,,,
SRR4875292,SRR4875292_63469_1,QUATERNARY AMMONIUM,disinfecting agents and antiseptics,QUATERNARY AMMONIUM,FULL,,,
SRR4875292,SRR4875292_99878_1,TETRACYCLINE,tetracycline antibiotic,TETRACYCLINE,FULL,,,
SRR4875292,SRR4875292_539600_2,QUATERNARY AMMONIUM,disinfecting agents and antiseptics,QUATERNARY AMMONIUM,FULL,,,
SRR6486880,SRR6486880_4530_5,BETA-LACTAM,cephalosporin; penicillin beta-lactam,BETA-LACTAM,FULL,,,
SRR6486881,SRR6486881_38645_1,FOSFOMYCIN,phosphonic acid antibiotic,FOSFOMYCIN,FULL,,,
SRR6486882,SRR6486882_3692_2,TETRACYCLINE,tetracycline antibiotic,TETRACYCLINE,FULL,,,
SRR6486882,SRR6486882_3692_5,AMINOGLYCOSIDE,aminoglycoside antibiotic,AMINOGLYCOSIDE,FULL,,,
SRR6486882,SRR6486882_3692_7,SULFONAMIDE,sulfonamide antibiotic,SULFONAMIDE,FULL,,,
SRR6486887,SRR6486887_9201_3,FOSFOMYCIN,phosphonic acid antibiotic,FOSFOMYCIN,FULL,,,
SRR6486889,SRR6486889_177_6,COLISTIN,peptide antibiotic,COLISTIN,FULL,,,
SRR6514657,SRR6514657_2144_3,TETRACYCLINE,tetracycline antibiotic,TETRACYCLINE,FULL,,,
SRR6514657,SRR6514657_34610_3,TETRACYCLINE,tetracycline antibiotic,TETRACYCLINE,FULL,,,
SRR6514658,SRR6514658_8748_3,TETRACYCLINE,tetracycline antibiotic,TETRACYCLINE,FULL,,,
SRR6514661,SRR6514661_3169_3,TETRACYCLINE,tetracycline antibiotic,TETRACYCLINE,FULL,,,
SRR6514662,SRR6514662_1423_3,TETRACYCLINE,tetracycline antibiotic,TETRACYCLINE,FULL,,,
SRR6514665,SRR6514665_4227_3,TETRACYCLINE,tetracycline antibiotic,TETRACYCLINE,FULL,,,
SRR6514665,SRR6514665_54875_1,AMINOGLYCOSIDE,aminoglycoside antibiotic,AMINOGLYCOSIDE,FULL,,,
SRR6514687,SRR6514687_2125_1,TETRACYCLINE,tetracycline antibiotic,TETRACYCLINE,FULL,,,
SRR6514687,SRR6514687_2125_4,AMINOGLYCOSIDE,aminoglycoside antibiotic,AMINOGLYCOSIDE,FULL,,,
SRR6514687,SRR6514687_2125_5,AMINOGLYCOSIDE,aminoglycoside antibiotic,AMINOGLYCOSIDE,FULL,,,
SRR6514687,SRR6514687_2125_6,SULFONAMIDE,sulfonamide antibiotic,SULFONAMIDE,FULL,,,
SRR6514687,SRR6514687_2125_7,BETA-LACTAM,monobactam; cephalosporin; penicillin beta-lactam,BETA-LACTAM,FULL,,,
SRR6514689,SRR6514689_4746_3,TETRACYCLINE,tetracycline antibiotic,TETRACYCLINE,FULL,,,
SRR6680337,SRR6680337_90934_2,FOSFOMYCIN,phosphonic acid antibiotic,FOSFOMYCIN,FULL,,,
SRR6680337,SRR6680337_92343_1,FOSFOMYCIN,phosphonic acid antibiotic,FOSFOMYCIN,FULL,,,
SRR6680341,SRR6680341_44793_1,FOSFOMYCIN,phosphonic acid antibiotic,FOSFOMYCIN,FULL,,,
SRR6680342,SRR6680342_27341_4,FOSFOMYCIN,phosphonic acid antibiotic,FOSFOMYCIN,FULL,,,
SRR6680342,SRR6680342_161700_3,FOSFOMYCIN,phosphonic acid antibiotic,FOSFOMYCIN,FULL,,,
SRR6685438,SRR6685438_148893_1,FOSFOMYCIN,phosphonic acid antibiotic,FOSFOMYCIN,FULL,,,
SRR7414908,SRR7414908_21626_3,AMINOGLYCOSIDE,aminoglycoside antibiotic,AMINOGLYCOSIDE,FULL,,,
SRR7414929,SRR7414929_197358_2,QUATERNARY AMMONIUM,disinfecting agents and antiseptics,QUATERNARY AMMONIUM,FULL,,,
SRR7587238,SRR7587238_168616_3,PHENICOL,phenicol antibiotic,PHENICOL,FULL,,,
SRR7587239,SRR7587239_19902_3,PHENICOL,phenicol antibiotic,PHENICOL,FULL,,,
SRR765683,SRR765683_13833_2,QUATERNARY AMMONIUM,disinfecting agents and antiseptics,QUATERNARY AMMONIUM,FULL,,,
SRR765684,SRR765684_68645_2,FOSFOMYCIN,phosphonic acid antibiotic,FOSFOMYCIN,FULL,,,
SRR765686,SRR765686_16464_2,QUATERNARY AMMONIUM,disinfecting agents and antiseptics,QUATERNARY AMMONIUM,FULL,,,
SRR8830666,SRR8830666_844_1,TETRACYCLINE,tetracycline antibiotic,TETRACYCLINE,FULL,,,
SRR8830666,SRR8830666_5105_6,FOSFOMYCIN,phosphonic acid antibiotic,FOSFOMYCIN,FULL,,,
SRR8830666,SRR8830666_7577_1,LINCOSAMIDE,lincosamide antibiotic,LINCOSAMIDE,FULL,,,
SRR8830668,SRR8830668_1162_2,FOSFOMYCIN,phosphonic acid antibiotic,FOSFOMYCIN,FULL,,,
SRR8830668,SRR8830668_3735_1,LINCOSAMIDE,lincosamide antibiotic,LINCOSAMIDE,FULL,,,
SRR8830669,SRR8830669_280_7,GLYCOPEPTIDE,glycopeptide antibiotic,GLYCOPEPTIDE,FULL,,,
SRR8830669,SRR8830669_46925_4,MACROLIDE,macrolide antibiotic,MACROLIDE,FULL,,,
SRR9640343,SRR9640343_109278_1,BETA-LACTAM,monobactam; cephalosporin; penicillin beta-lactam,BETA-LACTAM,FULL,,,
SRR9640346,SRR9640346_126552_2,BETA-LACTAM,monobactam; cephalosporin; penicillin beta-lactam,BETA-LACTAM,FULL,,,
SRR9640347,SRR9640347_44652_1,BETA-LACTAM,monobactam; cephalosporin; penicillin beta-lactam,BETA-LACTAM,FULL,,,
SRR9640348,SRR9640348_2250_1,BETA-LACTAM,monobactam; cephalosporin; penicillin beta-lactam,BETA-LACTAM,FULL,,,
SRR9640354,SRR9640354_59489_1,BETA-LACTAM,monobactam; cephalosporin; penicillin beta-lactam,BETA-LACTAM,FULL,,,
SRR9640355,SRR9640355_36344_1,BETA-LACTAM,monobactam; cephalosporin; penicillin beta-lactam,BETA-LACTAM,FULL,,,
SRR9640356,SRR9640356_30542_2,BETA-LACTAM,monobactam; cephalosporin; penicillin beta-lactam,BETA-LACTAM,FULL,,,
SRR9646966,SRR9646966_30030_1,BETA-LACTAM,monobactam; cephalosporin; penicillin beta-lactam,BETA-LACTAM,FULL,,,